event_id,server_time,ea_version,symbol,broker_server,sl_tp_model,rule_id,event,zone_id,trend_state,signal_type,entry_type,breakout_id,parent_breakout_id,requested_price,fill_price,sl,tp,order_ticket,deal_ticket,position_ticket,gap_below,gap_above,nearest_gap,reason_error
E1,2026.07.29 23:59:59.426,2.10-ROBUST-FINAL,XAUUSD!,Opogroup-Server1,MVP_SIMPLE_EXPLICIT_ROBUST,a-4,TF_VALIDATED,,TREND_NONE,,,,,0.00,0.00,0.00,0.00,0,0,0,N/A,N/A,N/A,M15
E2,2026.07.29 23:59:59.426,2.10-ROBUST-FINAL,XAUUSD!,Opogroup-Server1,MVP_SIMPLE_EXPLICIT_ROBUST,S1-HEDGING,ACCOUNT_MODE_VALIDATED,,TREND_NONE,,,,,0.00,0.00,0.00,0.00,0,0,0,N/A,N/A,N/A,Hedging
E3,2026.07.29 23:59:59.426,2.10-ROBUST-FINAL,XAUUSD!,Opogroup-Server1,MVP_SIMPLE_EXPLICIT_ROBUST,b-21/b-22/TEST-HARNESS,VOLUME_SET,,TREND_NONE,,,,,0.01,1.00,0.00,0.00,0,0,0,N/A,N/A,N/A,test volume=0.0100; $1 move PnL=1.0000; baseline 0.01 lot preserved when input=0.01
E4,2026.07.29 23:59:59.426,2.10-ROBUST-FINAL,XAUUSD!,Opogroup-Server1,MVP_SIMPLE_EXPLICIT_ROBUST,a-5,ZONES_LOADED,,TREND_NONE,,,,,0.00,0.00,0.00,0.00,0,0,0,N/A,N/A,N/A,raw_valid_rows=444
E5,2026.07.29 23:59:59.426,2.10-ROBUST-FINAL,XAUUSD!,Opogroup-Server1,MVP_SIMPLE_EXPLICIT_ROBUST,AR-SESSION-01,SESSION_SCHEDULE,,TREND_NONE,,Telemetry,,,0.00,0.00,0.00,0.00,0,0,0,N/A,N/A,N/A,mode=ALL_FLAT day=MONDAY day_index=1 session_index=0 raw_from=01:00:00 raw_to=00:00:00 from_sec=3600 to_sec=0
E6,2026.07.29 23:59:59.426,2.10-ROBUST-FINAL,XAUUSD!,Opogroup-Server1,MVP_SIMPLE_EXPLICIT_ROBUST,AR-SESSION-01,SESSION_SCHEDULE,,TREND_NONE,,Telemetry,,,0.00,0.00,0.00,0.00,0,0,0,N/A,N/A,N/A,mode=ALL_FLAT day=TUESDAY day_index=2 session_index=0 raw_from=01:00:00 raw_to=00:00:00 from_sec=3600 to_sec=0
E7,2026.07.29 23:59:59.426,2.10-ROBUST-FINAL,XAUUSD!,Opogroup-Server1,MVP_SIMPLE_EXPLICIT_ROBUST,AR-SESSION-01,SESSION_SCHEDULE,,TREND_NONE,,Telemetry,,,0.00,0.00,0.00,0.00,0,0,0,N/A,N/A,N/A,mode=ALL_FLAT day=WEDNESDAY day_index=3 session_index=0 raw_from=01:00:00 raw_to=00:00:00 from_sec=3600 to_sec=0
E8,2026.07.29 23:59:59.426,2.10-ROBUST-FINAL,XAUUSD!,Opogroup-Server1,MVP_SIMPLE_EXPLICIT_ROBUST,AR-SESSION-01,SESSION_SCHEDULE,,TREND_NONE,,Telemetry,,,0.00,0.00,0.00,0.00,0,0,0,N/A,N/A,N/A,mode=ALL_FLAT day=THURSDAY day_index=4 session_index=0 raw_from=01:00:00 raw_to=00:00:00 from_sec=3600 to_sec=0
E9,2026.07.29 23:59:59.426,2.10-ROBUST-FINAL,XAUUSD!,Opogroup-Server1,MVP_SIMPLE_EXPLICIT_ROBUST,AR-SESSION-01,SESSION_SCHEDULE,,TREND_NONE,,Telemetry,,,0.00,0.00,0.00,0.00,0,0,0,N/A,N/A,N/A,mode=ALL_FLAT day=FRIDAY day_index=5 session_index=0 raw_from=01:00:00 raw_to=23:55:00 from_sec=3600 to_sec=86100
E10,2026.07.29 23:59:59.426,2.10-ROBUST-FINAL,XAUUSD!,Opogroup-Server1,MVP_SIMPLE_EXPLICIT_ROBUST,a-5/a-11,ZONES_LOADED,,TREND_NONE,,,,,0.00,0.00,0.00,0.00,0,0,0,N/A,N/A,N/A,day=2026.07.29 final_zone_count=12
E11,2026.07.29 23:59:59.426,2.10-ROBUST-FINAL,XAUUSD!,Opogroup-Server1,MVP_SIMPLE_EXPLICIT_ROBUST,trend-1,TREND_REFERENCE_UPDATED,,TREND_NONE,,,,,4042.66,4069.31,0.00,0.00,0,0,0,N/A,N/A,N/A,High[1..3]/Low[1..3]
E12,2026.07.29 23:59:59.426,2.10-ROBUST-FINAL,XAUUSD!,Opogroup-Server1,MVP_SIMPLE_EXPLICIT_ROBUST,MVP-SIMPLE/AR-SESSION-01/AR-RISK-01,EA_INITIALIZED,,TREND_NONE,,,,,0.00,0.00,0.00,0.00,0,0,0,N/A,N/A,N/A,version=2.10 profile=EXPLICIT_ROBUST session_mode=ALL_FLAT preclose_minutes=5.00 profile_high_max=2 high_sl_multiplier=1.50 max_live=3 volume=0.0100 initial_deposit=10000.00 risk_mode=GROSS_DAILY risk_pct=30.00 zones=12
E13,2026.07.30 01:00:00.374,2.10-ROBUST-FINAL,XAUUSD!,Opogroup-Server1,MVP_SIMPLE_EXPLICIT_ROBUST,AR-SESSION-01,SESSION_WINDOW_ACTIVE,,TREND_NONE,,Telemetry,,,0.00,0.00,0.00,0.00,0,0,0,N/A,N/A,N/A,mode=ALL_FLAT day=THURSDAY session_index=0 from=2026.07.30 01:00:00 to=2026.07.31 00:00:00
E14,2026.07.30 01:00:00.374,2.10-ROBUST-FINAL,XAUUSD!,Opogroup-Server1,MVP_SIMPLE_EXPLICIT_ROBUST,a-1/a-2/a-3,CANDLE_CLASSIFIED,,TREND_NONE,,,,,4067.36,4066.30,4063.45,4070.16,0,0,0,N/A,N/A,N/A,bar=2026.07.29 23:45 class=BEARISH
E15,2026.07.30 01:00:00.374,2.10-ROBUST-FINAL,XAUUSD!,Opogroup-Server1,MVP_SIMPLE_EXPLICIT_ROBUST,a-8/a-9,ZONE_MERGED,R8&R9,TREND_NONE,,,,,4063.00,4064.00,4063.00,4066.00,0,0,0,N/A,N/A,N/A,gap=1.00
E16,2026.07.30 01:00:00.374,2.10-ROBUST-FINAL,XAUUSD!,Opogroup-Server1,MVP_SIMPLE_EXPLICIT_ROBUST,a-8/a-9,ZONE_MERGED,R13&R14,TREND_NONE,,,,,4114.00,4116.00,4114.00,4118.00,0,0,0,N/A,N/A,N/A,gap=0.00
E17,2026.07.30 01:00:00.374,2.10-ROBUST-FINAL,XAUUSD!,Opogroup-Server1,MVP_SIMPLE_EXPLICIT_ROBUST,a-8/a-9,ZONE_MERGED,R20&R21,TREND_NONE,,,,,4191.00,4192.00,4191.00,4194.00,0,0,0,N/A,N/A,N/A,gap=1.00
E18,2026.07.30 01:00:00.374,2.10-ROBUST-FINAL,XAUUSD!,Opogroup-Server1,MVP_SIMPLE_EXPLICIT_ROBUST,a-5/a-11,ZONES_LOADED,,TREND_NONE,,,,,0.00,0.00,0.00,0.00,0,0,0,N/A,N/A,N/A,day=2026.07.30 final_zone_count=19
E19,2026.07.30 01:00:00.374,2.10-ROBUST-FINAL,XAUUSD!,Opogroup-Server1,MVP_SIMPLE_EXPLICIT_ROBUST,trend-1,TREND_REFERENCE_UPDATED,,TREND_NONE,,,,,4043.83,4070.16,0.00,0.00,0,0,0,N/A,N/A,N/A,High[1..3]/Low[1..3]
E20,2026.07.30 01:00:00.840,2.10-ROBUST-FINAL,XAUUSD!,Opogroup-Server1,MVP_SIMPLE_EXPLICIT_ROBUST,b-3,ZONE_ENGAGED,R8&R9,TREND_NONE,,,,,4062.86,0.00,0.00,0.00,0,0,0,23.00,2.00,2.00,entered/crossed zone from above
E21,2026.07.30 01:00:00.918,2.10-ROBUST-FINAL,XAUUSD!,Opogroup-Server1,MVP_SIMPLE_EXPLICIT_ROBUST,b-3,ZONE_ENGAGED,R8&R9,TREND_NONE,,,,,4063.19,0.00,0.00,0.00,0,0,0,23.00,2.00,2.00,entered/crossed zone from below
E22,2026.07.30 01:00:18.041,2.10-ROBUST-FINAL,XAUUSD!,Opogroup-Server1,MVP_SIMPLE_EXPLICIT_ROBUST,b-3,ZONE_ENGAGED,R10,TREND_NONE,,,,,4068.21,0.00,0.00,0.00,0,0,0,2.00,16.00,2.00,entered/crossed zone from below
E23,2026.07.30 01:00:19.030,2.10-ROBUST-FINAL,XAUUSD!,Opogroup-Server1,MVP_SIMPLE_EXPLICIT_ROBUST,trend-1,TREND_STATE_CHANGED,,TREND_UP,,,,,4070.48,0.00,4043.83,4070.16,0,0,0,N/A,N/A,N/A,TREND_NONE -> TREND_UP
E24,2026.07.30 01:00:20.811,2.10-ROBUST-FINAL,XAUUSD!,Opogroup-Server1,MVP_SIMPLE_EXPLICIT_ROBUST,b-3,ZONE_ENGAGED,R10,TREND_UP,,,,,4067.57,0.00,0.00,0.00,0,0,0,2.00,16.00,2.00,entered/crossed zone from above
E25,2026.07.30 01:00:24.782,2.10-ROBUST-FINAL,XAUUSD!,Opogroup-Server1,MVP_SIMPLE_EXPLICIT_ROBUST,trend-2/b-31,ZONE_TOUCH_DIRECTION_CONFIRMED,R10,TREND_UP,R-S,Market,,,4068.40,0.00,0.00,0.00,0,0,0,2.00,16.00,2.00,first valid R-S touch for this M15+zone+direction
E26,2026.07.30 01:00:24.782,2.10-ROBUST-FINAL,XAUUSD!,Opogroup-Server1,MVP_SIMPLE_EXPLICIT_ROBUST,b-29/b-30,RISK_MODEL_READY,R10,TREND_UP,SELL,,,,4068.40,0.00,4074.40,4040.00,0,0,0,2.00,16.00,2.00,R_CAP=6.00 R0=6.00000 target_zone=R7
E27,2026.07.30 01:00:24.782,2.10-ROBUST-FINAL,XAUUSD!,Opogroup-Server1,MVP_SIMPLE_EXPLICIT_ROBUST,AR-RISK-01,PORTFOLIO_RISK_PRECHECK,R10,TREND_UP,R-S,Market,,,4068.40,0.00,4074.40,0.00,0,0,0,2.00,16.00,2.00,mode=GROSS_DAILY pct=30.00 budget=3000.00 realized=0.00 open=0.00 pending=0.00 used=0.00 remaining=3000.00 new=6.00 allowed=true
E28,2026.07.30 01:00:24.782,2.10-ROBUST-FINAL,XAUUSD!,Opogroup-Server1,MVP_SIMPLE_EXPLICIT_ROBUST,b-1/b-11/b-29/b-30,REVERSAL_SIGNAL,R10,TREND_UP,R-S,Market,,,4068.40,0.00,4074.40,4040.00,0,0,0,2.00,16.00,2.00,reversal_ordinal=1/1 directional touch + trend valid; R0=6.00000 target=R7
E29,2026.07.30 01:00:24.782,2.10-ROBUST-FINAL,XAUUSD!,Opogroup-Server1,MVP_SIMPLE_EXPLICIT_ROBUST,MVP-RISK/TEST-HARNESS,MARGIN_PRECHECK,R10,TREND_UP,R-S,Telemetry,,,4068.40,0.00,0.00,0.00,0,0,0,2.00,16.00,2.00,lot=0.0100 required_new_margin=20.34 account_margin=0.00 free_margin=10000.00 margin_level=0.00
E30,2026.07.30 01:00:24.782,2.10-ROBUST-FINAL,XAUUSD!,Opogroup-Server1,MVP_SIMPLE_EXPLICIT_ROBUST,b-20,DEAL_COSTS_RECORDED,,TREND_UP,,,,,0.00,4068.40,0.00,0.00,0,2,2,N/A,N/A,N/A,profit=0.00 commission=0.00 swap=0.00 fee=0.00
E31,2026.07.30 01:00:24.782,2.10-ROBUST-FINAL,XAUUSD!,Opogroup-Server1,MVP_SIMPLE_EXPLICIT_ROBUST,b-1/b-26/b-29,ORDER_FILLED,R10,TREND_UP,R-S,Market,,,4068.40,4068.40,4074.40,4040.00,2,2,2,2.00,16.00,2.00,native fill; reversal_ordinal=1 R0=6.00000 target=R7
E32,2026.07.30 01:00:24.782,2.10-ROBUST-FINAL,XAUUSD!,Opogroup-Server1,MVP_SIMPLE_EXPLICIT_ROBUST,MVP-RISK/TEST-HARNESS,MARGIN_POST_FILL,R10,TREND_UP,R-S,Telemetry,,,0.00,0.00,0.00,0.00,0,0,2,2.00,16.00,2.00,lot=0.0100 account_margin=20.34 free_margin=9978.60 margin_level=49159.00
E33,2026.07.30 01:00:24.782,2.10-ROBUST-FINAL,XAUUSD!,Opogroup-Server1,MVP_SIMPLE_EXPLICIT_ROBUST,AR-RISK-01,PORTFOLIO_RISK_POST_FILL,R10,TREND_UP,R-S,PostFill,,,0.00,0.00,0.00,0.00,0,0,0,2.00,16.00,2.00,mode=GROSS_DAILY pct=30.00 budget=3000.00 realized=0.00 open=6.00 pending=0.00 used=6.00 overflow=false
E34,2026.07.30 01:03:56.088,2.10-ROBUST-FINAL,XAUUSD!,Opogroup-Server1,MVP_SIMPLE_EXPLICIT_ROBUST,b-20,DEAL_COSTS_RECORDED,,TREND_UP,,,,,0.00,4074.83,0.00,0.00,0,3,0,N/A,N/A,N/A,profit=-6.43 commission=0.00 swap=0.00 fee=0.00
E35,2026.07.30 01:03:56.088,2.10-ROBUST-FINAL,XAUUSD!,Opogroup-Server1,MVP_SIMPLE_EXPLICIT_ROBUST,TEST-HIGH-R/b-24/b-26,ZONE_CONSUMED,R10,TREND_UP,R,,,,0.00,0.00,0.00,0.00,0,0,0,2.00,16.00,2.00,reversal daily max reached; executed=1 allowed=1
E36,2026.07.30 01:03:56.088,2.10-ROBUST-FINAL,XAUUSD!,Opogroup-Server1,MVP_SIMPLE_EXPLICIT_ROBUST,b-20/b-23/b-26/b-29,POSITION_CLOSED,R10,TREND_UP,R-S,,,,0.00,4074.83,0.00,0.00,0,3,2,2.00,16.00,2.00,position_net=-6.43 daily_net=-6.43 R0=6.00000 max_r_stage=0 stacked_pullback=false reversal_ordinal=1
E37,2026.07.30 01:15:00.124,2.10-ROBUST-FINAL,XAUUSD!,Opogroup-Server1,MVP_SIMPLE_EXPLICIT_ROBUST,a-1/a-2/a-3,CANDLE_CLASSIFIED,,TREND_UP,,,,,4066.46,4076.38,4062.86,4077.70,0,0,0,N/A,N/A,N/A,bar=2026.07.30 01:00 class=BULLISH
E38,2026.07.30 01:15:00.124,2.10-ROBUST-FINAL,XAUUSD!,Opogroup-Server1,MVP_SIMPLE_EXPLICIT_ROBUST,b-3/b-4/trend-1,BREAKOUT_SIGNAL,R8&R9,TREND_UP,BO-B,Close,BO#01,,4076.38,0.00,0.00,0.00,0,0,0,23.00,2.00,2.00,BO#01; ZONE_ENGAGED + buffered close + trend snapshot
E39,2026.07.30 01:15:00.124,2.10-ROBUST-FINAL,XAUUSD!,Opogroup-Server1,MVP_SIMPLE_EXPLICIT_ROBUST,b-3/b-4/trend-1,BREAKOUT_SIGNAL,R10,TREND_UP,BO-B,Close,BO#02,,4076.38,0.00,0.00,0.00,0,0,0,2.00,16.00,2.00,BO#02; ZONE_ENGAGED + buffered close + trend snapshot
E40,2026.07.30 01:15:00.124,2.10-ROBUST-FINAL,XAUUSD!,Opogroup-Server1,MVP_SIMPLE_EXPLICIT_ROBUST,b-8/b-25,PULLBACK_CYCLE_CREATED,R10,TREND_UP,PB-B,Stop,,BO#02,0.00,0.00,0.00,0.00,0,0,0,2.00,16.00,2.00,valid t+1..t+5 window; pullback does not consume zone in v9
E41,2026.07.30 01:15:00.124,2.10-ROBUST-FINAL,XAUUSD!,Opogroup-Server1,MVP_SIMPLE_EXPLICIT_ROBUST,trend-1,TREND_REFERENCE_UPDATED,,TREND_UP,,,,,4053.97,4077.70,0.00,0.00,0,0,0,N/A,N/A,N/A,High[1..3]/Low[1..3]
E42,2026.07.30 01:30:00.173,2.10-ROBUST-FINAL,XAUUSD!,Opogroup-Server1,MVP_SIMPLE_EXPLICIT_ROBUST,a-1/a-2/a-3,CANDLE_CLASSIFIED,,TREND_UP,,,,,4076.44,4075.04,4072.58,4077.46,0,0,0,N/A,N/A,N/A,bar=2026.07.30 01:15 class=BEARISH
E43,2026.07.30 01:30:00.173,2.10-ROBUST-FINAL,XAUUSD!,Opogroup-Server1,MVP_SIMPLE_EXPLICIT_ROBUST,trend-1,TREND_REFERENCE_UPDATED,,TREND_UP,,,,,4062.86,4077.70,0.00,0.00,0,0,0,N/A,N/A,N/A,High[1..3]/Low[1..3]
E44,2026.07.30 01:45:00.053,2.10-ROBUST-FINAL,XAUUSD!,Opogroup-Server1,MVP_SIMPLE_EXPLICIT_ROBUST,a-1/a-2/a-3,CANDLE_CLASSIFIED,,TREND_UP,,,,,4075.02,4081.60,4072.97,4081.62,0,0,0,N/A,N/A,N/A,bar=2026.07.30 01:30 class=BULLISH
E45,2026.07.30 01:45:00.053,2.10-ROBUST-FINAL,XAUUSD!,Opogroup-Server1,MVP_SIMPLE_EXPLICIT_ROBUST,trend-1,TREND_REFERENCE_UPDATED,,TREND_UP,,,,,4062.86,4081.62,0.00,0.00,0,0,0,N/A,N/A,N/A,High[1..3]/Low[1..3]
E46,2026.07.30 01:49:21.837,2.10-ROBUST-FINAL,XAUUSD!,Opogroup-Server1,MVP_SIMPLE_EXPLICIT_ROBUST,b-3,ZONE_ENGAGED,R11,TREND_UP,,,,,4085.01,0.00,0.00,0.00,0,0,0,16.00,9.00,9.00,entered/crossed zone from below
E47,2026.07.30 01:49:21.837,2.10-ROBUST-FINAL,XAUUSD!,Opogroup-Server1,MVP_SIMPLE_EXPLICIT_ROBUST,trend-2/b-31,ZONE_TOUCH_DIRECTION_CONFIRMED,R11,TREND_UP,R-S,Market,,,4085.01,0.00,0.00,0.00,0,0,0,16.00,9.00,9.00,first valid R-S touch for this M15+zone+direction
E48,2026.07.30 01:49:21.837,2.10-ROBUST-FINAL,XAUUSD!,Opogroup-Server1,MVP_SIMPLE_EXPLICIT_ROBUST,b-29/b-30,RISK_MODEL_READY,R11,TREND_UP,SELL,,,,4085.01,0.00,4091.01,4069.00,0,0,0,16.00,9.00,9.00,R_CAP=6.00 R0=6.00000 target_zone=R10
E49,2026.07.30 01:49:21.837,2.10-ROBUST-FINAL,XAUUSD!,Opogroup-Server1,MVP_SIMPLE_EXPLICIT_ROBUST,AR-RISK-01,PORTFOLIO_RISK_PRECHECK,R11,TREND_UP,R-S,Market,,,4085.01,0.00,4091.01,0.00,0,0,0,16.00,9.00,9.00,mode=GROSS_DAILY pct=30.00 budget=3000.00 realized=6.43 open=0.00 pending=0.00 used=6.43 remaining=2993.57 new=6.00 allowed=true
E50,2026.07.30 01:49:21.837,2.10-ROBUST-FINAL,XAUUSD!,Opogroup-Server1,MVP_SIMPLE_EXPLICIT_ROBUST,b-1/b-11/b-29/b-30,REVERSAL_SIGNAL,R11,TREND_UP,R-S,Market,,,4085.01,0.00,4091.01,4069.00,0,0,0,16.00,9.00,9.00,reversal_ordinal=1/1 directional touch + trend valid; R0=6.00000 target=R10
E51,2026.07.30 01:49:21.837,2.10-ROBUST-FINAL,XAUUSD!,Opogroup-Server1,MVP_SIMPLE_EXPLICIT_ROBUST,MVP-RISK/TEST-HARNESS,MARGIN_PRECHECK,R11,TREND_UP,R-S,Telemetry,,,4085.01,0.00,0.00,0.00,0,0,0,16.00,9.00,9.00,lot=0.0100 required_new_margin=20.43 account_margin=0.00 free_margin=9993.57 margin_level=0.00
E52,2026.07.30 01:49:21.837,2.10-ROBUST-FINAL,XAUUSD!,Opogroup-Server1,MVP_SIMPLE_EXPLICIT_ROBUST,b-20,DEAL_COSTS_RECORDED,,TREND_UP,,,,,0.00,4085.01,0.00,0.00,0,4,4,N/A,N/A,N/A,profit=0.00 commission=0.00 swap=0.00 fee=0.00
E53,2026.07.30 01:49:21.837,2.10-ROBUST-FINAL,XAUUSD!,Opogroup-Server1,MVP_SIMPLE_EXPLICIT_ROBUST,b-1/b-26/b-29,ORDER_FILLED,R11,TREND_UP,R-S,Market,,,4085.01,4085.01,4091.01,4069.00,4,4,4,16.00,9.00,9.00,native fill; reversal_ordinal=1 R0=6.00000 target=R10
E54,2026.07.30 01:49:21.837,2.10-ROBUST-FINAL,XAUUSD!,Opogroup-Server1,MVP_SIMPLE_EXPLICIT_ROBUST,MVP-RISK/TEST-HARNESS,MARGIN_POST_FILL,R11,TREND_UP,R-S,Telemetry,,,0.00,0.00,0.00,0.00,0,0,4,16.00,9.00,9.00,lot=0.0100 account_margin=20.43 free_margin=9972.92 margin_level=48915.08
E55,2026.07.30 01:49:21.837,2.10-ROBUST-FINAL,XAUUSD!,Opogroup-Server1,MVP_SIMPLE_EXPLICIT_ROBUST,AR-RISK-01,PORTFOLIO_RISK_POST_FILL,R11,TREND_UP,R-S,PostFill,,,0.00,0.00,0.00,0.00,0,0,0,16.00,9.00,9.00,mode=GROSS_DAILY pct=30.00 budget=3000.00 realized=6.43 open=6.00 pending=0.00 used=12.43 overflow=false
E56,2026.07.30 01:58:14.556,2.10-ROBUST-FINAL,XAUUSD!,Opogroup-Server1,MVP_SIMPLE_EXPLICIT_ROBUST,b-3,ZONE_ENGAGED,R11,TREND_UP,,,,,4086.98,0.00,0.00,0.00,0,0,0,16.00,9.00,9.00,entered/crossed zone from above
E57,2026.07.30 02:00:00.078,2.10-ROBUST-FINAL,XAUUSD!,Opogroup-Server1,MVP_SIMPLE_EXPLICIT_ROBUST,a-1/a-2/a-3,CANDLE_CLASSIFIED,,TREND_UP,,,,,4081.61,4089.09,4079.84,4090.57,0,0,0,N/A,N/A,N/A,bar=2026.07.30 01:45 class=BULLISH
E58,2026.07.30 02:00:00.078,2.10-ROBUST-FINAL,XAUUSD!,Opogroup-Server1,MVP_SIMPLE_EXPLICIT_ROBUST,b-3/b-4/trend-1,BREAKOUT_SIGNAL,R11,TREND_UP,BO-B,Close,BO#03,,4089.09,0.00,0.00,0.00,0,0,0,16.00,9.00,9.00,BO#03; ZONE_ENGAGED + buffered close + trend snapshot
E59,2026.07.30 02:00:00.078,2.10-ROBUST-FINAL,XAUUSD!,Opogroup-Server1,MVP_SIMPLE_EXPLICIT_ROBUST,b-3,REVERSAL_EXIT_REQUESTED,R11,TREND_UP,R,Market,,,0.00,0.00,0.00,0.00,0,0,4,16.00,9.00,9.00,valid buffered breakout
E60,2026.07.30 02:00:00.078,2.10-ROBUST-FINAL,XAUUSD!,Opogroup-Server1,MVP_SIMPLE_EXPLICIT_ROBUST,b-3,REVERSAL_EXIT_CONFIRMED,R11,TREND_UP,R,Market,,,0.00,0.00,0.00,0.00,0,5,4,16.00,9.00,9.00,close request done
E61,2026.07.30 02:00:00.078,2.10-ROBUST-FINAL,XAUUSD!,Opogroup-Server1,MVP_SIMPLE_EXPLICIT_ROBUST,trend-1,TREND_REFERENCE_UPDATED,,TREND_UP,,,,,4072.58,4090.57,0.00,0.00,0,0,0,N/A,N/A,N/A,High[1..3]/Low[1..3]
E62,2026.07.30 02:00:00.078,2.10-ROBUST-FINAL,XAUUSD!,Opogroup-Server1,MVP_SIMPLE_EXPLICIT_ROBUST,b-20,DEAL_COSTS_RECORDED,,TREND_UP,,,,,0.00,4089.28,0.00,0.00,0,5,0,N/A,N/A,N/A,profit=-4.27 commission=0.00 swap=0.00 fee=0.00
E63,2026.07.30 02:00:00.078,2.10-ROBUST-FINAL,XAUUSD!,Opogroup-Server1,MVP_SIMPLE_EXPLICIT_ROBUST,TEST-HIGH-R/b-24/b-26,ZONE_CONSUMED,R11,TREND_UP,R,,,,0.00,0.00,0.00,0.00,0,0,0,16.00,9.00,9.00,reversal daily max reached; executed=1 allowed=1
E64,2026.07.30 02:00:00.078,2.10-ROBUST-FINAL,XAUUSD!,Opogroup-Server1,MVP_SIMPLE_EXPLICIT_ROBUST,b-20/b-23/b-26/b-29,POSITION_CLOSED,R11,TREND_UP,R-S,,,,0.00,4089.28,0.00,0.00,0,5,4,16.00,9.00,9.00,position_net=-4.27 daily_net=-10.70 R0=6.00000 max_r_stage=0 stacked_pullback=false reversal_ordinal=1
E65,2026.07.30 02:07:31.660,2.10-ROBUST-FINAL,XAUUSD!,Opogroup-Server1,MVP_SIMPLE_EXPLICIT_ROBUST,b-3,ZONE_ENGAGED,R12,TREND_UP,,,,,4096.02,0.00,0.00,0.00,0,0,0,9.00,15.00,9.00,entered/crossed zone from below
E66,2026.07.30 02:07:31.660,2.10-ROBUST-FINAL,XAUUSD!,Opogroup-Server1,MVP_SIMPLE_EXPLICIT_ROBUST,trend-2/b-31,ZONE_TOUCH_DIRECTION_CONFIRMED,R12,TREND_UP,R-S,Market,,,4096.02,0.00,0.00,0.00,0,0,0,9.00,15.00,9.00,first valid R-S touch for this M15+zone+direction
E67,2026.07.30 02:08:38.116,2.10-ROBUST-FINAL,XAUUSD!,Opogroup-Server1,MVP_SIMPLE_EXPLICIT_ROBUST,b-3,ZONE_ENGAGED,R12,TREND_UP,,,,,4098.93,0.00,0.00,0.00,0,0,0,9.00,15.00,9.00,entered/crossed zone from above
E68,2026.07.30 02:15:00.380,2.10-ROBUST-FINAL,XAUUSD!,Opogroup-Server1,MVP_SIMPLE_EXPLICIT_ROBUST,a-1/a-2/a-3,CANDLE_CLASSIFIED,,TREND_UP,,,,,4089.06,4091.95,4088.78,4100.44,0,0,0,N/A,N/A,N/A,bar=2026.07.30 02:00 class=BULLISH
E69,2026.07.30 02:15:00.380,2.10-ROBUST-FINAL,XAUUSD!,Opogroup-Server1,MVP_SIMPLE_EXPLICIT_ROBUST,trend-1,TREND_REFERENCE_UPDATED,,TREND_UP,,,,,4072.97,4100.44,0.00,0.00,0,0,0,N/A,N/A,N/A,High[1..3]/Low[1..3]
E70,2026.07.30 02:30:00.083,2.10-ROBUST-FINAL,XAUUSD!,Opogroup-Server1,MVP_SIMPLE_EXPLICIT_ROBUST,b-8/b-23,PENDING_EXPIRED,R10,TREND_UP,PB-B,Stop,,BO#02,0.00,0.00,0.00,0.00,0,0,0,2.00,16.00,2.00,start after t+5
E71,2026.07.30 02:30:00.083,2.10-ROBUST-FINAL,XAUUSD!,Opogroup-Server1,MVP_SIMPLE_EXPLICIT_ROBUST,a-1/a-2/a-3,CANDLE_CLASSIFIED,,TREND_UP,,,,,4091.94,4094.07,4090.43,4095.05,0,0,0,N/A,N/A,N/A,bar=2026.07.30 02:15 class=BULLISH
E72,2026.07.30 02:30:00.083,2.10-ROBUST-FINAL,XAUUSD!,Opogroup-Server1,MVP_SIMPLE_EXPLICIT_ROBUST,trend-1,TREND_REFERENCE_UPDATED,,TREND_UP,,,,,4079.84,4100.44,0.00,0.00,0,0,0,N/A,N/A,N/A,High[1..3]/Low[1..3]
E73,2026.07.30 02:45:00.058,2.10-ROBUST-FINAL,XAUUSD!,Opogroup-Server1,MVP_SIMPLE_EXPLICIT_ROBUST,a-1/a-2/a-3,CANDLE_CLASSIFIED,,TREND_UP,,,,,4094.10,4090.30,4089.26,4094.56,0,0,0,N/A,N/A,N/A,bar=2026.07.30 02:30 class=BEARISH
E74,2026.07.30 02:45:00.058,2.10-ROBUST-FINAL,XAUUSD!,Opogroup-Server1,MVP_SIMPLE_EXPLICIT_ROBUST,trend-1,TREND_REFERENCE_UPDATED,,TREND_UP,,,,,4088.78,4100.44,0.00,0.00,0,0,0,N/A,N/A,N/A,High[1..3]/Low[1..3]
E75,2026.07.30 02:45:39.445,2.10-ROBUST-FINAL,XAUUSD!,Opogroup-Server1,MVP_SIMPLE_EXPLICIT_ROBUST,trend-1,TREND_STATE_CHANGED,,TREND_DOWN,,,,,4088.77,0.00,4088.78,4100.44,0,0,0,N/A,N/A,N/A,TREND_UP -> TREND_DOWN
E76,2026.07.30 02:54:17.439,2.10-ROBUST-FINAL,XAUUSD!,Opogroup-Server1,MVP_SIMPLE_EXPLICIT_ROBUST,b-3,ZONE_ENGAGED,R11,TREND_DOWN,,,,,4086.99,0.00,0.00,0.00,0,0,0,16.00,9.00,9.00,entered/crossed zone from above
E77,2026.07.30 02:54:17.439,2.10-ROBUST-FINAL,XAUUSD!,Opogroup-Server1,MVP_SIMPLE_EXPLICIT_ROBUST,trend-2/b-31,ZONE_TOUCH_DIRECTION_CONFIRMED,R11,TREND_DOWN,R-B,Market,,,4086.99,0.00,0.00,0.00,0,0,0,16.00,9.00,9.00,first valid R-B touch for this M15+zone+direction
E78,2026.07.30 02:54:17.439,2.10-ROBUST-FINAL,XAUUSD!,Opogroup-Server1,MVP_SIMPLE_EXPLICIT_ROBUST,TEST-HIGH-R/b-24,ZONE_USAGE_BLOCKED,R11,TREND_DOWN,R,Market,,,0.00,0.00,0.00,0.00,0,0,0,16.00,9.00,9.00,daily reversal max reached: allowed=1 executed=1
E79,2026.07.30 02:58:21.891,2.10-ROBUST-FINAL,XAUUSD!,Opogroup-Server1,MVP_SIMPLE_EXPLICIT_ROBUST,b-3,ZONE_ENGAGED,R11,TREND_DOWN,,,,,4085.00,0.00,0.00,0.00,0,0,0,16.00,9.00,9.00,entered/crossed zone from below
E80,2026.07.30 03:00:00.005,2.10-ROBUST-FINAL,XAUUSD!,Opogroup-Server1,MVP_SIMPLE_EXPLICIT_ROBUST,a-1/a-2/a-3,CANDLE_CLASSIFIED,,TREND_DOWN,,,,,4090.32,4084.86,4084.15,4093.07,0,0,0,N/A,N/A,N/A,bar=2026.07.30 02:45 class=BEARISH
E81,2026.07.30 03:00:00.005,2.10-ROBUST-FINAL,XAUUSD!,Opogroup-Server1,MVP_SIMPLE_EXPLICIT_ROBUST,trend-1,TREND_REFERENCE_UPDATED,,TREND_DOWN,,,,,4084.15,4095.05,0.00,0.00,0,0,0,N/A,N/A,N/A,High[1..3]/Low[1..3]
E82,2026.07.30 03:00:00.013,2.10-ROBUST-FINAL,XAUUSD!,Opogroup-Server1,MVP_SIMPLE_EXPLICIT_ROBUST,b-3,ZONE_ENGAGED,R11,TREND_DOWN,,,,,4085.04,0.00,0.00,0.00,0,0,0,16.00,9.00,9.00,entered/crossed zone from below
E83,2026.07.30 03:15:00.231,2.10-ROBUST-FINAL,XAUUSD!,Opogroup-Server1,MVP_SIMPLE_EXPLICIT_ROBUST,a-1/a-2/a-3,CANDLE_CLASSIFIED,,TREND_DOWN,,,,,4084.88,4081.81,4079.05,4086.70,0,0,0,N/A,N/A,N/A,bar=2026.07.30 03:00 class=BEARISH
E84,2026.07.30 03:15:00.231,2.10-ROBUST-FINAL,XAUUSD!,Opogroup-Server1,MVP_SIMPLE_EXPLICIT_ROBUST,trend-1,TREND_REFERENCE_UPDATED,,TREND_DOWN,,,,,4079.05,4094.56,0.00,0.00,0,0,0,N/A,N/A,N/A,High[1..3]/Low[1..3]
E85,2026.07.30 03:30:00.029,2.10-ROBUST-FINAL,XAUUSD!,Opogroup-Server1,MVP_SIMPLE_EXPLICIT_ROBUST,a-1/a-2/a-3,CANDLE_CLASSIFIED,,TREND_DOWN,,,,,4081.76,4075.70,4072.73,4083.70,0,0,0,N/A,N/A,N/A,bar=2026.07.30 03:15 class=BEARISH
E86,2026.07.30 03:30:00.029,2.10-ROBUST-FINAL,XAUUSD!,Opogroup-Server1,MVP_SIMPLE_EXPLICIT_ROBUST,trend-1,TREND_REFERENCE_UPDATED,,TREND_DOWN,,,,,4072.73,4093.07,0.00,0.00,0,0,0,N/A,N/A,N/A,High[1..3]/Low[1..3]
E87,2026.07.30 03:39:40.499,2.10-ROBUST-FINAL,XAUUSD!,Opogroup-Server1,MVP_SIMPLE_EXPLICIT_ROBUST,b-3,ZONE_ENGAGED,R10,TREND_DOWN,,,,,4068.91,0.00,0.00,0.00,0,0,0,2.00,16.00,2.00,entered/crossed zone from above
E88,2026.07.30 03:39:40.499,2.10-ROBUST-FINAL,XAUUSD!,Opogroup-Server1,MVP_SIMPLE_EXPLICIT_ROBUST,trend-2/b-31,ZONE_TOUCH_DIRECTION_CONFIRMED,R10,TREND_DOWN,R-B,Market,,,4068.91,0.00,0.00,0.00,0,0,0,2.00,16.00,2.00,first valid R-B touch for this M15+zone+direction
E89,2026.07.30 03:39:40.499,2.10-ROBUST-FINAL,XAUUSD!,Opogroup-Server1,MVP_SIMPLE_EXPLICIT_ROBUST,TEST-HIGH-R/b-24,ZONE_USAGE_BLOCKED,R10,TREND_DOWN,R,Market,,,0.00,0.00,0.00,0.00,0,0,0,2.00,16.00,2.00,daily reversal max reached: allowed=1 executed=1
E90,2026.07.30 03:42:56.282,2.10-ROBUST-FINAL,XAUUSD!,Opogroup-Server1,MVP_SIMPLE_EXPLICIT_ROBUST,b-3,ZONE_ENGAGED,R10,TREND_DOWN,,,,,4068.02,0.00,0.00,0.00,0,0,0,2.00,16.00,2.00,entered/crossed zone from below
E91,2026.07.30 03:43:33.587,2.10-ROBUST-FINAL,XAUUSD!,Opogroup-Server1,MVP_SIMPLE_EXPLICIT_ROBUST,b-3,ZONE_ENGAGED,R8&R9,TREND_DOWN,,,,,4065.94,0.00,0.00,0.00,0,0,0,23.00,2.00,2.00,entered/crossed zone from above
E92,2026.07.30 03:43:33.587,2.10-ROBUST-FINAL,XAUUSD!,Opogroup-Server1,MVP_SIMPLE_EXPLICIT_ROBUST,trend-2/b-31,ZONE_TOUCH_DIRECTION_CONFIRMED,R8&R9,TREND_DOWN,R-B,Market,,,4065.94,0.00,0.00,0.00,0,0,0,23.00,2.00,2.00,first valid R-B touch for this M15+zone+direction
E93,2026.07.30 03:43:33.587,2.10-ROBUST-FINAL,XAUUSD!,Opogroup-Server1,MVP_SIMPLE_EXPLICIT_ROBUST,b-29/b-30,RISK_MODEL_READY,R8&R9,TREND_DOWN,BUY,,,,4066.16,0.00,4060.16,4085.00,0,0,0,23.00,2.00,2.00,R_CAP=6.00 R0=6.00000 target_zone=R11
E94,2026.07.30 03:43:33.587,2.10-ROBUST-FINAL,XAUUSD!,Opogroup-Server1,MVP_SIMPLE_EXPLICIT_ROBUST,AR-RISK-01,PORTFOLIO_RISK_PRECHECK,R8&R9,TREND_DOWN,R-B,Market,,,4066.16,0.00,4060.16,0.00,0,0,0,23.00,2.00,2.00,mode=GROSS_DAILY pct=30.00 budget=3000.00 realized=10.70 open=0.00 pending=0.00 used=10.70 remaining=2989.30 new=6.00 allowed=true
E95,2026.07.30 03:43:33.587,2.10-ROBUST-FINAL,XAUUSD!,Opogroup-Server1,MVP_SIMPLE_EXPLICIT_ROBUST,b-1/b-11/b-29/b-30,REVERSAL_SIGNAL,R8&R9,TREND_DOWN,R-B,Market,,,4066.16,0.00,4060.16,4085.00,0,0,0,23.00,2.00,2.00,reversal_ordinal=1/1 directional touch + trend valid; R0=6.00000 target=R11
E96,2026.07.30 03:43:33.587,2.10-ROBUST-FINAL,XAUUSD!,Opogroup-Server1,MVP_SIMPLE_EXPLICIT_ROBUST,MVP-RISK/TEST-HARNESS,MARGIN_PRECHECK,R8&R9,TREND_DOWN,R-B,Telemetry,,,4066.16,0.00,0.00,0.00,0,0,0,23.00,2.00,2.00,lot=0.0100 required_new_margin=20.33 account_margin=0.00 free_margin=9989.30 margin_level=0.00
E97,2026.07.30 03:43:33.587,2.10-ROBUST-FINAL,XAUUSD!,Opogroup-Server1,MVP_SIMPLE_EXPLICIT_ROBUST,b-20,DEAL_COSTS_RECORDED,,TREND_DOWN,,,,,0.00,4066.16,0.00,0.00,0,6,6,N/A,N/A,N/A,profit=0.00 commission=0.00 swap=0.00 fee=0.00
E98,2026.07.30 03:43:33.587,2.10-ROBUST-FINAL,XAUUSD!,Opogroup-Server1,MVP_SIMPLE_EXPLICIT_ROBUST,b-1/b-26/b-29,ORDER_FILLED,R8&R9,TREND_DOWN,R-B,Market,,,4066.16,4066.16,4060.16,4085.00,6,6,6,23.00,2.00,2.00,native fill; reversal_ordinal=1 R0=6.00000 target=R11
E99,2026.07.30 03:43:33.587,2.10-ROBUST-FINAL,XAUUSD!,Opogroup-Server1,MVP_SIMPLE_EXPLICIT_ROBUST,MVP-RISK/TEST-HARNESS,MARGIN_POST_FILL,R8&R9,TREND_DOWN,R-B,Telemetry,,,0.00,0.00,0.00,0.00,0,0,6,23.00,2.00,2.00,lot=0.0100 account_margin=20.33 free_margin=9968.75 margin_level=49134.68
E100,2026.07.30 03:43:33.587,2.10-ROBUST-FINAL,XAUUSD!,Opogroup-Server1,MVP_SIMPLE_EXPLICIT_ROBUST,AR-RISK-01,PORTFOLIO_RISK_POST_FILL,R8&R9,TREND_DOWN,R-B,PostFill,,,0.00,0.00,0.00,0.00,0,0,0,23.00,2.00,2.00,mode=GROSS_DAILY pct=30.00 budget=3000.00 realized=10.70 open=6.00 pending=0.00 used=16.70 overflow=false
E101,2026.07.30 03:45:00.043,2.10-ROBUST-FINAL,XAUUSD!,Opogroup-Server1,MVP_SIMPLE_EXPLICIT_ROBUST,a-1/a-2/a-3,CANDLE_CLASSIFIED,,TREND_DOWN,,,,,4075.74,4066.15,4065.01,4076.85,0,0,0,N/A,N/A,N/A,bar=2026.07.30 03:30 class=BEARISH
E102,2026.07.30 03:45:00.043,2.10-ROBUST-FINAL,XAUUSD!,Opogroup-Server1,MVP_SIMPLE_EXPLICIT_ROBUST,b-3/b-4/trend-1,BREAKOUT_SIGNAL,R10,TREND_DOWN,BO-S,Close,BO#04,,4066.15,0.00,0.00,0.00,0,0,0,2.00,16.00,2.00,BO#04; ZONE_ENGAGED + buffered close + trend snapshot
E103,2026.07.30 03:45:00.043,2.10-ROBUST-FINAL,XAUUSD!,Opogroup-Server1,MVP_SIMPLE_EXPLICIT_ROBUST,trend-1,TREND_REFERENCE_UPDATED,,TREND_DOWN,,,,,4065.01,4086.70,0.00,0.00,0,0,0,N/A,N/A,N/A,High[1..3]/Low[1..3]
E104,2026.07.30 03:45:13.843,2.10-ROBUST-FINAL,XAUUSD!,Opogroup-Server1,MVP_SIMPLE_EXPLICIT_ROBUST,b-3,ZONE_ENGAGED,R8&R9,TREND_DOWN,,,,,4065.89,0.00,0.00,0.00,0,0,0,23.00,2.00,2.00,entered/crossed zone from above
E105,2026.07.30 03:45:13.843,2.10-ROBUST-FINAL,XAUUSD!,Opogroup-Server1,MVP_SIMPLE_EXPLICIT_ROBUST,trend-2/b-31,ZONE_TOUCH_DIRECTION_CONFIRMED,R8&R9,TREND_DOWN,R-B,Market,,,4065.89,0.00,0.00,0.00,0,0,0,23.00,2.00,2.00,first valid R-B touch for this M15+zone+direction
E106,2026.07.30 03:45:13.843,2.10-ROBUST-FINAL,XAUUSD!,Opogroup-Server1,MVP_SIMPLE_EXPLICIT_ROBUST,TEST-HIGH-R/b-24,ZONE_USAGE_BLOCKED,R8&R9,TREND_DOWN,R,Market,,,0.00,0.00,0.00,0.00,0,0,0,23.00,2.00,2.00,daily reversal max reached: allowed=1 executed=1
E107,2026.07.30 03:45:41.837,2.10-ROBUST-FINAL,XAUUSD!,Opogroup-Server1,MVP_SIMPLE_EXPLICIT_ROBUST,b-3,ZONE_ENGAGED,R10,TREND_DOWN,,,,,4068.03,0.00,0.00,0.00,0,0,0,2.00,16.00,2.00,entered/crossed zone from below
E108,2026.07.30 03:59:37.695,2.10-ROBUST-FINAL,XAUUSD!,Opogroup-Server1,MVP_SIMPLE_EXPLICIT_ROBUST,b-29,R_STAGE_CHANGED,R8&R9,TREND_DOWN,R,,,,4066.16,0.00,0.00,4085.00,0,0,6,23.00,2.00,2.00,stage=1 >=1R risk-zero eligible
E109,2026.07.30 03:59:37.695,2.10-ROBUST-FINAL,XAUUSD!,Opogroup-Server1,MVP_SIMPLE_EXPLICIT_ROBUST,b-29,SL_MOVE_REQUESTED,R8&R9,TREND_DOWN,R,ModifySL,,,0.00,0.00,4066.16,4085.00,0,0,6,23.00,2.00,2.00,stage=1 BE actual_fill + known_native_costs=-0.00
E110,2026.07.30 03:59:37.695,2.10-ROBUST-FINAL,XAUUSD!,Opogroup-Server1,MVP_SIMPLE_EXPLICIT_ROBUST,b-29,SL_MOVE_CONFIRMED,R8&R9,TREND_DOWN,R,ModifySL,,,0.00,0.00,4066.16,4085.00,0,0,6,23.00,2.00,2.00,stage=1 BE actual_fill + known_native_costs=-0.00
E111,2026.07.30 04:00:00.019,2.10-ROBUST-FINAL,XAUUSD!,Opogroup-Server1,MVP_SIMPLE_EXPLICIT_ROBUST,a-1/a-2/a-3,CANDLE_CLASSIFIED,,TREND_DOWN,,,,,4066.17,4072.43,4064.83,4072.93,0,0,0,N/A,N/A,N/A,bar=2026.07.30 03:45 class=BULLISH
E112,2026.07.30 04:00:00.019,2.10-ROBUST-FINAL,XAUUSD!,Opogroup-Server1,MVP_SIMPLE_EXPLICIT_ROBUST,trend-1,TREND_REFERENCE_UPDATED,,TREND_DOWN,,,,,4064.83,4083.70,0.00,0.00,0,0,0,N/A,N/A,N/A,High[1..3]/Low[1..3]
E113,2026.07.30 04:01:19.728,2.10-ROBUST-FINAL,XAUUSD!,Opogroup-Server1,MVP_SIMPLE_EXPLICIT_ROBUST,b-29,R_STAGE_CHANGED,R8&R9,TREND_DOWN,R,,,,4066.16,0.00,0.00,4085.00,0,0,6,23.00,2.00,2.00,stage=2 >=1.5R lock +0.5R
E114,2026.07.30 04:01:19.728,2.10-ROBUST-FINAL,XAUUSD!,Opogroup-Server1,MVP_SIMPLE_EXPLICIT_ROBUST,b-29,SL_MOVE_REQUESTED,R8&R9,TREND_DOWN,R,ModifySL,,,0.00,0.00,4069.16,4085.00,0,0,6,23.00,2.00,2.00,stage=2 lock +0.5R
E115,2026.07.30 04:01:19.728,2.10-ROBUST-FINAL,XAUUSD!,Opogroup-Server1,MVP_SIMPLE_EXPLICIT_ROBUST,b-29,SL_MOVE_CONFIRMED,R8&R9,TREND_DOWN,R,ModifySL,,,0.00,0.00,4069.16,4085.00,0,0,6,23.00,2.00,2.00,stage=2 lock +0.5R
E116,2026.07.30 04:02:07.165,2.10-ROBUST-FINAL,XAUUSD!,Opogroup-Server1,MVP_SIMPLE_EXPLICIT_ROBUST,b-29,R_STAGE_CHANGED,R8&R9,TREND_DOWN,R,,,,4066.16,0.00,0.00,4085.00,0,0,6,23.00,2.00,2.00,stage=3 >=2R structural trail active
E117,2026.07.30 04:02:53.632,2.10-ROBUST-FINAL,XAUUSD!,Opogroup-Server1,MVP_SIMPLE_EXPLICIT_ROBUST,trend-1,TREND_STATE_CHANGED,,TREND_UP,,,,,4083.72,0.00,4064.83,4083.70,0,0,0,N/A,N/A,N/A,TREND_DOWN -> TREND_UP
E118,2026.07.30 04:04:06.746,2.10-ROBUST-FINAL,XAUUSD!,Opogroup-Server1,MVP_SIMPLE_EXPLICIT_ROBUST,b-3,ZONE_ENGAGED,R11,TREND_UP,,,,,4085.04,0.00,0.00,0.00,0,0,0,16.00,9.00,9.00,entered/crossed zone from below
E119,2026.07.30 04:04:06.746,2.10-ROBUST-FINAL,XAUUSD!,Opogroup-Server1,MVP_SIMPLE_EXPLICIT_ROBUST,trend-2/b-31,ZONE_TOUCH_DIRECTION_CONFIRMED,R11,TREND_UP,R-S,Market,,,4085.04,0.00,0.00,0.00,0,0,0,16.00,9.00,9.00,first valid R-S touch for this M15+zone+direction
E120,2026.07.30 04:04:06.746,2.10-ROBUST-FINAL,XAUUSD!,Opogroup-Server1,MVP_SIMPLE_EXPLICIT_ROBUST,TEST-HIGH-R/b-24,ZONE_USAGE_BLOCKED,R11,TREND_UP,R,Market,,,0.00,0.00,0.00,0.00,0,0,0,16.00,9.00,9.00,daily reversal max reached: allowed=1 executed=1
E121,2026.07.30 04:04:06.746,2.10-ROBUST-FINAL,XAUUSD!,Opogroup-Server1,MVP_SIMPLE_EXPLICIT_ROBUST,b-20,DEAL_COSTS_RECORDED,,TREND_UP,,,,,0.00,4085.04,0.00,0.00,0,7,0,N/A,N/A,N/A,profit=18.88 commission=0.00 swap=0.00 fee=0.00
E122,2026.07.30 04:04:06.746,2.10-ROBUST-FINAL,XAUUSD!,Opogroup-Server1,MVP_SIMPLE_EXPLICIT_ROBUST,TEST-HIGH-R/b-24/b-26,ZONE_CONSUMED,R8&R9,TREND_UP,R,,,,0.00,0.00,0.00,0.00,0,0,0,23.00,2.00,2.00,reversal daily max reached; executed=1 allowed=1
E123,2026.07.30 04:04:06.746,2.10-ROBUST-FINAL,XAUUSD!,Opogroup-Server1,MVP_SIMPLE_EXPLICIT_ROBUST,b-20/b-23/b-26/b-29,POSITION_CLOSED,R8&R9,TREND_UP,R-B,,,,0.00,4085.04,0.00,0.00,0,7,6,23.00,2.00,2.00,position_net=18.88 daily_net=8.18 R0=6.00000 max_r_stage=3 stacked_pullback=false reversal_ordinal=1
E124,2026.07.30 04:04:31.647,2.10-ROBUST-FINAL,XAUUSD!,Opogroup-Server1,MVP_SIMPLE_EXPLICIT_ROBUST,b-3,ZONE_ENGAGED,R11,TREND_UP,,,,,4086.99,0.00,0.00,0.00,0,0,0,16.00,9.00,9.00,entered/crossed zone from above
E125,2026.07.30 04:15:00.099,2.10-ROBUST-FINAL,XAUUSD!,Opogroup-Server1,MVP_SIMPLE_EXPLICIT_ROBUST,a-1/a-2/a-3,CANDLE_CLASSIFIED,,TREND_UP,,,,,4072.46,4075.67,4070.24,4092.97,0,0,0,N/A,N/A,N/A,bar=2026.07.30 04:00 class=BULLISH
E126,2026.07.30 04:15:00.099,2.10-ROBUST-FINAL,XAUUSD!,Opogroup-Server1,MVP_SIMPLE_EXPLICIT_ROBUST,trend-1,TREND_REFERENCE_UPDATED,,TREND_UP,,,,,4064.83,4092.97,0.00,0.00,0,0,0,N/A,N/A,N/A,High[1..3]/Low[1..3]
E127,2026.07.30 04:30:00.003,2.10-ROBUST-FINAL,XAUUSD!,Opogroup-Server1,MVP_SIMPLE_EXPLICIT_ROBUST,a-1/a-2/a-3,CANDLE_CLASSIFIED,,TREND_UP,,,,,4075.68,4080.99,4073.14,4084.68,0,0,0,N/A,N/A,N/A,bar=2026.07.30 04:15 class=BULLISH
E128,2026.07.30 04:30:00.003,2.10-ROBUST-FINAL,XAUUSD!,Opogroup-Server1,MVP_SIMPLE_EXPLICIT_ROBUST,trend-1,TREND_REFERENCE_UPDATED,,TREND_UP,,,,,4064.83,4092.97,0.00,0.00,0,0,0,N/A,N/A,N/A,High[1..3]/Low[1..3]
E129,2026.07.30 04:32:25.708,2.10-ROBUST-FINAL,XAUUSD!,Opogroup-Server1,MVP_SIMPLE_EXPLICIT_ROBUST,b-3,ZONE_ENGAGED,R11,TREND_UP,,,,,4085.03,0.00,0.00,0.00,0,0,0,16.00,9.00,9.00,entered/crossed zone from below
E130,2026.07.30 04:32:25.708,2.10-ROBUST-FINAL,XAUUSD!,Opogroup-Server1,MVP_SIMPLE_EXPLICIT_ROBUST,trend-2/b-31,ZONE_TOUCH_DIRECTION_CONFIRMED,R11,TREND_UP,R-S,Market,,,4085.03,0.00,0.00,0.00,0,0,0,16.00,9.00,9.00,first valid R-S touch for this M15+zone+direction
E131,2026.07.30 04:32:25.708,2.10-ROBUST-FINAL,XAUUSD!,Opogroup-Server1,MVP_SIMPLE_EXPLICIT_ROBUST,TEST-HIGH-R/b-24,ZONE_USAGE_BLOCKED,R11,TREND_UP,R,Market,,,0.00,0.00,0.00,0.00,0,0,0,16.00,9.00,9.00,daily reversal max reached: allowed=1 executed=1
E132,2026.07.30 04:35:09.272,2.10-ROBUST-FINAL,XAUUSD!,Opogroup-Server1,MVP_SIMPLE_EXPLICIT_ROBUST,b-3,ZONE_ENGAGED,R11,TREND_UP,,,,,4086.98,0.00,0.00,0.00,0,0,0,16.00,9.00,9.00,entered/crossed zone from above
E133,2026.07.30 04:45:00.053,2.10-ROBUST-FINAL,XAUUSD!,Opogroup-Server1,MVP_SIMPLE_EXPLICIT_ROBUST,a-1/a-2/a-3,CANDLE_CLASSIFIED,,TREND_UP,,,,,4081.00,4086.67,4080.58,4089.77,0,0,0,N/A,N/A,N/A,bar=2026.07.30 04:30 class=BULLISH
E134,2026.07.30 04:45:00.053,2.10-ROBUST-FINAL,XAUUSD!,Opogroup-Server1,MVP_SIMPLE_EXPLICIT_ROBUST,trend-1,TREND_REFERENCE_UPDATED,,TREND_UP,,,,,4070.24,4092.97,0.00,0.00,0,0,0,N/A,N/A,N/A,High[1..3]/Low[1..3]
E135,2026.07.30 04:45:00.053,2.10-ROBUST-FINAL,XAUUSD!,Opogroup-Server1,MVP_SIMPLE_EXPLICIT_ROBUST,b-3,ZONE_ENGAGED,R11,TREND_UP,,,,,4086.69,0.00,0.00,0.00,0,0,0,16.00,9.00,9.00,bar opened inside zone
E136,2026.07.30 04:46:46.534,2.10-ROBUST-FINAL,XAUUSD!,Opogroup-Server1,MVP_SIMPLE_EXPLICIT_ROBUST,trend-2/b-31,ZONE_TOUCH_DIRECTION_CONFIRMED,R11,TREND_UP,R-S,Market,,,4085.02,0.00,0.00,0.00,0,0,0,16.00,9.00,9.00,first valid R-S touch for this M15+zone+direction
E137,2026.07.30 04:46:46.534,2.10-ROBUST-FINAL,XAUUSD!,Opogroup-Server1,MVP_SIMPLE_EXPLICIT_ROBUST,TEST-HIGH-R/b-24,ZONE_USAGE_BLOCKED,R11,TREND_UP,R,Market,,,0.00,0.00,0.00,0.00,0,0,0,16.00,9.00,9.00,daily reversal max reached: allowed=1 executed=1
E138,2026.07.30 05:00:00.025,2.10-ROBUST-FINAL,XAUUSD!,Opogroup-Server1,MVP_SIMPLE_EXPLICIT_ROBUST,a-1/a-2/a-3,CANDLE_CLASSIFIED,,TREND_UP,,,,,4086.69,4084.64,4083.84,4091.01,0,0,0,N/A,N/A,N/A,bar=2026.07.30 04:45 class=BEARISH
E139,2026.07.30 05:00:00.025,2.10-ROBUST-FINAL,XAUUSD!,Opogroup-Server1,MVP_SIMPLE_EXPLICIT_ROBUST,trend-1,TREND_REFERENCE_UPDATED,,TREND_UP,,,,,4073.14,4091.01,0.00,0.00,0,0,0,N/A,N/A,N/A,High[1..3]/Low[1..3]
E140,2026.07.30 05:00:00.935,2.10-ROBUST-FINAL,XAUUSD!,Opogroup-Server1,MVP_SIMPLE_EXPLICIT_ROBUST,b-3,ZONE_ENGAGED,R11,TREND_UP,,,,,4085.02,0.00,0.00,0.00,0,0,0,16.00,9.00,9.00,entered/crossed zone from below
E141,2026.07.30 05:00:00.935,2.10-ROBUST-FINAL,XAUUSD!,Opogroup-Server1,MVP_SIMPLE_EXPLICIT_ROBUST,trend-2/b-31,ZONE_TOUCH_DIRECTION_CONFIRMED,R11,TREND_UP,R-S,Market,,,4085.02,0.00,0.00,0.00,0,0,0,16.00,9.00,9.00,first valid R-S touch for this M15+zone+direction
E142,2026.07.30 05:00:00.935,2.10-ROBUST-FINAL,XAUUSD!,Opogroup-Server1,MVP_SIMPLE_EXPLICIT_ROBUST,TEST-HIGH-R/b-24,ZONE_USAGE_BLOCKED,R11,TREND_UP,R,Market,,,0.00,0.00,0.00,0.00,0,0,0,16.00,9.00,9.00,daily reversal max reached: allowed=1 executed=1
E143,2026.07.30 05:00:11.478,2.10-ROBUST-FINAL,XAUUSD!,Opogroup-Server1,MVP_SIMPLE_EXPLICIT_ROBUST,b-3,ZONE_ENGAGED,R11,TREND_UP,,,,,4087.00,0.00,0.00,0.00,0,0,0,16.00,9.00,9.00,entered/crossed zone from above
E144,2026.07.30 05:15:00.069,2.10-ROBUST-FINAL,XAUUSD!,Opogroup-Server1,MVP_SIMPLE_EXPLICIT_ROBUST,a-1/a-2/a-3,CANDLE_CLASSIFIED,,TREND_UP,,,,,4084.72,4082.50,4082.32,4090.39,0,0,0,N/A,N/A,N/A,bar=2026.07.30 05:00 class=BEARISH
E145,2026.07.30 05:15:00.069,2.10-ROBUST-FINAL,XAUUSD!,Opogroup-Server1,MVP_SIMPLE_EXPLICIT_ROBUST,trend-1,TREND_REFERENCE_UPDATED,,TREND_UP,,,,,4080.58,4091.01,0.00,0.00,0,0,0,N/A,N/A,N/A,High[1..3]/Low[1..3]
E146,2026.07.30 05:15:19.977,2.10-ROBUST-FINAL,XAUUSD!,Opogroup-Server1,MVP_SIMPLE_EXPLICIT_ROBUST,trend-1,TREND_STATE_CHANGED,,TREND_DOWN,,,,,4080.54,0.00,4080.58,4091.01,0,0,0,N/A,N/A,N/A,TREND_UP -> TREND_DOWN
E147,2026.07.30 05:30:00.023,2.10-ROBUST-FINAL,XAUUSD!,Opogroup-Server1,MVP_SIMPLE_EXPLICIT_ROBUST,a-1/a-2/a-3,CANDLE_CLASSIFIED,,TREND_DOWN,,,,,4082.51,4082.35,4079.92,4083.72,0,0,0,N/A,N/A,N/A,bar=2026.07.30 05:15 class=BEARISH
E148,2026.07.30 05:30:00.023,2.10-ROBUST-FINAL,XAUUSD!,Opogroup-Server1,MVP_SIMPLE_EXPLICIT_ROBUST,trend-1,TREND_REFERENCE_UPDATED,,TREND_DOWN,,,,,4079.92,4091.01,0.00,0.00,0,0,0,N/A,N/A,N/A,High[1..3]/Low[1..3]
E149,2026.07.30 05:45:00.531,2.10-ROBUST-FINAL,XAUUSD!,Opogroup-Server1,MVP_SIMPLE_EXPLICIT_ROBUST,a-1/a-2/a-3,CANDLE_CLASSIFIED,,TREND_DOWN,,,,,4082.33,4076.48,4073.57,4082.66,0,0,0,N/A,N/A,N/A,bar=2026.07.30 05:30 class=BEARISH
E150,2026.07.30 05:45:00.531,2.10-ROBUST-FINAL,XAUUSD!,Opogroup-Server1,MVP_SIMPLE_EXPLICIT_ROBUST,trend-1,TREND_REFERENCE_UPDATED,,TREND_DOWN,,,,,4073.57,4090.39,0.00,0.00,0,0,0,N/A,N/A,N/A,High[1..3]/Low[1..3]
E151,2026.07.30 05:56:17.967,2.10-ROBUST-FINAL,XAUUSD!,Opogroup-Server1,MVP_SIMPLE_EXPLICIT_ROBUST,b-3,ZONE_ENGAGED,R10,TREND_DOWN,,,,,4068.96,0.00,0.00,0.00,0,0,0,2.00,16.00,2.00,entered/crossed zone from above
E152,2026.07.30 05:56:17.967,2.10-ROBUST-FINAL,XAUUSD!,Opogroup-Server1,MVP_SIMPLE_EXPLICIT_ROBUST,trend-2/b-31,ZONE_TOUCH_DIRECTION_CONFIRMED,R10,TREND_DOWN,R-B,Market,,,4068.96,0.00,0.00,0.00,0,0,0,2.00,16.00,2.00,first valid R-B touch for this M15+zone+direction
E153,2026.07.30 05:56:17.967,2.10-ROBUST-FINAL,XAUUSD!,Opogroup-Server1,MVP_SIMPLE_EXPLICIT_ROBUST,TEST-HIGH-R/b-24,ZONE_USAGE_BLOCKED,R10,TREND_DOWN,R,Market,,,0.00,0.00,0.00,0.00,0,0,0,2.00,16.00,2.00,daily reversal max reached: allowed=1 executed=1
E154,2026.07.30 05:58:01.762,2.10-ROBUST-FINAL,XAUUSD!,Opogroup-Server1,MVP_SIMPLE_EXPLICIT_ROBUST,b-3,ZONE_ENGAGED,R10,TREND_DOWN,,,,,4068.06,0.00,0.00,0.00,0,0,0,2.00,16.00,2.00,entered/crossed zone from below
E155,2026.07.30 05:59:02.080,2.10-ROBUST-FINAL,XAUUSD!,Opogroup-Server1,MVP_SIMPLE_EXPLICIT_ROBUST,b-3,ZONE_ENGAGED,R8&R9,TREND_DOWN,,,,,4065.99,0.00,0.00,0.00,0,0,0,23.00,2.00,2.00,entered/crossed zone from above
E156,2026.07.30 05:59:02.080,2.10-ROBUST-FINAL,XAUUSD!,Opogroup-Server1,MVP_SIMPLE_EXPLICIT_ROBUST,trend-2/b-31,ZONE_TOUCH_DIRECTION_CONFIRMED,R8&R9,TREND_DOWN,R-B,Market,,,4065.99,0.00,0.00,0.00,0,0,0,23.00,2.00,2.00,first valid R-B touch for this M15+zone+direction
E157,2026.07.30 05:59:02.080,2.10-ROBUST-FINAL,XAUUSD!,Opogroup-Server1,MVP_SIMPLE_EXPLICIT_ROBUST,TEST-HIGH-R/b-24,ZONE_USAGE_BLOCKED,R8&R9,TREND_DOWN,R,Market,,,0.00,0.00,0.00,0.00,0,0,0,23.00,2.00,2.00,daily reversal max reached: allowed=1 executed=1
E158,2026.07.30 05:59:59.610,2.10-ROBUST-FINAL,XAUUSD!,Opogroup-Server1,MVP_SIMPLE_EXPLICIT_ROBUST,b-3,ZONE_ENGAGED,R8&R9,TREND_DOWN,,,,,4063.01,0.00,0.00,0.00,0,0,0,23.00,2.00,2.00,entered/crossed zone from below
E159,2026.07.30 06:00:00.086,2.10-ROBUST-FINAL,XAUUSD!,Opogroup-Server1,MVP_SIMPLE_EXPLICIT_ROBUST,a-1/a-2/a-3,CANDLE_CLASSIFIED,,TREND_DOWN,,,,,4076.43,4063.04,4062.92,4077.08,0,0,0,N/A,N/A,N/A,bar=2026.07.30 05:45 class=BEARISH
E160,2026.07.30 06:00:00.086,2.10-ROBUST-FINAL,XAUUSD!,Opogroup-Server1,MVP_SIMPLE_EXPLICIT_ROBUST,b-3/b-4/trend-1,BREAKOUT_SIGNAL,R10,TREND_DOWN,BO-S,Close,BO#05,,4063.04,0.00,0.00,0.00,0,0,0,2.00,16.00,2.00,BO#05; ZONE_ENGAGED + buffered close + trend snapshot
E161,2026.07.30 06:00:00.086,2.10-ROBUST-FINAL,XAUUSD!,Opogroup-Server1,MVP_SIMPLE_EXPLICIT_ROBUST,trend-1,TREND_REFERENCE_UPDATED,,TREND_DOWN,,,,,4062.92,4083.72,0.00,0.00,0,0,0,N/A,N/A,N/A,High[1..3]/Low[1..3]
E162,2026.07.30 06:00:00.086,2.10-ROBUST-FINAL,XAUUSD!,Opogroup-Server1,MVP_SIMPLE_EXPLICIT_ROBUST,b-3,ZONE_ENGAGED,R8&R9,TREND_DOWN,,,,,4063.05,0.00,0.00,0.00,0,0,0,23.00,2.00,2.00,bar opened inside zone
E163,2026.07.30 06:01:15.235,2.10-ROBUST-FINAL,XAUUSD!,Opogroup-Server1,MVP_SIMPLE_EXPLICIT_ROBUST,trend-2/b-31,ZONE_TOUCH_DIRECTION_CONFIRMED,R8&R9,TREND_DOWN,R-B,Market,,,4066.00,0.00,0.00,0.00,0,0,0,23.00,2.00,2.00,first valid R-B touch for this M15+zone+direction
E164,2026.07.30 06:01:15.235,2.10-ROBUST-FINAL,XAUUSD!,Opogroup-Server1,MVP_SIMPLE_EXPLICIT_ROBUST,TEST-HIGH-R/b-24,ZONE_USAGE_BLOCKED,R8&R9,TREND_DOWN,R,Market,,,0.00,0.00,0.00,0.00,0,0,0,23.00,2.00,2.00,daily reversal max reached: allowed=1 executed=1
E165,2026.07.30 06:02:24.303,2.10-ROBUST-FINAL,XAUUSD!,Opogroup-Server1,MVP_SIMPLE_EXPLICIT_ROBUST,b-3,ZONE_ENGAGED,R10,TREND_DOWN,,,,,4068.00,0.00,0.00,0.00,0,0,0,2.00,16.00,2.00,entered/crossed zone from below
E166,2026.07.30 06:03:53.135,2.10-ROBUST-FINAL,XAUUSD!,Opogroup-Server1,MVP_SIMPLE_EXPLICIT_ROBUST,b-3,ZONE_ENGAGED,R10,TREND_DOWN,,,,,4069.00,0.00,0.00,0.00,0,0,0,2.00,16.00,2.00,entered/crossed zone from above
E167,2026.07.30 06:03:53.135,2.10-ROBUST-FINAL,XAUUSD!,Opogroup-Server1,MVP_SIMPLE_EXPLICIT_ROBUST,trend-2/b-31,ZONE_TOUCH_DIRECTION_CONFIRMED,R10,TREND_DOWN,R-B,Market,,,4069.00,0.00,0.00,0.00,0,0,0,2.00,16.00,2.00,first valid R-B touch for this M15+zone+direction
E168,2026.07.30 06:03:53.135,2.10-ROBUST-FINAL,XAUUSD!,Opogroup-Server1,MVP_SIMPLE_EXPLICIT_ROBUST,TEST-HIGH-R/b-24,ZONE_USAGE_BLOCKED,R10,TREND_DOWN,R,Market,,,0.00,0.00,0.00,0.00,0,0,0,2.00,16.00,2.00,daily reversal max reached: allowed=1 executed=1
E169,2026.07.30 06:15:00.550,2.10-ROBUST-FINAL,XAUUSD!,Opogroup-Server1,MVP_SIMPLE_EXPLICIT_ROBUST,a-1/a-2/a-3,CANDLE_CLASSIFIED,,TREND_DOWN,,,,,4063.05,4062.92,4060.44,4070.09,0,0,0,N/A,N/A,N/A,bar=2026.07.30 06:00 class=BEARISH
E170,2026.07.30 06:15:00.550,2.10-ROBUST-FINAL,XAUUSD!,Opogroup-Server1,MVP_SIMPLE_EXPLICIT_ROBUST,b-3/b-4/trend-1,BREAKOUT_SIGNAL,R10,TREND_DOWN,BO-S,Close,BO#06,,4062.92,0.00,0.00,0.00,0,0,0,2.00,16.00,2.00,BO#06; ZONE_ENGAGED + buffered close + trend snapshot
E171,2026.07.30 06:15:00.550,2.10-ROBUST-FINAL,XAUUSD!,Opogroup-Server1,MVP_SIMPLE_EXPLICIT_ROBUST,trend-1,TREND_REFERENCE_UPDATED,,TREND_DOWN,,,,,4060.44,4082.66,0.00,0.00,0,0,0,N/A,N/A,N/A,High[1..3]/Low[1..3]
E172,2026.07.30 06:15:02.425,2.10-ROBUST-FINAL,XAUUSD!,Opogroup-Server1,MVP_SIMPLE_EXPLICIT_ROBUST,b-3,ZONE_ENGAGED,R8&R9,TREND_DOWN,,,,,4063.05,0.00,0.00,0.00,0,0,0,23.00,2.00,2.00,entered/crossed zone from below
E173,2026.07.30 06:30:00.002,2.10-ROBUST-FINAL,XAUUSD!,Opogroup-Server1,MVP_SIMPLE_EXPLICIT_ROBUST,a-1/a-2/a-3,CANDLE_CLASSIFIED,,TREND_DOWN,,,,,4062.89,4054.65,4052.53,4063.84,0,0,0,N/A,N/A,N/A,bar=2026.07.30 06:15 class=BEARISH
E174,2026.07.30 06:30:00.002,2.10-ROBUST-FINAL,XAUUSD!,Opogroup-Server1,MVP_SIMPLE_EXPLICIT_ROBUST,trend-1,TREND_REFERENCE_UPDATED,,TREND_DOWN,,,,,4052.53,4077.08,0.00,0.00,0,0,0,N/A,N/A,N/A,High[1..3]/Low[1..3]
E175,2026.07.30 06:45:00.167,2.10-ROBUST-FINAL,XAUUSD!,Opogroup-Server1,MVP_SIMPLE_EXPLICIT_ROBUST,a-1/a-2/a-3,CANDLE_CLASSIFIED,,TREND_DOWN,,,,,4054.66,4052.32,4050.62,4055.91,0,0,0,N/A,N/A,N/A,bar=2026.07.30 06:30 class=BEARISH
E176,2026.07.30 06:45:00.167,2.10-ROBUST-FINAL,XAUUSD!,Opogroup-Server1,MVP_SIMPLE_EXPLICIT_ROBUST,trend-1,TREND_REFERENCE_UPDATED,,TREND_DOWN,,,,,4050.62,4070.09,0.00,0.00,0,0,0,N/A,N/A,N/A,High[1..3]/Low[1..3]
E177,2026.07.30 07:00:00.001,2.10-ROBUST-FINAL,XAUUSD!,Opogroup-Server1,MVP_SIMPLE_EXPLICIT_ROBUST,a-1/a-2/a-3,CANDLE_CLASSIFIED,,TREND_DOWN,,,,,4052.31,4059.06,4052.29,4059.74,0,0,0,N/A,N/A,N/A,bar=2026.07.30 06:45 class=BULLISH
E178,2026.07.30 07:00:00.001,2.10-ROBUST-FINAL,XAUUSD!,Opogroup-Server1,MVP_SIMPLE_EXPLICIT_ROBUST,trend-1,TREND_REFERENCE_UPDATED,,TREND_DOWN,,,,,4050.62,4063.84,0.00,0.00,0,0,0,N/A,N/A,N/A,High[1..3]/Low[1..3]
E179,2026.07.30 07:15:00.027,2.10-ROBUST-FINAL,XAUUSD!,Opogroup-Server1,MVP_SIMPLE_EXPLICIT_ROBUST,a-1/a-2/a-3,CANDLE_CLASSIFIED,,TREND_DOWN,,,,,4059.08,4053.22,4052.80,4060.24,0,0,0,N/A,N/A,N/A,bar=2026.07.30 07:00 class=BEARISH
E180,2026.07.30 07:15:00.027,2.10-ROBUST-FINAL,XAUUSD!,Opogroup-Server1,MVP_SIMPLE_EXPLICIT_ROBUST,trend-1,TREND_REFERENCE_UPDATED,,TREND_DOWN,,,,,4050.62,4060.24,0.00,0.00,0,0,0,N/A,N/A,N/A,High[1..3]/Low[1..3]
E181,2026.07.30 07:30:00.102,2.10-ROBUST-FINAL,XAUUSD!,Opogroup-Server1,MVP_SIMPLE_EXPLICIT_ROBUST,a-1/a-2/a-3,CANDLE_CLASSIFIED,,TREND_DOWN,,,,,4053.20,4053.93,4050.90,4055.24,0,0,0,N/A,N/A,N/A,bar=2026.07.30 07:15 class=BULLISH
E182,2026.07.30 07:30:00.102,2.10-ROBUST-FINAL,XAUUSD!,Opogroup-Server1,MVP_SIMPLE_EXPLICIT_ROBUST,trend-1,TREND_REFERENCE_UPDATED,,TREND_DOWN,,,,,4050.90,4060.24,0.00,0.00,0,0,0,N/A,N/A,N/A,High[1..3]/Low[1..3]
E183,2026.07.30 07:45:00.086,2.10-ROBUST-FINAL,XAUUSD!,Opogroup-Server1,MVP_SIMPLE_EXPLICIT_ROBUST,a-1/a-2/a-3,CANDLE_CLASSIFIED,,TREND_DOWN,,,,,4053.92,4048.89,4047.66,4053.93,0,0,0,N/A,N/A,N/A,bar=2026.07.30 07:30 class=BEARISH
E184,2026.07.30 07:45:00.086,2.10-ROBUST-FINAL,XAUUSD!,Opogroup-Server1,MVP_SIMPLE_EXPLICIT_ROBUST,trend-1,TREND_REFERENCE_UPDATED,,TREND_DOWN,,,,,4047.66,4060.24,0.00,0.00,0,0,0,N/A,N/A,N/A,High[1..3]/Low[1..3]
E185,2026.07.30 08:00:00.015,2.10-ROBUST-FINAL,XAUUSD!,Opogroup-Server1,MVP_SIMPLE_EXPLICIT_ROBUST,a-1/a-2/a-3,CANDLE_CLASSIFIED,,TREND_DOWN,,,,,4049.00,4045.86,4044.39,4052.05,0,0,0,N/A,N/A,N/A,bar=2026.07.30 07:45 class=BEARISH
E186,2026.07.30 08:00:00.015,2.10-ROBUST-FINAL,XAUUSD!,Opogroup-Server1,MVP_SIMPLE_EXPLICIT_ROBUST,trend-1,TREND_REFERENCE_UPDATED,,TREND_DOWN,,,,,4044.39,4055.24,0.00,0.00,0,0,0,N/A,N/A,N/A,High[1..3]/Low[1..3]
E187,2026.07.30 08:15:00.041,2.10-ROBUST-FINAL,XAUUSD!,Opogroup-Server1,MVP_SIMPLE_EXPLICIT_ROBUST,a-1/a-2/a-3,CANDLE_CLASSIFIED,,TREND_DOWN,,,,,4045.84,4045.71,4041.73,4046.05,0,0,0,N/A,N/A,N/A,bar=2026.07.30 08:00 class=BEARISH
E188,2026.07.30 08:15:00.041,2.10-ROBUST-FINAL,XAUUSD!,Opogroup-Server1,MVP_SIMPLE_EXPLICIT_ROBUST,trend-1,TREND_REFERENCE_UPDATED,,TREND_DOWN,,,,,4041.73,4053.93,0.00,0.00,0,0,0,N/A,N/A,N/A,High[1..3]/Low[1..3]
E189,2026.07.30 08:18:32.023,2.10-ROBUST-FINAL,XAUUSD!,Opogroup-Server1,MVP_SIMPLE_EXPLICIT_ROBUST,b-3,ZONE_ENGAGED,R7,TREND_DOWN,,,,,4039.98,0.00,0.00,0.00,0,0,0,3.00,23.00,3.00,entered/crossed zone from above
E190,2026.07.30 08:18:32.023,2.10-ROBUST-FINAL,XAUUSD!,Opogroup-Server1,MVP_SIMPLE_EXPLICIT_ROBUST,trend-2/b-31,ZONE_TOUCH_DIRECTION_CONFIRMED,R7,TREND_DOWN,R-B,Market,,,4039.98,0.00,0.00,0.00,0,0,0,3.00,23.00,3.00,first valid R-B touch for this M15+zone+direction
E191,2026.07.30 08:18:32.023,2.10-ROBUST-FINAL,XAUUSD!,Opogroup-Server1,MVP_SIMPLE_EXPLICIT_ROBUST,b-29/b-30,RISK_MODEL_READY,R7,TREND_DOWN,BUY,,,,4040.20,0.00,4035.00,4063.00,0,0,0,3.00,23.00,3.00,R_CAP=6.00 R0=5.20000 target_zone=R8&R9
E192,2026.07.30 08:18:32.023,2.10-ROBUST-FINAL,XAUUSD!,Opogroup-Server1,MVP_SIMPLE_EXPLICIT_ROBUST,AR-RISK-01,PORTFOLIO_RISK_PRECHECK,R7,TREND_DOWN,R-B,Market,,,4040.20,0.00,4035.00,0.00,0,0,0,3.00,23.00,3.00,mode=GROSS_DAILY pct=30.00 budget=3000.00 realized=10.70 open=0.00 pending=0.00 used=10.70 remaining=2989.30 new=5.20 allowed=true
E193,2026.07.30 08:18:32.023,2.10-ROBUST-FINAL,XAUUSD!,Opogroup-Server1,MVP_SIMPLE_EXPLICIT_ROBUST,b-1/b-11/b-29/b-30,REVERSAL_SIGNAL,R7,TREND_DOWN,R-B,Market,,,4040.20,0.00,4035.00,4063.00,0,0,0,3.00,23.00,3.00,reversal_ordinal=1/1 directional touch + trend valid; R0=5.20000 target=R8&R9
E194,2026.07.30 08:18:32.023,2.10-ROBUST-FINAL,XAUUSD!,Opogroup-Server1,MVP_SIMPLE_EXPLICIT_ROBUST,MVP-RISK/TEST-HARNESS,MARGIN_PRECHECK,R7,TREND_DOWN,R-B,Telemetry,,,4040.20,0.00,0.00,0.00,0,0,0,3.00,23.00,3.00,lot=0.0100 required_new_margin=20.20 account_margin=0.00 free_margin=10008.18 margin_level=0.00
E195,2026.07.30 08:18:32.023,2.10-ROBUST-FINAL,XAUUSD!,Opogroup-Server1,MVP_SIMPLE_EXPLICIT_ROBUST,b-20,DEAL_COSTS_RECORDED,,TREND_DOWN,,,,,0.00,4040.20,0.00,0.00,0,8,8,N/A,N/A,N/A,profit=0.00 commission=0.00 swap=0.00 fee=0.00
E196,2026.07.30 08:18:32.023,2.10-ROBUST-FINAL,XAUUSD!,Opogroup-Server1,MVP_SIMPLE_EXPLICIT_ROBUST,b-1/b-26/b-29,ORDER_FILLED,R7,TREND_DOWN,R-B,Market,,,4040.20,4040.20,4035.00,4063.00,8,8,8,3.00,23.00,3.00,native fill; reversal_ordinal=1 R0=5.20000 target=R8&R9
E197,2026.07.30 08:18:32.023,2.10-ROBUST-FINAL,XAUUSD!,Opogroup-Server1,MVP_SIMPLE_EXPLICIT_ROBUST,MVP-RISK/TEST-HARNESS,MARGIN_POST_FILL,R7,TREND_DOWN,R-B,Telemetry,,,0.00,0.00,0.00,0.00,0,0,8,3.00,23.00,3.00,lot=0.0100 account_margin=20.20 free_margin=9987.76 margin_level=49544.36
E198,2026.07.30 08:18:32.023,2.10-ROBUST-FINAL,XAUUSD!,Opogroup-Server1,MVP_SIMPLE_EXPLICIT_ROBUST,AR-RISK-01,PORTFOLIO_RISK_POST_FILL,R7,TREND_DOWN,R-B,PostFill,,,0.00,0.00,0.00,0.00,0,0,0,3.00,23.00,3.00,mode=GROSS_DAILY pct=30.00 budget=3000.00 realized=10.70 open=5.20 pending=0.00 used=15.90 overflow=false
E199,2026.07.30 08:18:39.323,2.10-ROBUST-FINAL,XAUUSD!,Opogroup-Server1,MVP_SIMPLE_EXPLICIT_ROBUST,b-3,ZONE_ENGAGED,R7,TREND_DOWN,,,,,4038.15,0.00,0.00,0.00,0,0,0,3.00,23.00,3.00,entered/crossed zone from below
E200,2026.07.30 08:27:58.546,2.10-ROBUST-FINAL,XAUUSD!,Opogroup-Server1,MVP_SIMPLE_EXPLICIT_ROBUST,b-29,R_STAGE_CHANGED,R7,TREND_DOWN,R,,,,4040.20,0.00,0.00,4063.00,0,0,8,3.00,23.00,3.00,stage=1 >=1R risk-zero eligible
E201,2026.07.30 08:27:58.546,2.10-ROBUST-FINAL,XAUUSD!,Opogroup-Server1,MVP_SIMPLE_EXPLICIT_ROBUST,b-29,SL_MOVE_REQUESTED,R7,TREND_DOWN,R,ModifySL,,,0.00,0.00,4040.20,4063.00,0,0,8,3.00,23.00,3.00,stage=1 BE actual_fill + known_native_costs=-0.00
E202,2026.07.30 08:27:58.546,2.10-ROBUST-FINAL,XAUUSD!,Opogroup-Server1,MVP_SIMPLE_EXPLICIT_ROBUST,b-29,SL_MOVE_CONFIRMED,R7,TREND_DOWN,R,ModifySL,,,0.00,0.00,4040.20,4063.00,0,0,8,3.00,23.00,3.00,stage=1 BE actual_fill + known_native_costs=-0.00
E203,2026.07.30 08:30:00.029,2.10-ROBUST-FINAL,XAUUSD!,Opogroup-Server1,MVP_SIMPLE_EXPLICIT_ROBUST,a-1/a-2/a-3,CANDLE_CLASSIFIED,,TREND_DOWN,,,,,4045.70,4046.19,4037.53,4047.44,0,0,0,N/A,N/A,N/A,bar=2026.07.30 08:15 class=BULLISH
E204,2026.07.30 08:30:00.029,2.10-ROBUST-FINAL,XAUUSD!,Opogroup-Server1,MVP_SIMPLE_EXPLICIT_ROBUST,trend-1,TREND_REFERENCE_UPDATED,,TREND_DOWN,,,,,4037.53,4052.05,0.00,0.00,0,0,0,N/A,N/A,N/A,High[1..3]/Low[1..3]
E205,2026.07.30 08:30:15.906,2.10-ROBUST-FINAL,XAUUSD!,Opogroup-Server1,MVP_SIMPLE_EXPLICIT_ROBUST,b-29,R_STAGE_CHANGED,R7,TREND_DOWN,R,,,,4040.20,0.00,0.00,4063.00,0,0,8,3.00,23.00,3.00,stage=2 >=1.5R lock +0.5R
E206,2026.07.30 08:30:15.906,2.10-ROBUST-FINAL,XAUUSD!,Opogroup-Server1,MVP_SIMPLE_EXPLICIT_ROBUST,b-29,SL_MOVE_REQUESTED,R7,TREND_DOWN,R,ModifySL,,,0.00,0.00,4042.80,4063.00,0,0,8,3.00,23.00,3.00,stage=2 lock +0.5R
E207,2026.07.30 08:30:15.906,2.10-ROBUST-FINAL,XAUUSD!,Opogroup-Server1,MVP_SIMPLE_EXPLICIT_ROBUST,b-29,SL_MOVE_CONFIRMED,R7,TREND_DOWN,R,ModifySL,,,0.00,0.00,4042.80,4063.00,0,0,8,3.00,23.00,3.00,stage=2 lock +0.5R
E208,2026.07.30 08:31:00.573,2.10-ROBUST-FINAL,XAUUSD!,Opogroup-Server1,MVP_SIMPLE_EXPLICIT_ROBUST,b-29,R_STAGE_CHANGED,R7,TREND_DOWN,R,,,,4040.20,0.00,0.00,4063.00,0,0,8,3.00,23.00,3.00,stage=3 >=2R structural trail active
E209,2026.07.30 08:35:33.357,2.10-ROBUST-FINAL,XAUUSD!,Opogroup-Server1,MVP_SIMPLE_EXPLICIT_ROBUST,b-20,DEAL_COSTS_RECORDED,,TREND_DOWN,,,,,0.00,4042.72,0.00,0.00,0,9,0,N/A,N/A,N/A,profit=2.52 commission=0.00 swap=0.00 fee=0.00
E210,2026.07.30 08:35:33.357,2.10-ROBUST-FINAL,XAUUSD!,Opogroup-Server1,MVP_SIMPLE_EXPLICIT_ROBUST,TEST-HIGH-R/b-24/b-26,ZONE_CONSUMED,R7,TREND_DOWN,R,,,,0.00,0.00,0.00,0.00,0,0,0,3.00,23.00,3.00,reversal daily max reached; executed=1 allowed=1
E211,2026.07.30 08:35:33.357,2.10-ROBUST-FINAL,XAUUSD!,Opogroup-Server1,MVP_SIMPLE_EXPLICIT_ROBUST,b-20/b-23/b-26/b-29,POSITION_CLOSED,R7,TREND_DOWN,R-B,,,,0.00,4042.72,0.00,0.00,0,9,8,3.00,23.00,3.00,position_net=2.52 daily_net=10.70 R0=5.20000 max_r_stage=3 stacked_pullback=false reversal_ordinal=1
E212,2026.07.30 08:37:00.830,2.10-ROBUST-FINAL,XAUUSD!,Opogroup-Server1,MVP_SIMPLE_EXPLICIT_ROBUST,b-3,ZONE_ENGAGED,R7,TREND_DOWN,,,,,4039.98,0.00,0.00,0.00,0,0,0,3.00,23.00,3.00,entered/crossed zone from above
E213,2026.07.30 08:37:00.830,2.10-ROBUST-FINAL,XAUUSD!,Opogroup-Server1,MVP_SIMPLE_EXPLICIT_ROBUST,trend-2/b-31,ZONE_TOUCH_DIRECTION_CONFIRMED,R7,TREND_DOWN,R-B,Market,,,4039.98,0.00,0.00,0.00,0,0,0,3.00,23.00,3.00,first valid R-B touch for this M15+zone+direction
E214,2026.07.30 08:37:00.830,2.10-ROBUST-FINAL,XAUUSD!,Opogroup-Server1,MVP_SIMPLE_EXPLICIT_ROBUST,TEST-HIGH-R/b-24,ZONE_USAGE_BLOCKED,R7,TREND_DOWN,R,Market,,,0.00,0.00,0.00,0.00,0,0,0,3.00,23.00,3.00,daily reversal max reached: allowed=1 executed=1
E215,2026.07.30 08:37:06.456,2.10-ROBUST-FINAL,XAUUSD!,Opogroup-Server1,MVP_SIMPLE_EXPLICIT_ROBUST,b-3,ZONE_ENGAGED,R7,TREND_DOWN,,,,,4038.02,0.00,0.00,0.00,0,0,0,3.00,23.00,3.00,entered/crossed zone from below
E216,2026.07.30 08:37:33.457,2.10-ROBUST-FINAL,XAUUSD!,Opogroup-Server1,MVP_SIMPLE_EXPLICIT_ROBUST,b-3,ZONE_ENGAGED,R6,TREND_DOWN,,,,,4034.82,0.00,0.00,0.00,0,0,0,21.00,3.00,3.00,entered/crossed zone from above
E217,2026.07.30 08:37:33.457,2.10-ROBUST-FINAL,XAUUSD!,Opogroup-Server1,MVP_SIMPLE_EXPLICIT_ROBUST,trend-2/b-31,ZONE_TOUCH_DIRECTION_CONFIRMED,R6,TREND_DOWN,R-B,Market,,,4034.82,0.00,0.00,0.00,0,0,0,21.00,3.00,3.00,first valid R-B touch for this M15+zone+direction
E218,2026.07.30 08:38:15.913,2.10-ROBUST-FINAL,XAUUSD!,Opogroup-Server1,MVP_SIMPLE_EXPLICIT_ROBUST,b-3,ZONE_ENGAGED,R6,TREND_DOWN,,,,,4032.01,0.00,0.00,0.00,0,0,0,21.00,3.00,3.00,entered/crossed zone from below
E219,2026.07.30 08:45:00.031,2.10-ROBUST-FINAL,XAUUSD!,Opogroup-Server1,MVP_SIMPLE_EXPLICIT_ROBUST,a-1/a-2/a-3,CANDLE_CLASSIFIED,,TREND_DOWN,,,,,4046.10,4033.41,4028.36,4051.24,0,0,0,N/A,N/A,N/A,bar=2026.07.30 08:30 class=BEARISH
E220,2026.07.30 08:45:00.031,2.10-ROBUST-FINAL,XAUUSD!,Opogroup-Server1,MVP_SIMPLE_EXPLICIT_ROBUST,b-3/b-4/trend-1,BREAKOUT_SIGNAL,R7,TREND_DOWN,BO-S,Close,BO#07,,4033.41,0.00,0.00,0.00,0,0,0,3.00,23.00,3.00,BO#07; ZONE_ENGAGED + buffered close + trend snapshot
E221,2026.07.30 08:45:00.031,2.10-ROBUST-FINAL,XAUUSD!,Opogroup-Server1,MVP_SIMPLE_EXPLICIT_ROBUST,trend-1,TREND_REFERENCE_UPDATED,,TREND_DOWN,,,,,4028.36,4051.24,0.00,0.00,0,0,0,N/A,N/A,N/A,High[1..3]/Low[1..3]
E222,2026.07.30 08:45:00.031,2.10-ROBUST-FINAL,XAUUSD!,Opogroup-Server1,MVP_SIMPLE_EXPLICIT_ROBUST,b-3,ZONE_ENGAGED,R6,TREND_DOWN,,,,,4033.40,0.00,0.00,0.00,0,0,0,21.00,3.00,3.00,bar opened inside zone
E223,2026.07.30 08:46:09.060,2.10-ROBUST-FINAL,XAUUSD!,Opogroup-Server1,MVP_SIMPLE_EXPLICIT_ROBUST,trend-2/b-31,ZONE_TOUCH_DIRECTION_CONFIRMED,R6,TREND_DOWN,R-B,Market,,,4034.97,0.00,0.00,0.00,0,0,0,21.00,3.00,3.00,first valid R-B touch for this M15+zone+direction
E224,2026.07.30 08:46:24.870,2.10-ROBUST-FINAL,XAUUSD!,Opogroup-Server1,MVP_SIMPLE_EXPLICIT_ROBUST,b-3,ZONE_ENGAGED,R7,TREND_DOWN,,,,,4038.01,0.00,0.00,0.00,0,0,0,3.00,23.00,3.00,entered/crossed zone from below
E225,2026.07.30 09:00:00.213,2.10-ROBUST-FINAL,XAUUSD!,Opogroup-Server1,MVP_SIMPLE_EXPLICIT_ROBUST,a-1/a-2/a-3,CANDLE_CLASSIFIED,,TREND_DOWN,,,,,4033.40,4033.73,4030.06,4038.63,0,0,0,N/A,N/A,N/A,bar=2026.07.30 08:45 class=BULLISH
E226,2026.07.30 09:00:00.213,2.10-ROBUST-FINAL,XAUUSD!,Opogroup-Server1,MVP_SIMPLE_EXPLICIT_ROBUST,trend-1,TREND_REFERENCE_UPDATED,,TREND_DOWN,,,,,4028.36,4051.24,0.00,0.00,0,0,0,N/A,N/A,N/A,High[1..3]/Low[1..3]
E227,2026.07.30 09:00:00.213,2.10-ROBUST-FINAL,XAUUSD!,Opogroup-Server1,MVP_SIMPLE_EXPLICIT_ROBUST,b-3,ZONE_ENGAGED,R6,TREND_DOWN,,,,,4033.70,0.00,0.00,0.00,0,0,0,21.00,3.00,3.00,bar opened inside zone
E228,2026.07.30 09:00:15.799,2.10-ROBUST-FINAL,XAUUSD!,Opogroup-Server1,MVP_SIMPLE_EXPLICIT_ROBUST,b-3,ZONE_ENGAGED,R7,TREND_DOWN,,,,,4038.00,0.00,0.00,0.00,0,0,0,3.00,23.00,3.00,entered/crossed zone from below
E229,2026.07.30 09:01:13.246,2.10-ROBUST-FINAL,XAUUSD!,Opogroup-Server1,MVP_SIMPLE_EXPLICIT_ROBUST,trend-2/b-31,ZONE_TOUCH_DIRECTION_CONFIRMED,R6,TREND_DOWN,R-B,Market,,,4035.00,0.00,0.00,0.00,0,0,0,21.00,3.00,3.00,first valid R-B touch for this M15+zone+direction
E230,2026.07.30 09:15:00.076,2.10-ROBUST-FINAL,XAUUSD!,Opogroup-Server1,MVP_SIMPLE_EXPLICIT_ROBUST,a-1/a-2/a-3,CANDLE_CLASSIFIED,,TREND_DOWN,,,,,4033.70,4032.47,4031.25,4039.51,0,0,0,N/A,N/A,N/A,bar=2026.07.30 09:00 class=BEARISH
E231,2026.07.30 09:15:00.076,2.10-ROBUST-FINAL,XAUUSD!,Opogroup-Server1,MVP_SIMPLE_EXPLICIT_ROBUST,trend-1,TREND_REFERENCE_UPDATED,,TREND_DOWN,,,,,4028.36,4051.24,0.00,0.00,0,0,0,N/A,N/A,N/A,High[1..3]/Low[1..3]
E232,2026.07.30 09:15:00.076,2.10-ROBUST-FINAL,XAUUSD!,Opogroup-Server1,MVP_SIMPLE_EXPLICIT_ROBUST,b-3,ZONE_ENGAGED,R6,TREND_DOWN,,,,,4032.46,0.00,0.00,0.00,0,0,0,21.00,3.00,3.00,bar opened inside zone
E233,2026.07.30 09:20:16.902,2.10-ROBUST-FINAL,XAUUSD!,Opogroup-Server1,MVP_SIMPLE_EXPLICIT_ROBUST,trend-2/b-31,ZONE_TOUCH_DIRECTION_CONFIRMED,R6,TREND_DOWN,R-B,Market,,,4034.96,0.00,0.00,0.00,0,0,0,21.00,3.00,3.00,first valid R-B touch for this M15+zone+direction
E234,2026.07.30 09:22:21.987,2.10-ROBUST-FINAL,XAUUSD!,Opogroup-Server1,MVP_SIMPLE_EXPLICIT_ROBUST,b-3,ZONE_ENGAGED,R7,TREND_DOWN,,,,,4038.03,0.00,0.00,0.00,0,0,0,3.00,23.00,3.00,entered/crossed zone from below
E235,2026.07.30 09:30:00.082,2.10-ROBUST-FINAL,XAUUSD!,Opogroup-Server1,MVP_SIMPLE_EXPLICIT_ROBUST,a-1/a-2/a-3,CANDLE_CLASSIFIED,,TREND_DOWN,,,,,4032.46,4032.98,4029.38,4039.33,0,0,0,N/A,N/A,N/A,bar=2026.07.30 09:15 class=BULLISH
E236,2026.07.30 09:30:00.082,2.10-ROBUST-FINAL,XAUUSD!,Opogroup-Server1,MVP_SIMPLE_EXPLICIT_ROBUST,trend-1,TREND_REFERENCE_UPDATED,,TREND_DOWN,,,,,4029.38,4039.51,0.00,0.00,0,0,0,N/A,N/A,N/A,High[1..3]/Low[1..3]
E237,2026.07.30 09:30:00.082,2.10-ROBUST-FINAL,XAUUSD!,Opogroup-Server1,MVP_SIMPLE_EXPLICIT_ROBUST,b-3,ZONE_ENGAGED,R6,TREND_DOWN,,,,,4032.99,0.00,0.00,0.00,0,0,0,21.00,3.00,3.00,bar opened inside zone
E238,2026.07.30 09:30:09.798,2.10-ROBUST-FINAL,XAUUSD!,Opogroup-Server1,MVP_SIMPLE_EXPLICIT_ROBUST,trend-2/b-31,ZONE_TOUCH_DIRECTION_CONFIRMED,R6,TREND_DOWN,R-B,Market,,,4034.97,0.00,0.00,0.00,0,0,0,21.00,3.00,3.00,first valid R-B touch for this M15+zone+direction
E239,2026.07.30 09:42:48.024,2.10-ROBUST-FINAL,XAUUSD!,Opogroup-Server1,MVP_SIMPLE_EXPLICIT_ROBUST,b-3,ZONE_ENGAGED,R7,TREND_DOWN,,,,,4038.01,0.00,0.00,0.00,0,0,0,3.00,23.00,3.00,entered/crossed zone from below
E240,2026.07.30 09:45:00.362,2.10-ROBUST-FINAL,XAUUSD!,Opogroup-Server1,MVP_SIMPLE_EXPLICIT_ROBUST,a-1/a-2/a-3,CANDLE_CLASSIFIED,,TREND_DOWN,,,,,4032.99,4034.63,4030.91,4038.28,0,0,0,N/A,N/A,N/A,bar=2026.07.30 09:30 class=BULLISH
E241,2026.07.30 09:45:00.362,2.10-ROBUST-FINAL,XAUUSD!,Opogroup-Server1,MVP_SIMPLE_EXPLICIT_ROBUST,trend-1,TREND_REFERENCE_UPDATED,,TREND_DOWN,,,,,4029.38,4039.51,0.00,0.00,0,0,0,N/A,N/A,N/A,High[1..3]/Low[1..3]
E242,2026.07.30 09:45:00.362,2.10-ROBUST-FINAL,XAUUSD!,Opogroup-Server1,MVP_SIMPLE_EXPLICIT_ROBUST,b-3,ZONE_ENGAGED,R6,TREND_DOWN,,,,,4034.66,0.00,0.00,0.00,0,0,0,21.00,3.00,3.00,bar opened inside zone
E243,2026.07.30 09:48:24.233,2.10-ROBUST-FINAL,XAUUSD!,Opogroup-Server1,MVP_SIMPLE_EXPLICIT_ROBUST,trend-2/b-31,ZONE_TOUCH_DIRECTION_CONFIRMED,R6,TREND_DOWN,R-B,Market,,,4034.97,0.00,0.00,0.00,0,0,0,21.00,3.00,3.00,first valid R-B touch for this M15+zone+direction
E244,2026.07.30 09:51:12.673,2.10-ROBUST-FINAL,XAUUSD!,Opogroup-Server1,MVP_SIMPLE_EXPLICIT_ROBUST,b-3,ZONE_ENGAGED,R7,TREND_DOWN,,,,,4038.08,0.00,0.00,0.00,0,0,0,3.00,23.00,3.00,entered/crossed zone from below
E245,2026.07.30 09:51:24.007,2.10-ROBUST-FINAL,XAUUSD!,Opogroup-Server1,MVP_SIMPLE_EXPLICIT_ROBUST,trend-1,TREND_STATE_CHANGED,,TREND_UP,,,,,4039.53,0.00,4029.38,4039.51,0,0,0,N/A,N/A,N/A,TREND_DOWN -> TREND_UP
E246,2026.07.30 09:51:24.397,2.10-ROBUST-FINAL,XAUUSD!,Opogroup-Server1,MVP_SIMPLE_EXPLICIT_ROBUST,b-3,ZONE_ENGAGED,R7,TREND_UP,,,,,4040.00,0.00,0.00,0.00,0,0,0,3.00,23.00,3.00,entered/crossed zone from above
E247,2026.07.30 09:55:27.526,2.10-ROBUST-FINAL,XAUUSD!,Opogroup-Server1,MVP_SIMPLE_EXPLICIT_ROBUST,trend-2/b-31,ZONE_TOUCH_DIRECTION_CONFIRMED,R7,TREND_UP,R-S,Market,,,4038.02,0.00,0.00,0.00,0,0,0,3.00,23.00,3.00,first valid R-S touch for this M15+zone+direction
E248,2026.07.30 09:55:27.526,2.10-ROBUST-FINAL,XAUUSD!,Opogroup-Server1,MVP_SIMPLE_EXPLICIT_ROBUST,TEST-HIGH-R/b-24,ZONE_USAGE_BLOCKED,R7,TREND_UP,R,Market,,,0.00,0.00,0.00,0.00,0,0,0,3.00,23.00,3.00,daily reversal max reached: allowed=1 executed=1
E249,2026.07.30 10:00:00.001,2.10-ROBUST-FINAL,XAUUSD!,Opogroup-Server1,MVP_SIMPLE_EXPLICIT_ROBUST,a-1/a-2/a-3,CANDLE_CLASSIFIED,,TREND_UP,,,,,4034.66,4035.73,4034.16,4040.55,0,0,0,N/A,N/A,N/A,bar=2026.07.30 09:45 class=BULLISH
E250,2026.07.30 10:00:00.001,2.10-ROBUST-FINAL,XAUUSD!,Opogroup-Server1,MVP_SIMPLE_EXPLICIT_ROBUST,trend-1,TREND_REFERENCE_UPDATED,,TREND_UP,,,,,4029.38,4040.55,0.00,0.00,0,0,0,N/A,N/A,N/A,High[1..3]/Low[1..3]
E251,2026.07.30 10:00:29.941,2.10-ROBUST-FINAL,XAUUSD!,Opogroup-Server1,MVP_SIMPLE_EXPLICIT_ROBUST,b-3,ZONE_ENGAGED,R7,TREND_UP,,,,,4038.07,0.00,0.00,0.00,0,0,0,3.00,23.00,3.00,entered/crossed zone from below
E252,2026.07.30 10:00:29.941,2.10-ROBUST-FINAL,XAUUSD!,Opogroup-Server1,MVP_SIMPLE_EXPLICIT_ROBUST,trend-2/b-31,ZONE_TOUCH_DIRECTION_CONFIRMED,R7,TREND_UP,R-S,Market,,,4038.07,0.00,0.00,0.00,0,0,0,3.00,23.00,3.00,first valid R-S touch for this M15+zone+direction
E253,2026.07.30 10:00:29.941,2.10-ROBUST-FINAL,XAUUSD!,Opogroup-Server1,MVP_SIMPLE_EXPLICIT_ROBUST,TEST-HIGH-R/b-24,ZONE_USAGE_BLOCKED,R7,TREND_UP,R,Market,,,0.00,0.00,0.00,0.00,0,0,0,3.00,23.00,3.00,daily reversal max reached: allowed=1 executed=1
E254,2026.07.30 10:00:41.157,2.10-ROBUST-FINAL,XAUUSD!,Opogroup-Server1,MVP_SIMPLE_EXPLICIT_ROBUST,b-3,ZONE_ENGAGED,R7,TREND_UP,,,,,4039.80,0.00,0.00,0.00,0,0,0,3.00,23.00,3.00,entered/crossed zone from above
E255,2026.07.30 10:15:00.010,2.10-ROBUST-FINAL,XAUUSD!,Opogroup-Server1,MVP_SIMPLE_EXPLICIT_ROBUST,a-1/a-2/a-3,CANDLE_CLASSIFIED,,TREND_UP,,,,,4035.72,4046.72,4035.51,4048.02,0,0,0,N/A,N/A,N/A,bar=2026.07.30 10:00 class=BULLISH
E256,2026.07.30 10:15:00.010,2.10-ROBUST-FINAL,XAUUSD!,Opogroup-Server1,MVP_SIMPLE_EXPLICIT_ROBUST,b-3/b-4/trend-1,BREAKOUT_SIGNAL,R7,TREND_UP,BO-B,Close,BO#08,,4046.72,0.00,0.00,0.00,0,0,0,3.00,23.00,3.00,BO#08; ZONE_ENGAGED + buffered close + trend snapshot
E257,2026.07.30 10:15:00.010,2.10-ROBUST-FINAL,XAUUSD!,Opogroup-Server1,MVP_SIMPLE_EXPLICIT_ROBUST,b-8/b-25,PULLBACK_CYCLE_CREATED,R7,TREND_UP,PB-B,Stop,,BO#08,0.00,0.00,0.00,0.00,0,0,0,3.00,23.00,3.00,valid t+1..t+5 window; pullback does not consume zone in v9
E258,2026.07.30 10:15:00.010,2.10-ROBUST-FINAL,XAUUSD!,Opogroup-Server1,MVP_SIMPLE_EXPLICIT_ROBUST,trend-1,TREND_REFERENCE_UPDATED,,TREND_UP,,,,,4030.91,4048.02,0.00,0.00,0,0,0,N/A,N/A,N/A,High[1..3]/Low[1..3]
E259,2026.07.30 10:30:00.076,2.10-ROBUST-FINAL,XAUUSD!,Opogroup-Server1,MVP_SIMPLE_EXPLICIT_ROBUST,a-1/a-2/a-3,CANDLE_CLASSIFIED,,TREND_UP,,,,,4046.73,4045.86,4043.09,4051.30,0,0,0,N/A,N/A,N/A,bar=2026.07.30 10:15 class=BEARISH
E260,2026.07.30 10:30:00.076,2.10-ROBUST-FINAL,XAUUSD!,Opogroup-Server1,MVP_SIMPLE_EXPLICIT_ROBUST,trend-1,TREND_REFERENCE_UPDATED,,TREND_UP,,,,,4034.16,4051.30,0.00,0.00,0,0,0,N/A,N/A,N/A,High[1..3]/Low[1..3]
E261,2026.07.30 10:36:34.976,2.10-ROBUST-FINAL,XAUUSD!,Opogroup-Server1,MVP_SIMPLE_EXPLICIT_ROBUST,b-3,ZONE_ENGAGED,R7,TREND_UP,,,,,4039.97,0.00,0.00,0.00,0,0,0,3.00,23.00,3.00,entered/crossed zone from above
E262,2026.07.30 10:36:41.583,2.10-ROBUST-FINAL,XAUUSD!,Opogroup-Server1,MVP_SIMPLE_EXPLICIT_ROBUST,b-8,PULLBACK_PENETRATION_LATCHED,R7,TREND_UP,PB-B,Stop,,BO#08,4039.79,0.00,0.00,0.00,0,0,0,3.00,23.00,3.00,no maximum penetration in S1; first tick t+1 valid
E263,2026.07.30 10:36:41.583,2.10-ROBUST-FINAL,XAUUSD!,Opogroup-Server1,MVP_SIMPLE_EXPLICIT_ROBUST,b-8,PENDING_WAITING_NATIVE_VALIDITY,R7,TREND_UP,PB-B,Stop,,BO#08,4040.00,0.00,0.00,0.00,0,0,0,3.00,23.00,3.00,exact Rule price temporarily invalid due market/Stops Level
E264,2026.07.30 10:36:41.721,2.10-ROBUST-FINAL,XAUUSD!,Opogroup-Server1,MVP_SIMPLE_EXPLICIT_ROBUST,b-29/b-30,RISK_MODEL_READY,R7,TREND_UP,BUY,,,,4040.00,0.00,4035.00,4063.00,0,0,0,3.00,23.00,3.00,R_CAP=6.00 R0=5.00000 target_zone=R8&R9
E265,2026.07.30 10:36:41.721,2.10-ROBUST-FINAL,XAUUSD!,Opogroup-Server1,MVP_SIMPLE_EXPLICIT_ROBUST,AR-RISK-01,PORTFOLIO_RISK_PRECHECK,R7,TREND_UP,PB-B,Stop,,BO#08,4040.00,0.00,4035.00,0.00,0,0,0,3.00,23.00,3.00,mode=GROSS_DAILY pct=30.00 budget=3000.00 realized=10.70 open=0.00 pending=0.00 used=10.70 remaining=2989.30 new=5.00 allowed=true
E266,2026.07.30 10:36:41.721,2.10-ROBUST-FINAL,XAUUSD!,Opogroup-Server1,MVP_SIMPLE_EXPLICIT_ROBUST,MVP-RISK/TEST-HARNESS,MARGIN_PRECHECK,R7,TREND_UP,PB-B,Telemetry,,BO#08,4040.00,0.00,0.00,0.00,0,0,0,3.00,23.00,3.00,lot=0.0100 required_new_margin=20.20 account_margin=0.00 free_margin=10010.70 margin_level=0.00
E267,2026.07.30 10:36:41.721,2.10-ROBUST-FINAL,XAUUSD!,Opogroup-Server1,MVP_SIMPLE_EXPLICIT_ROBUST,b-8/b-11/b-29/b-30,PENDING_PLACED,R7,TREND_UP,PB-B,Stop,,BO#08,4040.00,0.00,4035.00,4063.00,10,0,0,3.00,23.00,3.00,exact zone edge; native MT5 activation; R0=5.00000 target=R8&R9
E268,2026.07.30 10:36:57.592,2.10-ROBUST-FINAL,XAUUSD!,Opogroup-Server1,MVP_SIMPLE_EXPLICIT_ROBUST,b-20,DEAL_COSTS_RECORDED,,TREND_UP,,,,,0.00,4040.13,0.00,0.00,0,10,10,N/A,N/A,N/A,profit=0.00 commission=0.00 swap=0.00 fee=0.00
E269,2026.07.30 10:36:57.592,2.10-ROBUST-FINAL,XAUUSD!,Opogroup-Server1,MVP_SIMPLE_EXPLICIT_ROBUST,b-8/b-25/b-29,ORDER_FILLED,R7,TREND_UP,PB-B,Stop,,BO#08,4040.00,4040.13,4035.00,4063.00,10,10,10,3.00,23.00,3.00,native fill; R0=5.00000 target=R8&R9
E270,2026.07.30 10:36:57.592,2.10-ROBUST-FINAL,XAUUSD!,Opogroup-Server1,MVP_SIMPLE_EXPLICIT_ROBUST,MVP-RISK/TEST-HARNESS,MARGIN_POST_FILL,R7,TREND_UP,PB-B,Telemetry,,BO#08,0.00,0.00,0.00,0.00,0,0,10,3.00,23.00,3.00,lot=0.0100 account_margin=20.20 free_margin=9990.28 margin_level=49556.83
E271,2026.07.30 10:36:57.592,2.10-ROBUST-FINAL,XAUUSD!,Opogroup-Server1,MVP_SIMPLE_EXPLICIT_ROBUST,AR-RISK-01,PORTFOLIO_RISK_POST_FILL,R7,TREND_UP,PB-B,PostFill,,BO#08,0.00,0.00,0.00,0.00,0,0,0,3.00,23.00,3.00,mode=GROSS_DAILY pct=30.00 budget=3000.00 realized=10.70 open=5.13 pending=0.00 used=15.83 overflow=false
E272,2026.07.30 10:39:03.631,2.10-ROBUST-FINAL,XAUUSD!,Opogroup-Server1,MVP_SIMPLE_EXPLICIT_ROBUST,b-3,ZONE_ENGAGED,R7,TREND_UP,,,,,4038.10,0.00,0.00,0.00,0,0,0,3.00,23.00,3.00,entered/crossed zone from below
E273,2026.07.30 10:39:03.631,2.10-ROBUST-FINAL,XAUUSD!,Opogroup-Server1,MVP_SIMPLE_EXPLICIT_ROBUST,trend-2/b-31,ZONE_TOUCH_DIRECTION_CONFIRMED,R7,TREND_UP,R-S,Market,,,4038.10,0.00,0.00,0.00,0,0,0,3.00,23.00,3.00,first valid R-S touch for this M15+zone+direction
E274,2026.07.30 10:39:03.631,2.10-ROBUST-FINAL,XAUUSD!,Opogroup-Server1,MVP_SIMPLE_EXPLICIT_ROBUST,TEST-HIGH-R/b-24,ZONE_USAGE_BLOCKED,R7,TREND_UP,R,Market,,,0.00,0.00,0.00,0.00,0,0,0,3.00,23.00,3.00,daily reversal max reached: allowed=1 executed=1
E275,2026.07.30 10:43:54.059,2.10-ROBUST-FINAL,XAUUSD!,Opogroup-Server1,MVP_SIMPLE_EXPLICIT_ROBUST,b-29,R_STAGE_CHANGED,R7,TREND_UP,P,,,,4040.00,0.00,0.00,4063.00,0,0,10,3.00,23.00,3.00,stage=1 >=1R risk-zero eligible
E276,2026.07.30 10:43:54.059,2.10-ROBUST-FINAL,XAUUSD!,Opogroup-Server1,MVP_SIMPLE_EXPLICIT_ROBUST,b-29,SL_MOVE_REQUESTED,R7,TREND_UP,P,ModifySL,,,0.00,0.00,4040.13,4063.00,0,0,10,3.00,23.00,3.00,stage=1 BE actual_fill + known_native_costs=-0.00
E277,2026.07.30 10:43:54.059,2.10-ROBUST-FINAL,XAUUSD!,Opogroup-Server1,MVP_SIMPLE_EXPLICIT_ROBUST,b-29,SL_MOVE_CONFIRMED,R7,TREND_UP,P,ModifySL,,,0.00,0.00,4040.13,4063.00,0,0,10,3.00,23.00,3.00,stage=1 BE actual_fill + known_native_costs=-0.00
E278,2026.07.30 10:45:00.022,2.10-ROBUST-FINAL,XAUUSD!,Opogroup-Server1,MVP_SIMPLE_EXPLICIT_ROBUST,a-1/a-2/a-3,CANDLE_CLASSIFIED,,TREND_UP,,,,,4045.87,4045.89,4036.10,4047.23,0,0,0,N/A,N/A,N/A,bar=2026.07.30 10:30 class=BULLISH
E279,2026.07.30 10:45:00.022,2.10-ROBUST-FINAL,XAUUSD!,Opogroup-Server1,MVP_SIMPLE_EXPLICIT_ROBUST,b-3/b-4/trend-1,BREAKOUT_SIGNAL,R7,TREND_UP,BO-B,Close,BO#09,,4045.89,0.00,0.00,0.00,0,0,0,3.00,23.00,3.00,BO#09; ZONE_ENGAGED + buffered close + trend snapshot
E280,2026.07.30 10:45:00.022,2.10-ROBUST-FINAL,XAUUSD!,Opogroup-Server1,MVP_SIMPLE_EXPLICIT_ROBUST,b-8/b-25,PULLBACK_CYCLE_CREATED,R7,TREND_UP,PB-B,Stop,,BO#09,0.00,0.00,0.00,0.00,0,0,0,3.00,23.00,3.00,valid t+1..t+5 window; pullback does not consume zone in v9
E281,2026.07.30 10:45:00.022,2.10-ROBUST-FINAL,XAUUSD!,Opogroup-Server1,MVP_SIMPLE_EXPLICIT_ROBUST,trend-1,TREND_REFERENCE_UPDATED,,TREND_UP,,,,,4035.51,4051.30,0.00,0.00,0,0,0,N/A,N/A,N/A,High[1..3]/Low[1..3]
E282,2026.07.30 10:55:34.912,2.10-ROBUST-FINAL,XAUUSD!,Opogroup-Server1,MVP_SIMPLE_EXPLICIT_ROBUST,b-20,DEAL_COSTS_RECORDED,,TREND_UP,,,,,0.00,4040.11,0.00,0.00,0,11,0,N/A,N/A,N/A,profit=-0.02 commission=0.00 swap=0.00 fee=0.00
E283,2026.07.30 10:55:34.912,2.10-ROBUST-FINAL,XAUUSD!,Opogroup-Server1,MVP_SIMPLE_EXPLICIT_ROBUST,b-20/b-23/b-26/b-29,POSITION_CLOSED,R7,TREND_UP,PB-B,,,BO#08,0.00,4040.11,0.00,0.00,0,11,10,3.00,23.00,3.00,position_net=-0.02 daily_net=10.68 R0=5.00000 max_r_stage=1 stacked_pullback=false reversal_ordinal=0
E284,2026.07.30 10:55:54.574,2.10-ROBUST-FINAL,XAUUSD!,Opogroup-Server1,MVP_SIMPLE_EXPLICIT_ROBUST,b-3,ZONE_ENGAGED,R7,TREND_UP,,,,,4039.96,0.00,0.00,0.00,0,0,0,3.00,23.00,3.00,entered/crossed zone from above
E285,2026.07.30 10:55:55.009,2.10-ROBUST-FINAL,XAUUSD!,Opogroup-Server1,MVP_SIMPLE_EXPLICIT_ROBUST,b-8,PULLBACK_PENETRATION_LATCHED,R7,TREND_UP,PB-B,Stop,,BO#09,4039.78,0.00,0.00,0.00,0,0,0,3.00,23.00,3.00,no maximum penetration in S1; first tick t+1 valid
E286,2026.07.30 10:55:55.009,2.10-ROBUST-FINAL,XAUUSD!,Opogroup-Server1,MVP_SIMPLE_EXPLICIT_ROBUST,b-8,PENDING_WAITING_NATIVE_VALIDITY,R7,TREND_UP,PB-B,Stop,,BO#09,4040.00,0.00,0.00,0.00,0,0,0,3.00,23.00,3.00,exact Rule price temporarily invalid due market/Stops Level
E287,2026.07.30 10:55:55.018,2.10-ROBUST-FINAL,XAUUSD!,Opogroup-Server1,MVP_SIMPLE_EXPLICIT_ROBUST,b-29/b-30,RISK_MODEL_READY,R7,TREND_UP,BUY,,,,4040.00,0.00,4035.00,4063.00,0,0,0,3.00,23.00,3.00,R_CAP=6.00 R0=5.00000 target_zone=R8&R9
E288,2026.07.30 10:55:55.018,2.10-ROBUST-FINAL,XAUUSD!,Opogroup-Server1,MVP_SIMPLE_EXPLICIT_ROBUST,AR-RISK-01,PORTFOLIO_RISK_PRECHECK,R7,TREND_UP,PB-B,Stop,,BO#09,4040.00,0.00,4035.00,0.00,0,0,0,3.00,23.00,3.00,mode=GROSS_DAILY pct=30.00 budget=3000.00 realized=10.72 open=0.00 pending=0.00 used=10.72 remaining=2989.28 new=5.00 allowed=true
E289,2026.07.30 10:55:55.018,2.10-ROBUST-FINAL,XAUUSD!,Opogroup-Server1,MVP_SIMPLE_EXPLICIT_ROBUST,MVP-RISK/TEST-HARNESS,MARGIN_PRECHECK,R7,TREND_UP,PB-B,Telemetry,,BO#09,4040.00,0.00,0.00,0.00,0,0,0,3.00,23.00,3.00,lot=0.0100 required_new_margin=20.20 account_margin=0.00 free_margin=10010.68 margin_level=0.00
E290,2026.07.30 10:55:55.018,2.10-ROBUST-FINAL,XAUUSD!,Opogroup-Server1,MVP_SIMPLE_EXPLICIT_ROBUST,b-8/b-11/b-29/b-30,PENDING_PLACED,R7,TREND_UP,PB-B,Stop,,BO#09,4040.00,0.00,4035.00,4063.00,12,0,0,3.00,23.00,3.00,exact zone edge; native MT5 activation; R0=5.00000 target=R8&R9
E291,2026.07.30 10:55:55.476,2.10-ROBUST-FINAL,XAUUSD!,Opogroup-Server1,MVP_SIMPLE_EXPLICIT_ROBUST,b-20,DEAL_COSTS_RECORDED,,TREND_UP,,,,,0.00,4040.00,0.00,0.00,0,12,12,N/A,N/A,N/A,profit=0.00 commission=0.00 swap=0.00 fee=0.00
E292,2026.07.30 10:55:55.476,2.10-ROBUST-FINAL,XAUUSD!,Opogroup-Server1,MVP_SIMPLE_EXPLICIT_ROBUST,b-8/b-25/b-29,ORDER_FILLED,R7,TREND_UP,PB-B,Stop,,BO#09,4040.00,4040.00,4035.00,4063.00,12,12,12,3.00,23.00,3.00,native fill; R0=5.00000 target=R8&R9
E293,2026.07.30 10:55:55.476,2.10-ROBUST-FINAL,XAUUSD!,Opogroup-Server1,MVP_SIMPLE_EXPLICIT_ROBUST,MVP-RISK/TEST-HARNESS,MARGIN_POST_FILL,R7,TREND_UP,PB-B,Telemetry,,BO#09,0.00,0.00,0.00,0.00,0,0,12,3.00,23.00,3.00,lot=0.0100 account_margin=20.20 free_margin=9990.26 margin_level=49556.73
E294,2026.07.30 10:55:55.476,2.10-ROBUST-FINAL,XAUUSD!,Opogroup-Server1,MVP_SIMPLE_EXPLICIT_ROBUST,AR-RISK-01,PORTFOLIO_RISK_POST_FILL,R7,TREND_UP,PB-B,PostFill,,BO#09,0.00,0.00,0.00,0.00,0,0,0,3.00,23.00,3.00,mode=GROSS_DAILY pct=30.00 budget=3000.00 realized=10.72 open=5.00 pending=0.00 used=15.72 overflow=false
E295,2026.07.30 11:00:00.006,2.10-ROBUST-FINAL,XAUUSD!,Opogroup-Server1,MVP_SIMPLE_EXPLICIT_ROBUST,a-1/a-2/a-3,CANDLE_CLASSIFIED,,TREND_UP,,,,,4045.91,4038.53,4038.06,4046.53,0,0,0,N/A,N/A,N/A,bar=2026.07.30 10:45 class=BEARISH
E296,2026.07.30 11:00:00.006,2.10-ROBUST-FINAL,XAUUSD!,Opogroup-Server1,MVP_SIMPLE_EXPLICIT_ROBUST,trend-1,TREND_REFERENCE_UPDATED,,TREND_UP,,,,,4036.10,4051.30,0.00,0.00,0,0,0,N/A,N/A,N/A,High[1..3]/Low[1..3]
E297,2026.07.30 11:00:00.006,2.10-ROBUST-FINAL,XAUUSD!,Opogroup-Server1,MVP_SIMPLE_EXPLICIT_ROBUST,b-3,ZONE_ENGAGED,R7,TREND_UP,,,,,4038.50,0.00,0.00,0.00,0,0,0,3.00,23.00,3.00,bar opened inside zone
E298,2026.07.30 11:00:31.557,2.10-ROBUST-FINAL,XAUUSD!,Opogroup-Server1,MVP_SIMPLE_EXPLICIT_ROBUST,trend-2/b-31,ZONE_TOUCH_DIRECTION_CONFIRMED,R7,TREND_UP,R-S,Market,,,4038.00,0.00,0.00,0.00,0,0,0,3.00,23.00,3.00,first valid R-S touch for this M15+zone+direction
E299,2026.07.30 11:00:31.557,2.10-ROBUST-FINAL,XAUUSD!,Opogroup-Server1,MVP_SIMPLE_EXPLICIT_ROBUST,TEST-HIGH-R/b-24,ZONE_USAGE_BLOCKED,R7,TREND_UP,R,Market,,,0.00,0.00,0.00,0.00,0,0,0,3.00,23.00,3.00,daily reversal max reached: allowed=1 executed=1
E300,2026.07.30 11:04:36.949,2.10-ROBUST-FINAL,XAUUSD!,Opogroup-Server1,MVP_SIMPLE_EXPLICIT_ROBUST,b-29,R_STAGE_CHANGED,R7,TREND_UP,P,,,,4040.00,0.00,0.00,4063.00,0,0,12,3.00,23.00,3.00,stage=1 >=1R risk-zero eligible
E301,2026.07.30 11:04:36.949,2.10-ROBUST-FINAL,XAUUSD!,Opogroup-Server1,MVP_SIMPLE_EXPLICIT_ROBUST,b-29,SL_MOVE_REQUESTED,R7,TREND_UP,P,ModifySL,,,0.00,0.00,4040.00,4063.00,0,0,12,3.00,23.00,3.00,stage=1 BE actual_fill + known_native_costs=-0.00
E302,2026.07.30 11:04:36.949,2.10-ROBUST-FINAL,XAUUSD!,Opogroup-Server1,MVP_SIMPLE_EXPLICIT_ROBUST,b-29,SL_MOVE_CONFIRMED,R7,TREND_UP,P,ModifySL,,,0.00,0.00,4040.00,4063.00,0,0,12,3.00,23.00,3.00,stage=1 BE actual_fill + known_native_costs=-0.00
E303,2026.07.30 11:05:29.933,2.10-ROBUST-FINAL,XAUUSD!,Opogroup-Server1,MVP_SIMPLE_EXPLICIT_ROBUST,b-29,R_STAGE_CHANGED,R7,TREND_UP,P,,,,4040.00,0.00,0.00,4063.00,0,0,12,3.00,23.00,3.00,stage=2 >=1.5R lock +0.5R
E304,2026.07.30 11:05:29.933,2.10-ROBUST-FINAL,XAUUSD!,Opogroup-Server1,MVP_SIMPLE_EXPLICIT_ROBUST,b-29,SL_MOVE_REQUESTED,R7,TREND_UP,P,ModifySL,,,0.00,0.00,4042.50,4063.00,0,0,12,3.00,23.00,3.00,stage=2 lock +0.5R
E305,2026.07.30 11:05:29.933,2.10-ROBUST-FINAL,XAUUSD!,Opogroup-Server1,MVP_SIMPLE_EXPLICIT_ROBUST,b-29,SL_MOVE_CONFIRMED,R7,TREND_UP,P,ModifySL,,,0.00,0.00,4042.50,4063.00,0,0,12,3.00,23.00,3.00,stage=2 lock +0.5R
E306,2026.07.30 11:06:38.515,2.10-ROBUST-FINAL,XAUUSD!,Opogroup-Server1,MVP_SIMPLE_EXPLICIT_ROBUST,b-29,R_STAGE_CHANGED,R7,TREND_UP,P,,,,4040.00,0.00,0.00,4063.00,0,0,12,3.00,23.00,3.00,stage=3 >=2R structural trail active
E307,2026.07.30 11:15:00.004,2.10-ROBUST-FINAL,XAUUSD!,Opogroup-Server1,MVP_SIMPLE_EXPLICIT_ROBUST,a-1/a-2/a-3,CANDLE_CLASSIFIED,,TREND_UP,,,,,4038.50,4053.31,4036.63,4056.12,0,0,0,N/A,N/A,N/A,bar=2026.07.30 11:00 class=BULLISH
E308,2026.07.30 11:15:00.004,2.10-ROBUST-FINAL,XAUUSD!,Opogroup-Server1,MVP_SIMPLE_EXPLICIT_ROBUST,b-3/b-4/trend-1,BREAKOUT_SIGNAL,R7,TREND_UP,BO-B,Close,BO#10,,4053.31,0.00,0.00,0.00,0,0,0,3.00,23.00,3.00,BO#10; ZONE_ENGAGED + buffered close + trend snapshot
E309,2026.07.30 11:15:00.004,2.10-ROBUST-FINAL,XAUUSD!,Opogroup-Server1,MVP_SIMPLE_EXPLICIT_ROBUST,trend-1,TREND_REFERENCE_UPDATED,,TREND_UP,,,,,4036.10,4056.12,0.00,0.00,0,0,0,N/A,N/A,N/A,High[1..3]/Low[1..3]
E310,2026.07.30 11:23:47.708,2.10-ROBUST-FINAL,XAUUSD!,Opogroup-Server1,MVP_SIMPLE_EXPLICIT_ROBUST,b-3,ZONE_ENGAGED,R8&R9,TREND_UP,,,,,4063.09,0.00,0.00,0.00,0,0,0,23.00,2.00,2.00,entered/crossed zone from below
E311,2026.07.30 11:23:47.708,2.10-ROBUST-FINAL,XAUUSD!,Opogroup-Server1,MVP_SIMPLE_EXPLICIT_ROBUST,trend-2/b-31,ZONE_TOUCH_DIRECTION_CONFIRMED,R8&R9,TREND_UP,R-S,Market,,,4063.09,0.00,0.00,0.00,0,0,0,23.00,2.00,2.00,first valid R-S touch for this M15+zone+direction
E312,2026.07.30 11:23:47.708,2.10-ROBUST-FINAL,XAUUSD!,Opogroup-Server1,MVP_SIMPLE_EXPLICIT_ROBUST,TEST-HIGH-R/b-24,ZONE_USAGE_BLOCKED,R8&R9,TREND_UP,R,Market,,,0.00,0.00,0.00,0.00,0,0,0,23.00,2.00,2.00,daily reversal max reached: allowed=1 executed=1
E313,2026.07.30 11:23:47.708,2.10-ROBUST-FINAL,XAUUSD!,Opogroup-Server1,MVP_SIMPLE_EXPLICIT_ROBUST,b-20,DEAL_COSTS_RECORDED,,TREND_UP,,,,,0.00,4063.09,0.00,0.00,0,13,0,N/A,N/A,N/A,profit=23.09 commission=0.00 swap=0.00 fee=0.00
E314,2026.07.30 11:23:47.708,2.10-ROBUST-FINAL,XAUUSD!,Opogroup-Server1,MVP_SIMPLE_EXPLICIT_ROBUST,b-20/b-23/b-26/b-29,POSITION_CLOSED,R7,TREND_UP,PB-B,,,BO#09,0.00,4063.09,0.00,0.00,0,13,12,3.00,23.00,3.00,position_net=23.09 daily_net=33.77 R0=5.00000 max_r_stage=3 stacked_pullback=false reversal_ordinal=0
E315,2026.07.30 11:27:28.261,2.10-ROBUST-FINAL,XAUUSD!,Opogroup-Server1,MVP_SIMPLE_EXPLICIT_ROBUST,b-3,ZONE_ENGAGED,R10,TREND_UP,,,,,4068.00,0.00,0.00,0.00,0,0,0,2.00,16.00,2.00,entered/crossed zone from below
E316,2026.07.30 11:27:28.261,2.10-ROBUST-FINAL,XAUUSD!,Opogroup-Server1,MVP_SIMPLE_EXPLICIT_ROBUST,trend-2/b-31,ZONE_TOUCH_DIRECTION_CONFIRMED,R10,TREND_UP,R-S,Market,,,4068.00,0.00,0.00,0.00,0,0,0,2.00,16.00,2.00,first valid R-S touch for this M15+zone+direction
E317,2026.07.30 11:27:28.261,2.10-ROBUST-FINAL,XAUUSD!,Opogroup-Server1,MVP_SIMPLE_EXPLICIT_ROBUST,TEST-HIGH-R/b-24,ZONE_USAGE_BLOCKED,R10,TREND_UP,R,Market,,,0.00,0.00,0.00,0.00,0,0,0,2.00,16.00,2.00,daily reversal max reached: allowed=1 executed=1
E318,2026.07.30 11:27:41.483,2.10-ROBUST-FINAL,XAUUSD!,Opogroup-Server1,MVP_SIMPLE_EXPLICIT_ROBUST,b-3,ZONE_ENGAGED,R8&R9,TREND_UP,,,,,4066.00,0.00,0.00,0.00,0,0,0,23.00,2.00,2.00,entered/crossed zone from above
E319,2026.07.30 11:30:00.154,2.10-ROBUST-FINAL,XAUUSD!,Opogroup-Server1,MVP_SIMPLE_EXPLICIT_ROBUST,a-1/a-2/a-3,CANDLE_CLASSIFIED,,TREND_UP,,,,,4053.37,4064.30,4052.19,4068.44,0,0,0,N/A,N/A,N/A,bar=2026.07.30 11:15 class=BULLISH
E320,2026.07.30 11:30:00.154,2.10-ROBUST-FINAL,XAUUSD!,Opogroup-Server1,MVP_SIMPLE_EXPLICIT_ROBUST,trend-1,TREND_REFERENCE_UPDATED,,TREND_UP,,,,,4036.63,4068.44,0.00,0.00,0,0,0,N/A,N/A,N/A,High[1..3]/Low[1..3]
E321,2026.07.30 11:30:00.154,2.10-ROBUST-FINAL,XAUUSD!,Opogroup-Server1,MVP_SIMPLE_EXPLICIT_ROBUST,b-3,ZONE_ENGAGED,R8&R9,TREND_UP,,,,,4064.25,0.00,0.00,0.00,0,0,0,23.00,2.00,2.00,bar opened inside zone
E322,2026.07.30 11:30:54.943,2.10-ROBUST-FINAL,XAUUSD!,Opogroup-Server1,MVP_SIMPLE_EXPLICIT_ROBUST,b-3,ZONE_ENGAGED,R10,TREND_UP,,,,,4068.08,0.00,0.00,0.00,0,0,0,2.00,16.00,2.00,entered/crossed zone from below
E323,2026.07.30 11:30:54.943,2.10-ROBUST-FINAL,XAUUSD!,Opogroup-Server1,MVP_SIMPLE_EXPLICIT_ROBUST,trend-2/b-31,ZONE_TOUCH_DIRECTION_CONFIRMED,R10,TREND_UP,R-S,Market,,,4068.08,0.00,0.00,0.00,0,0,0,2.00,16.00,2.00,first valid R-S touch for this M15+zone+direction
E324,2026.07.30 11:30:54.943,2.10-ROBUST-FINAL,XAUUSD!,Opogroup-Server1,MVP_SIMPLE_EXPLICIT_ROBUST,TEST-HIGH-R/b-24,ZONE_USAGE_BLOCKED,R10,TREND_UP,R,Market,,,0.00,0.00,0.00,0.00,0,0,0,2.00,16.00,2.00,daily reversal max reached: allowed=1 executed=1
E325,2026.07.30 11:31:26.650,2.10-ROBUST-FINAL,XAUUSD!,Opogroup-Server1,MVP_SIMPLE_EXPLICIT_ROBUST,b-3,ZONE_ENGAGED,R10,TREND_UP,,,,,4068.99,0.00,0.00,0.00,0,0,0,2.00,16.00,2.00,entered/crossed zone from above
E326,2026.07.30 11:41:33.746,2.10-ROBUST-FINAL,XAUUSD!,Opogroup-Server1,MVP_SIMPLE_EXPLICIT_ROBUST,trend-2/b-31,ZONE_TOUCH_DIRECTION_CONFIRMED,R8&R9,TREND_UP,R-S,Market,,,4063.01,0.00,0.00,0.00,0,0,0,23.00,2.00,2.00,first valid R-S touch for this M15+zone+direction
E327,2026.07.30 11:41:33.746,2.10-ROBUST-FINAL,XAUUSD!,Opogroup-Server1,MVP_SIMPLE_EXPLICIT_ROBUST,TEST-HIGH-R/b-24,ZONE_USAGE_BLOCKED,R8&R9,TREND_UP,R,Market,,,0.00,0.00,0.00,0.00,0,0,0,23.00,2.00,2.00,daily reversal max reached: allowed=1 executed=1
E328,2026.07.30 11:45:00.019,2.10-ROBUST-FINAL,XAUUSD!,Opogroup-Server1,MVP_SIMPLE_EXPLICIT_ROBUST,a-1/a-2/a-3,CANDLE_CLASSIFIED,,TREND_UP,,,,,4064.25,4065.80,4062.94,4072.95,0,0,0,N/A,N/A,N/A,bar=2026.07.30 11:30 class=BULLISH
E329,2026.07.30 11:45:00.019,2.10-ROBUST-FINAL,XAUUSD!,Opogroup-Server1,MVP_SIMPLE_EXPLICIT_ROBUST,trend-1,TREND_REFERENCE_UPDATED,,TREND_UP,,,,,4036.63,4072.95,0.00,0.00,0,0,0,N/A,N/A,N/A,High[1..3]/Low[1..3]
E330,2026.07.30 11:45:00.019,2.10-ROBUST-FINAL,XAUUSD!,Opogroup-Server1,MVP_SIMPLE_EXPLICIT_ROBUST,b-3,ZONE_ENGAGED,R8&R9,TREND_UP,,,,,4065.82,0.00,0.00,0.00,0,0,0,23.00,2.00,2.00,bar opened inside zone
E331,2026.07.30 11:45:53.565,2.10-ROBUST-FINAL,XAUUSD!,Opogroup-Server1,MVP_SIMPLE_EXPLICIT_ROBUST,b-3,ZONE_ENGAGED,R10,TREND_UP,,,,,4068.00,0.00,0.00,0.00,0,0,0,2.00,16.00,2.00,entered/crossed zone from below
E332,2026.07.30 11:45:53.565,2.10-ROBUST-FINAL,XAUUSD!,Opogroup-Server1,MVP_SIMPLE_EXPLICIT_ROBUST,trend-2/b-31,ZONE_TOUCH_DIRECTION_CONFIRMED,R10,TREND_UP,R-S,Market,,,4068.00,0.00,0.00,0.00,0,0,0,2.00,16.00,2.00,first valid R-S touch for this M15+zone+direction
E333,2026.07.30 11:45:53.565,2.10-ROBUST-FINAL,XAUUSD!,Opogroup-Server1,MVP_SIMPLE_EXPLICIT_ROBUST,TEST-HIGH-R/b-24,ZONE_USAGE_BLOCKED,R10,TREND_UP,R,Market,,,0.00,0.00,0.00,0.00,0,0,0,2.00,16.00,2.00,daily reversal max reached: allowed=1 executed=1
E334,2026.07.30 11:46:40.956,2.10-ROBUST-FINAL,XAUUSD!,Opogroup-Server1,MVP_SIMPLE_EXPLICIT_ROBUST,b-3,ZONE_ENGAGED,R10,TREND_UP,,,,,4069.00,0.00,0.00,0.00,0,0,0,2.00,16.00,2.00,entered/crossed zone from above
E335,2026.07.30 11:50:18.347,2.10-ROBUST-FINAL,XAUUSD!,Opogroup-Server1,MVP_SIMPLE_EXPLICIT_ROBUST,trend-2/b-31,ZONE_TOUCH_DIRECTION_CONFIRMED,R8&R9,TREND_UP,R-S,Market,,,4063.00,0.00,0.00,0.00,0,0,0,23.00,2.00,2.00,first valid R-S touch for this M15+zone+direction
E336,2026.07.30 11:50:18.347,2.10-ROBUST-FINAL,XAUUSD!,Opogroup-Server1,MVP_SIMPLE_EXPLICIT_ROBUST,TEST-HIGH-R/b-24,ZONE_USAGE_BLOCKED,R8&R9,TREND_UP,R,Market,,,0.00,0.00,0.00,0.00,0,0,0,23.00,2.00,2.00,daily reversal max reached: allowed=1 executed=1
E337,2026.07.30 12:00:00.125,2.10-ROBUST-FINAL,XAUUSD!,Opogroup-Server1,MVP_SIMPLE_EXPLICIT_ROBUST,a-1/a-2/a-3,CANDLE_CLASSIFIED,,TREND_UP,,,,,4065.82,4061.65,4059.41,4070.88,0,0,0,N/A,N/A,N/A,bar=2026.07.30 11:45 class=BEARISH
E338,2026.07.30 12:00:00.125,2.10-ROBUST-FINAL,XAUUSD!,Opogroup-Server1,MVP_SIMPLE_EXPLICIT_ROBUST,trend-1,TREND_REFERENCE_UPDATED,,TREND_UP,,,,,4052.19,4072.95,0.00,0.00,0,0,0,N/A,N/A,N/A,High[1..3]/Low[1..3]
E339,2026.07.30 12:02:21.234,2.10-ROBUST-FINAL,XAUUSD!,Opogroup-Server1,MVP_SIMPLE_EXPLICIT_ROBUST,b-3,ZONE_ENGAGED,R8&R9,TREND_UP,,,,,4063.03,0.00,0.00,0.00,0,0,0,23.00,2.00,2.00,entered/crossed zone from below
E340,2026.07.30 12:02:21.234,2.10-ROBUST-FINAL,XAUUSD!,Opogroup-Server1,MVP_SIMPLE_EXPLICIT_ROBUST,trend-2/b-31,ZONE_TOUCH_DIRECTION_CONFIRMED,R8&R9,TREND_UP,R-S,Market,,,4063.03,0.00,0.00,0.00,0,0,0,23.00,2.00,2.00,first valid R-S touch for this M15+zone+direction
E341,2026.07.30 12:02:21.234,2.10-ROBUST-FINAL,XAUUSD!,Opogroup-Server1,MVP_SIMPLE_EXPLICIT_ROBUST,TEST-HIGH-R/b-24,ZONE_USAGE_BLOCKED,R8&R9,TREND_UP,R,Market,,,0.00,0.00,0.00,0.00,0,0,0,23.00,2.00,2.00,daily reversal max reached: allowed=1 executed=1
E342,2026.07.30 12:02:30.810,2.10-ROBUST-FINAL,XAUUSD!,Opogroup-Server1,MVP_SIMPLE_EXPLICIT_ROBUST,b-3,ZONE_ENGAGED,R8&R9,TREND_UP,,,,,4065.99,0.00,0.00,0.00,0,0,0,23.00,2.00,2.00,entered/crossed zone from above
E343,2026.07.30 12:06:20.271,2.10-ROBUST-FINAL,XAUUSD!,Opogroup-Server1,MVP_SIMPLE_EXPLICIT_ROBUST,b-3,ZONE_ENGAGED,R10,TREND_UP,,,,,4068.10,0.00,0.00,0.00,0,0,0,2.00,16.00,2.00,entered/crossed zone from below
E344,2026.07.30 12:06:20.271,2.10-ROBUST-FINAL,XAUUSD!,Opogroup-Server1,MVP_SIMPLE_EXPLICIT_ROBUST,trend-2/b-31,ZONE_TOUCH_DIRECTION_CONFIRMED,R10,TREND_UP,R-S,Market,,,4068.10,0.00,0.00,0.00,0,0,0,2.00,16.00,2.00,first valid R-S touch for this M15+zone+direction
E345,2026.07.30 12:06:20.271,2.10-ROBUST-FINAL,XAUUSD!,Opogroup-Server1,MVP_SIMPLE_EXPLICIT_ROBUST,TEST-HIGH-R/b-24,ZONE_USAGE_BLOCKED,R10,TREND_UP,R,Market,,,0.00,0.00,0.00,0.00,0,0,0,2.00,16.00,2.00,daily reversal max reached: allowed=1 executed=1
E346,2026.07.30 12:14:49.555,2.10-ROBUST-FINAL,XAUUSD!,Opogroup-Server1,MVP_SIMPLE_EXPLICIT_ROBUST,b-3,ZONE_ENGAGED,R10,TREND_UP,,,,,4068.95,0.00,0.00,0.00,0,0,0,2.00,16.00,2.00,entered/crossed zone from above
E347,2026.07.30 12:15:00.006,2.10-ROBUST-FINAL,XAUUSD!,Opogroup-Server1,MVP_SIMPLE_EXPLICIT_ROBUST,a-1/a-2/a-3,CANDLE_CLASSIFIED,,TREND_UP,,,,,4061.63,4066.09,4060.31,4069.10,0,0,0,N/A,N/A,N/A,bar=2026.07.30 12:00 class=BULLISH
E348,2026.07.30 12:15:00.006,2.10-ROBUST-FINAL,XAUUSD!,Opogroup-Server1,MVP_SIMPLE_EXPLICIT_ROBUST,trend-1,TREND_REFERENCE_UPDATED,,TREND_UP,,,,,4059.41,4072.95,0.00,0.00,0,0,0,N/A,N/A,N/A,High[1..3]/Low[1..3]
E349,2026.07.30 12:15:00.373,2.10-ROBUST-FINAL,XAUUSD!,Opogroup-Server1,MVP_SIMPLE_EXPLICIT_ROBUST,b-3,ZONE_ENGAGED,R8&R9,TREND_UP,,,,,4065.98,0.00,0.00,0.00,0,0,0,23.00,2.00,2.00,entered/crossed zone from above
E350,2026.07.30 12:21:14.210,2.10-ROBUST-FINAL,XAUUSD!,Opogroup-Server1,MVP_SIMPLE_EXPLICIT_ROBUST,b-3,ZONE_ENGAGED,R10,TREND_UP,,,,,4068.06,0.00,0.00,0.00,0,0,0,2.00,16.00,2.00,entered/crossed zone from below
E351,2026.07.30 12:21:14.210,2.10-ROBUST-FINAL,XAUUSD!,Opogroup-Server1,MVP_SIMPLE_EXPLICIT_ROBUST,trend-2/b-31,ZONE_TOUCH_DIRECTION_CONFIRMED,R10,TREND_UP,R-S,Market,,,4068.06,0.00,0.00,0.00,0,0,0,2.00,16.00,2.00,first valid R-S touch for this M15+zone+direction
E352,2026.07.30 12:21:14.210,2.10-ROBUST-FINAL,XAUUSD!,Opogroup-Server1,MVP_SIMPLE_EXPLICIT_ROBUST,TEST-HIGH-R/b-24,ZONE_USAGE_BLOCKED,R10,TREND_UP,R,Market,,,0.00,0.00,0.00,0.00,0,0,0,2.00,16.00,2.00,daily reversal max reached: allowed=1 executed=1
E353,2026.07.30 12:23:05.418,2.10-ROBUST-FINAL,XAUUSD!,Opogroup-Server1,MVP_SIMPLE_EXPLICIT_ROBUST,b-3,ZONE_ENGAGED,R10,TREND_UP,,,,,4069.00,0.00,0.00,0.00,0,0,0,2.00,16.00,2.00,entered/crossed zone from above
E354,2026.07.30 12:30:00.237,2.10-ROBUST-FINAL,XAUUSD!,Opogroup-Server1,MVP_SIMPLE_EXPLICIT_ROBUST,a-1/a-2/a-3,CANDLE_CLASSIFIED,,TREND_UP,,,,,4066.08,4067.89,4064.37,4072.40,0,0,0,N/A,N/A,N/A,bar=2026.07.30 12:15 class=BULLISH
E355,2026.07.30 12:30:00.237,2.10-ROBUST-FINAL,XAUUSD!,Opogroup-Server1,MVP_SIMPLE_EXPLICIT_ROBUST,trend-1,TREND_REFERENCE_UPDATED,,TREND_UP,,,,,4059.41,4072.40,0.00,0.00,0,0,0,N/A,N/A,N/A,High[1..3]/Low[1..3]
E356,2026.07.30 12:30:04.002,2.10-ROBUST-FINAL,XAUUSD!,Opogroup-Server1,MVP_SIMPLE_EXPLICIT_ROBUST,b-3,ZONE_ENGAGED,R10,TREND_UP,,,,,4068.07,0.00,0.00,0.00,0,0,0,2.00,16.00,2.00,entered/crossed zone from below
E357,2026.07.30 12:30:04.002,2.10-ROBUST-FINAL,XAUUSD!,Opogroup-Server1,MVP_SIMPLE_EXPLICIT_ROBUST,trend-2/b-31,ZONE_TOUCH_DIRECTION_CONFIRMED,R10,TREND_UP,R-S,Market,,,4068.07,0.00,0.00,0.00,0,0,0,2.00,16.00,2.00,first valid R-S touch for this M15+zone+direction
E358,2026.07.30 12:30:04.002,2.10-ROBUST-FINAL,XAUUSD!,Opogroup-Server1,MVP_SIMPLE_EXPLICIT_ROBUST,TEST-HIGH-R/b-24,ZONE_USAGE_BLOCKED,R10,TREND_UP,R,Market,,,0.00,0.00,0.00,0.00,0,0,0,2.00,16.00,2.00,daily reversal max reached: allowed=1 executed=1
E359,2026.07.30 12:30:30.258,2.10-ROBUST-FINAL,XAUUSD!,Opogroup-Server1,MVP_SIMPLE_EXPLICIT_ROBUST,b-3,ZONE_ENGAGED,R8&R9,TREND_UP,,,,,4065.95,0.00,0.00,0.00,0,0,0,23.00,2.00,2.00,entered/crossed zone from above
E360,2026.07.30 12:32:11.264,2.10-ROBUST-FINAL,XAUUSD!,Opogroup-Server1,MVP_SIMPLE_EXPLICIT_ROBUST,b-3,ZONE_ENGAGED,R8&R9,TREND_UP,,,,,4063.00,0.00,0.00,0.00,0,0,0,23.00,2.00,2.00,entered/crossed zone from below
E361,2026.07.30 12:32:11.264,2.10-ROBUST-FINAL,XAUUSD!,Opogroup-Server1,MVP_SIMPLE_EXPLICIT_ROBUST,trend-2/b-31,ZONE_TOUCH_DIRECTION_CONFIRMED,R8&R9,TREND_UP,R-S,Market,,,4063.00,0.00,0.00,0.00,0,0,0,23.00,2.00,2.00,first valid R-S touch for this M15+zone+direction
E362,2026.07.30 12:32:11.264,2.10-ROBUST-FINAL,XAUUSD!,Opogroup-Server1,MVP_SIMPLE_EXPLICIT_ROBUST,TEST-HIGH-R/b-24,ZONE_USAGE_BLOCKED,R8&R9,TREND_UP,R,Market,,,0.00,0.00,0.00,0.00,0,0,0,23.00,2.00,2.00,daily reversal max reached: allowed=1 executed=1
E363,2026.07.30 12:37:24.899,2.10-ROBUST-FINAL,XAUUSD!,Opogroup-Server1,MVP_SIMPLE_EXPLICIT_ROBUST,b-3,ZONE_ENGAGED,R10,TREND_UP,,,,,4068.94,0.00,0.00,0.00,0,0,0,2.00,16.00,2.00,entered/crossed zone from above
E364,2026.07.30 12:45:00.005,2.10-ROBUST-FINAL,XAUUSD!,Opogroup-Server1,MVP_SIMPLE_EXPLICIT_ROBUST,a-1/a-2/a-3,CANDLE_CLASSIFIED,,TREND_UP,,,,,4067.85,4065.51,4060.55,4069.25,0,0,0,N/A,N/A,N/A,bar=2026.07.30 12:30 class=BEARISH
E365,2026.07.30 12:45:00.005,2.10-ROBUST-FINAL,XAUUSD!,Opogroup-Server1,MVP_SIMPLE_EXPLICIT_ROBUST,trend-1,TREND_REFERENCE_UPDATED,,TREND_UP,,,,,4060.31,4072.40,0.00,0.00,0,0,0,N/A,N/A,N/A,High[1..3]/Low[1..3]
E366,2026.07.30 12:45:00.005,2.10-ROBUST-FINAL,XAUUSD!,Opogroup-Server1,MVP_SIMPLE_EXPLICIT_ROBUST,b-3,ZONE_ENGAGED,R8&R9,TREND_UP,,,,,4065.50,0.00,0.00,0.00,0,0,0,23.00,2.00,2.00,bar opened inside zone
E367,2026.07.30 12:49:51.142,2.10-ROBUST-FINAL,XAUUSD!,Opogroup-Server1,MVP_SIMPLE_EXPLICIT_ROBUST,b-3,ZONE_ENGAGED,R10,TREND_UP,,,,,4068.01,0.00,0.00,0.00,0,0,0,2.00,16.00,2.00,entered/crossed zone from below
E368,2026.07.30 12:49:51.142,2.10-ROBUST-FINAL,XAUUSD!,Opogroup-Server1,MVP_SIMPLE_EXPLICIT_ROBUST,trend-2/b-31,ZONE_TOUCH_DIRECTION_CONFIRMED,R10,TREND_UP,R-S,Market,,,4068.01,0.00,0.00,0.00,0,0,0,2.00,16.00,2.00,first valid R-S touch for this M15+zone+direction
E369,2026.07.30 12:49:51.142,2.10-ROBUST-FINAL,XAUUSD!,Opogroup-Server1,MVP_SIMPLE_EXPLICIT_ROBUST,TEST-HIGH-R/b-24,ZONE_USAGE_BLOCKED,R10,TREND_UP,R,Market,,,0.00,0.00,0.00,0.00,0,0,0,2.00,16.00,2.00,daily reversal max reached: allowed=1 executed=1
E370,2026.07.30 12:49:53.442,2.10-ROBUST-FINAL,XAUUSD!,Opogroup-Server1,MVP_SIMPLE_EXPLICIT_ROBUST,b-3,ZONE_ENGAGED,R10,TREND_UP,,,,,4069.00,0.00,0.00,0.00,0,0,0,2.00,16.00,2.00,entered/crossed zone from above
E371,2026.07.30 12:59:33.056,2.10-ROBUST-FINAL,XAUUSD!,Opogroup-Server1,MVP_SIMPLE_EXPLICIT_ROBUST,trend-2/b-31,ZONE_TOUCH_DIRECTION_CONFIRMED,R8&R9,TREND_UP,R-S,Market,,,4063.00,0.00,0.00,0.00,0,0,0,23.00,2.00,2.00,first valid R-S touch for this M15+zone+direction
E372,2026.07.30 12:59:33.056,2.10-ROBUST-FINAL,XAUUSD!,Opogroup-Server1,MVP_SIMPLE_EXPLICIT_ROBUST,TEST-HIGH-R/b-24,ZONE_USAGE_BLOCKED,R8&R9,TREND_UP,R,Market,,,0.00,0.00,0.00,0.00,0,0,0,23.00,2.00,2.00,daily reversal max reached: allowed=1 executed=1
E373,2026.07.30 13:00:00.073,2.10-ROBUST-FINAL,XAUUSD!,Opogroup-Server1,MVP_SIMPLE_EXPLICIT_ROBUST,a-1/a-2/a-3,CANDLE_CLASSIFIED,,TREND_UP,,,,,4065.50,4063.19,4062.35,4073.11,0,0,0,N/A,N/A,N/A,bar=2026.07.30 12:45 class=BEARISH
E374,2026.07.30 13:00:00.073,2.10-ROBUST-FINAL,XAUUSD!,Opogroup-Server1,MVP_SIMPLE_EXPLICIT_ROBUST,trend-1,TREND_REFERENCE_UPDATED,,TREND_UP,,,,,4060.55,4073.11,0.00,0.00,0,0,0,N/A,N/A,N/A,High[1..3]/Low[1..3]
E375,2026.07.30 13:00:00.073,2.10-ROBUST-FINAL,XAUUSD!,Opogroup-Server1,MVP_SIMPLE_EXPLICIT_ROBUST,b-3,ZONE_ENGAGED,R8&R9,TREND_UP,,,,,4063.21,0.00,0.00,0.00,0,0,0,23.00,2.00,2.00,bar opened inside zone
E376,2026.07.30 13:00:05.887,2.10-ROBUST-FINAL,XAUUSD!,Opogroup-Server1,MVP_SIMPLE_EXPLICIT_ROBUST,trend-2/b-31,ZONE_TOUCH_DIRECTION_CONFIRMED,R8&R9,TREND_UP,R-S,Market,,,4063.09,0.00,0.00,0.00,0,0,0,23.00,2.00,2.00,first valid R-S touch for this M15+zone+direction
E377,2026.07.30 13:00:05.887,2.10-ROBUST-FINAL,XAUUSD!,Opogroup-Server1,MVP_SIMPLE_EXPLICIT_ROBUST,TEST-HIGH-R/b-24,ZONE_USAGE_BLOCKED,R8&R9,TREND_UP,R,Market,,,0.00,0.00,0.00,0.00,0,0,0,23.00,2.00,2.00,daily reversal max reached: allowed=1 executed=1
E378,2026.07.30 13:02:26.879,2.10-ROBUST-FINAL,XAUUSD!,Opogroup-Server1,MVP_SIMPLE_EXPLICIT_ROBUST,b-3,ZONE_ENGAGED,R10,TREND_UP,,,,,4068.03,0.00,0.00,0.00,0,0,0,2.00,16.00,2.00,entered/crossed zone from below
E379,2026.07.30 13:02:26.879,2.10-ROBUST-FINAL,XAUUSD!,Opogroup-Server1,MVP_SIMPLE_EXPLICIT_ROBUST,trend-2/b-31,ZONE_TOUCH_DIRECTION_CONFIRMED,R10,TREND_UP,R-S,Market,,,4068.03,0.00,0.00,0.00,0,0,0,2.00,16.00,2.00,first valid R-S touch for this M15+zone+direction
E380,2026.07.30 13:02:26.879,2.10-ROBUST-FINAL,XAUUSD!,Opogroup-Server1,MVP_SIMPLE_EXPLICIT_ROBUST,TEST-HIGH-R/b-24,ZONE_USAGE_BLOCKED,R10,TREND_UP,R,Market,,,0.00,0.00,0.00,0.00,0,0,0,2.00,16.00,2.00,daily reversal max reached: allowed=1 executed=1
E381,2026.07.30 13:07:48.672,2.10-ROBUST-FINAL,XAUUSD!,Opogroup-Server1,MVP_SIMPLE_EXPLICIT_ROBUST,b-3,ZONE_ENGAGED,R10,TREND_UP,,,,,4068.98,0.00,0.00,0.00,0,0,0,2.00,16.00,2.00,entered/crossed zone from above
E382,2026.07.30 13:15:00.127,2.10-ROBUST-FINAL,XAUUSD!,Opogroup-Server1,MVP_SIMPLE_EXPLICIT_ROBUST,a-1/a-2/a-3,CANDLE_CLASSIFIED,,TREND_UP,,,,,4063.21,4068.39,4062.93,4074.72,0,0,0,N/A,N/A,N/A,bar=2026.07.30 13:00 class=BULLISH
E383,2026.07.30 13:15:00.127,2.10-ROBUST-FINAL,XAUUSD!,Opogroup-Server1,MVP_SIMPLE_EXPLICIT_ROBUST,b-3/b-4/trend-1,BREAKOUT_SIGNAL,R8&R9,TREND_UP,BO-B,Close,BO#11,,4068.39,0.00,0.00,0.00,0,0,0,23.00,2.00,2.00,BO#11; ZONE_ENGAGED + buffered close + trend snapshot
E384,2026.07.30 13:15:00.127,2.10-ROBUST-FINAL,XAUUSD!,Opogroup-Server1,MVP_SIMPLE_EXPLICIT_ROBUST,trend-1,TREND_REFERENCE_UPDATED,,TREND_UP,,,,,4060.55,4074.72,0.00,0.00,0,0,0,N/A,N/A,N/A,High[1..3]/Low[1..3]
E385,2026.07.30 13:15:00.127,2.10-ROBUST-FINAL,XAUUSD!,Opogroup-Server1,MVP_SIMPLE_EXPLICIT_ROBUST,b-3,ZONE_ENGAGED,R10,TREND_UP,,,,,4068.40,0.00,0.00,0.00,0,0,0,2.00,16.00,2.00,bar opened inside zone
E386,2026.07.30 13:15:15.395,2.10-ROBUST-FINAL,XAUUSD!,Opogroup-Server1,MVP_SIMPLE_EXPLICIT_ROBUST,trend-2/b-31,ZONE_TOUCH_DIRECTION_CONFIRMED,R10,TREND_UP,R-S,Market,,,4068.10,0.00,0.00,0.00,0,0,0,2.00,16.00,2.00,first valid R-S touch for this M15+zone+direction
E387,2026.07.30 13:15:15.395,2.10-ROBUST-FINAL,XAUUSD!,Opogroup-Server1,MVP_SIMPLE_EXPLICIT_ROBUST,TEST-HIGH-R/b-24,ZONE_USAGE_BLOCKED,R10,TREND_UP,R,Market,,,0.00,0.00,0.00,0.00,0,0,0,2.00,16.00,2.00,daily reversal max reached: allowed=1 executed=1
E388,2026.07.30 13:30:00.317,2.10-ROBUST-FINAL,XAUUSD!,Opogroup-Server1,MVP_SIMPLE_EXPLICIT_ROBUST,a-1/a-2/a-3,CANDLE_CLASSIFIED,,TREND_UP,,,,,4068.40,4076.22,4067.51,4077.65,0,0,0,N/A,N/A,N/A,bar=2026.07.30 13:15 class=BULLISH
E389,2026.07.30 13:30:00.317,2.10-ROBUST-FINAL,XAUUSD!,Opogroup-Server1,MVP_SIMPLE_EXPLICIT_ROBUST,b-3/b-4/trend-1,BREAKOUT_SIGNAL,R10,TREND_UP,BO-B,Close,BO#12,,4076.22,0.00,0.00,0.00,0,0,0,2.00,16.00,2.00,BO#12; ZONE_ENGAGED + buffered close + trend snapshot
E390,2026.07.30 13:30:00.317,2.10-ROBUST-FINAL,XAUUSD!,Opogroup-Server1,MVP_SIMPLE_EXPLICIT_ROBUST,b-8/b-25,PULLBACK_CYCLE_CREATED,R10,TREND_UP,PB-B,Stop,,BO#12,0.00,0.00,0.00,0.00,0,0,0,2.00,16.00,2.00,valid t+1..t+5 window; pullback does not consume zone in v9
E391,2026.07.30 13:30:00.317,2.10-ROBUST-FINAL,XAUUSD!,Opogroup-Server1,MVP_SIMPLE_EXPLICIT_ROBUST,trend-1,TREND_REFERENCE_UPDATED,,TREND_UP,,,,,4062.35,4077.65,0.00,0.00,0,0,0,N/A,N/A,N/A,High[1..3]/Low[1..3]
E392,2026.07.30 13:45:00.018,2.10-ROBUST-FINAL,XAUUSD!,Opogroup-Server1,MVP_SIMPLE_EXPLICIT_ROBUST,a-1/a-2/a-3,CANDLE_CLASSIFIED,,TREND_UP,,,,,4076.23,4081.15,4075.26,4082.68,0,0,0,N/A,N/A,N/A,bar=2026.07.30 13:30 class=BULLISH
E393,2026.07.30 13:45:00.018,2.10-ROBUST-FINAL,XAUUSD!,Opogroup-Server1,MVP_SIMPLE_EXPLICIT_ROBUST,trend-1,TREND_REFERENCE_UPDATED,,TREND_UP,,,,,4062.93,4082.68,0.00,0.00,0,0,0,N/A,N/A,N/A,High[1..3]/Low[1..3]
E394,2026.07.30 14:00:00.124,2.10-ROBUST-FINAL,XAUUSD!,Opogroup-Server1,MVP_SIMPLE_EXPLICIT_ROBUST,a-1/a-2/a-3,CANDLE_CLASSIFIED,,TREND_UP,,,,,4081.16,4078.23,4077.79,4083.15,0,0,0,N/A,N/A,N/A,bar=2026.07.30 13:45 class=BEARISH
E395,2026.07.30 14:00:00.124,2.10-ROBUST-FINAL,XAUUSD!,Opogroup-Server1,MVP_SIMPLE_EXPLICIT_ROBUST,trend-1,TREND_REFERENCE_UPDATED,,TREND_UP,,,,,4067.51,4083.15,0.00,0.00,0,0,0,N/A,N/A,N/A,High[1..3]/Low[1..3]
E396,2026.07.30 14:15:00.041,2.10-ROBUST-FINAL,XAUUSD!,Opogroup-Server1,MVP_SIMPLE_EXPLICIT_ROBUST,a-1/a-2/a-3,CANDLE_CLASSIFIED,,TREND_UP,,,,,4078.31,4079.63,4077.53,4082.82,0,0,0,N/A,N/A,N/A,bar=2026.07.30 14:00 class=BULLISH
E397,2026.07.30 14:15:00.041,2.10-ROBUST-FINAL,XAUUSD!,Opogroup-Server1,MVP_SIMPLE_EXPLICIT_ROBUST,trend-1,TREND_REFERENCE_UPDATED,,TREND_UP,,,,,4075.26,4083.15,0.00,0.00,0,0,0,N/A,N/A,N/A,High[1..3]/Low[1..3]
E398,2026.07.30 14:30:00.260,2.10-ROBUST-FINAL,XAUUSD!,Opogroup-Server1,MVP_SIMPLE_EXPLICIT_ROBUST,a-1/a-2/a-3,CANDLE_CLASSIFIED,,TREND_UP,,,,,4079.61,4078.53,4076.59,4081.99,0,0,0,N/A,N/A,N/A,bar=2026.07.30 14:15 class=BEARISH
E399,2026.07.30 14:30:00.260,2.10-ROBUST-FINAL,XAUUSD!,Opogroup-Server1,MVP_SIMPLE_EXPLICIT_ROBUST,trend-1,TREND_REFERENCE_UPDATED,,TREND_UP,,,,,4076.59,4083.15,0.00,0.00,0,0,0,N/A,N/A,N/A,High[1..3]/Low[1..3]
E400,2026.07.30 14:30:17.662,2.10-ROBUST-FINAL,XAUUSD!,Opogroup-Server1,MVP_SIMPLE_EXPLICIT_ROBUST,trend-1,TREND_STATE_CHANGED,,TREND_DOWN,,,,,4076.57,0.00,4076.59,4083.15,0,0,0,N/A,N/A,N/A,TREND_UP -> TREND_DOWN
E401,2026.07.30 14:45:00.060,2.10-ROBUST-FINAL,XAUUSD!,Opogroup-Server1,MVP_SIMPLE_EXPLICIT_ROBUST,b-8/b-23,PENDING_EXPIRED,R10,TREND_DOWN,PB-B,Stop,,BO#12,0.00,0.00,0.00,0.00,0,0,0,2.00,16.00,2.00,start after t+5
E402,2026.07.30 14:45:00.060,2.10-ROBUST-FINAL,XAUUSD!,Opogroup-Server1,MVP_SIMPLE_EXPLICIT_ROBUST,a-1/a-2/a-3,CANDLE_CLASSIFIED,,TREND_DOWN,,,,,4078.47,4077.39,4076.30,4079.35,0,0,0,N/A,N/A,N/A,bar=2026.07.30 14:30 class=BEARISH
E403,2026.07.30 14:45:00.060,2.10-ROBUST-FINAL,XAUUSD!,Opogroup-Server1,MVP_SIMPLE_EXPLICIT_ROBUST,trend-1,TREND_REFERENCE_UPDATED,,TREND_DOWN,,,,,4076.30,4082.82,0.00,0.00,0,0,0,N/A,N/A,N/A,High[1..3]/Low[1..3]
E404,2026.07.30 15:00:00.210,2.10-ROBUST-FINAL,XAUUSD!,Opogroup-Server1,MVP_SIMPLE_EXPLICIT_ROBUST,a-1/a-2/a-3,CANDLE_CLASSIFIED,,TREND_DOWN,,,,,4077.37,4078.39,4075.65,4080.63,0,0,0,N/A,N/A,N/A,bar=2026.07.30 14:45 class=BULLISH
E405,2026.07.30 15:00:00.210,2.10-ROBUST-FINAL,XAUUSD!,Opogroup-Server1,MVP_SIMPLE_EXPLICIT_ROBUST,trend-1,TREND_REFERENCE_UPDATED,,TREND_DOWN,,,,,4075.65,4081.99,0.00,0.00,0,0,0,N/A,N/A,N/A,High[1..3]/Low[1..3]
E406,2026.07.30 15:06:59.733,2.10-ROBUST-FINAL,XAUUSD!,Opogroup-Server1,MVP_SIMPLE_EXPLICIT_ROBUST,trend-1,TREND_STATE_CHANGED,,TREND_UP,,,,,4082.05,0.00,4075.65,4081.99,0,0,0,N/A,N/A,N/A,TREND_DOWN -> TREND_UP
E407,2026.07.30 15:12:02.382,2.10-ROBUST-FINAL,XAUUSD!,Opogroup-Server1,MVP_SIMPLE_EXPLICIT_ROBUST,trend-1,TREND_STATE_CHANGED,,TREND_DOWN,,,,,4075.64,0.00,4075.65,4081.99,0,0,0,N/A,N/A,N/A,TREND_UP -> TREND_DOWN
E408,2026.07.30 15:15:00.083,2.10-ROBUST-FINAL,XAUUSD!,Opogroup-Server1,MVP_SIMPLE_EXPLICIT_ROBUST,a-1/a-2/a-3,CANDLE_CLASSIFIED,,TREND_DOWN,,,,,4078.41,4078.58,4074.64,4082.54,0,0,0,N/A,N/A,N/A,bar=2026.07.30 15:00 class=BULLISH
E409,2026.07.30 15:15:00.083,2.10-ROBUST-FINAL,XAUUSD!,Opogroup-Server1,MVP_SIMPLE_EXPLICIT_ROBUST,trend-1,TREND_REFERENCE_UPDATED,,TREND_DOWN,,,,,4074.64,4082.54,0.00,0.00,0,0,0,N/A,N/A,N/A,High[1..3]/Low[1..3]
E410,2026.07.30 15:30:00.103,2.10-ROBUST-FINAL,XAUUSD!,Opogroup-Server1,MVP_SIMPLE_EXPLICIT_ROBUST,a-1/a-2/a-3,CANDLE_CLASSIFIED,,TREND_DOWN,,,,,4078.55,4077.73,4071.61,4081.21,0,0,0,N/A,N/A,N/A,bar=2026.07.30 15:15 class=BEARISH
E411,2026.07.30 15:30:00.103,2.10-ROBUST-FINAL,XAUUSD!,Opogroup-Server1,MVP_SIMPLE_EXPLICIT_ROBUST,trend-1,TREND_REFERENCE_UPDATED,,TREND_DOWN,,,,,4071.61,4082.54,0.00,0.00,0,0,0,N/A,N/A,N/A,High[1..3]/Low[1..3]
E412,2026.07.30 15:30:04.925,2.10-ROBUST-FINAL,XAUUSD!,Opogroup-Server1,MVP_SIMPLE_EXPLICIT_ROBUST,trend-1,TREND_STATE_CHANGED,,TREND_UP,,,,,4082.64,0.00,4071.61,4082.54,0,0,0,N/A,N/A,N/A,TREND_DOWN -> TREND_UP
E413,2026.07.30 15:30:16.302,2.10-ROBUST-FINAL,XAUUSD!,Opogroup-Server1,MVP_SIMPLE_EXPLICIT_ROBUST,b-3,ZONE_ENGAGED,R11,TREND_UP,,,,,4085.00,0.00,0.00,0.00,0,0,0,16.00,9.00,9.00,entered/crossed zone from below
E414,2026.07.30 15:30:16.302,2.10-ROBUST-FINAL,XAUUSD!,Opogroup-Server1,MVP_SIMPLE_EXPLICIT_ROBUST,trend-2/b-31,ZONE_TOUCH_DIRECTION_CONFIRMED,R11,TREND_UP,R-S,Market,,,4085.00,0.00,0.00,0.00,0,0,0,16.00,9.00,9.00,first valid R-S touch for this M15+zone+direction
E415,2026.07.30 15:30:16.302,2.10-ROBUST-FINAL,XAUUSD!,Opogroup-Server1,MVP_SIMPLE_EXPLICIT_ROBUST,TEST-HIGH-R/b-24,ZONE_USAGE_BLOCKED,R11,TREND_UP,R,Market,,,0.00,0.00,0.00,0.00,0,0,0,16.00,9.00,9.00,daily reversal max reached: allowed=1 executed=1
E416,2026.07.30 15:45:00.177,2.10-ROBUST-FINAL,XAUUSD!,Opogroup-Server1,MVP_SIMPLE_EXPLICIT_ROBUST,a-1/a-2/a-3,CANDLE_CLASSIFIED,,TREND_UP,,,,,4077.94,4078.00,4071.69,4086.75,0,0,0,N/A,N/A,N/A,bar=2026.07.30 15:30 class=BULLISH
E417,2026.07.30 15:45:00.177,2.10-ROBUST-FINAL,XAUUSD!,Opogroup-Server1,MVP_SIMPLE_EXPLICIT_ROBUST,trend-1,TREND_REFERENCE_UPDATED,,TREND_UP,,,,,4071.61,4086.75,0.00,0.00,0,0,0,N/A,N/A,N/A,High[1..3]/Low[1..3]
E418,2026.07.30 15:51:40.681,2.10-ROBUST-FINAL,XAUUSD!,Opogroup-Server1,MVP_SIMPLE_EXPLICIT_ROBUST,trend-1,TREND_STATE_CHANGED,,TREND_DOWN,,,,,4071.59,0.00,4071.61,4086.75,0,0,0,N/A,N/A,N/A,TREND_UP -> TREND_DOWN
E419,2026.07.30 15:52:50.721,2.10-ROBUST-FINAL,XAUUSD!,Opogroup-Server1,MVP_SIMPLE_EXPLICIT_ROBUST,b-3,ZONE_ENGAGED,R10,TREND_DOWN,,,,,4068.88,0.00,0.00,0.00,0,0,0,2.00,16.00,2.00,entered/crossed zone from above
E420,2026.07.30 15:52:50.721,2.10-ROBUST-FINAL,XAUUSD!,Opogroup-Server1,MVP_SIMPLE_EXPLICIT_ROBUST,trend-2/b-31,ZONE_TOUCH_DIRECTION_CONFIRMED,R10,TREND_DOWN,R-B,Market,,,4068.88,0.00,0.00,0.00,0,0,0,2.00,16.00,2.00,first valid R-B touch for this M15+zone+direction
E421,2026.07.30 15:52:50.721,2.10-ROBUST-FINAL,XAUUSD!,Opogroup-Server1,MVP_SIMPLE_EXPLICIT_ROBUST,TEST-HIGH-R/b-24,ZONE_USAGE_BLOCKED,R10,TREND_DOWN,R,Market,,,0.00,0.00,0.00,0.00,0,0,0,2.00,16.00,2.00,daily reversal max reached: allowed=1 executed=1
E422,2026.07.30 15:53:34.838,2.10-ROBUST-FINAL,XAUUSD!,Opogroup-Server1,MVP_SIMPLE_EXPLICIT_ROBUST,b-3,ZONE_ENGAGED,R10,TREND_DOWN,,,,,4068.07,0.00,0.00,0.00,0,0,0,2.00,16.00,2.00,entered/crossed zone from below
E423,2026.07.30 16:00:00.014,2.10-ROBUST-FINAL,XAUUSD!,Opogroup-Server1,MVP_SIMPLE_EXPLICIT_ROBUST,a-1/a-2/a-3,CANDLE_CLASSIFIED,,TREND_DOWN,,,,,4078.07,4068.30,4067.02,4079.56,0,0,0,N/A,N/A,N/A,bar=2026.07.30 15:45 class=BEARISH
E424,2026.07.30 16:00:00.014,2.10-ROBUST-FINAL,XAUUSD!,Opogroup-Server1,MVP_SIMPLE_EXPLICIT_ROBUST,trend-1,TREND_REFERENCE_UPDATED,,TREND_DOWN,,,,,4067.02,4086.75,0.00,0.00,0,0,0,N/A,N/A,N/A,High[1..3]/Low[1..3]
E425,2026.07.30 16:00:00.014,2.10-ROBUST-FINAL,XAUUSD!,Opogroup-Server1,MVP_SIMPLE_EXPLICIT_ROBUST,b-3,ZONE_ENGAGED,R10,TREND_DOWN,,,,,4068.32,0.00,0.00,0.00,0,0,0,2.00,16.00,2.00,bar opened inside zone
E426,2026.07.30 16:00:01.201,2.10-ROBUST-FINAL,XAUUSD!,Opogroup-Server1,MVP_SIMPLE_EXPLICIT_ROBUST,b-3,ZONE_ENGAGED,R8&R9,TREND_DOWN,,,,,4065.97,0.00,0.00,0.00,0,0,0,23.00,2.00,2.00,entered/crossed zone from above
E427,2026.07.30 16:00:01.201,2.10-ROBUST-FINAL,XAUUSD!,Opogroup-Server1,MVP_SIMPLE_EXPLICIT_ROBUST,trend-2/b-31,ZONE_TOUCH_DIRECTION_CONFIRMED,R8&R9,TREND_DOWN,R-B,Market,,,4065.97,0.00,0.00,0.00,0,0,0,23.00,2.00,2.00,first valid R-B touch for this M15+zone+direction
E428,2026.07.30 16:00:01.201,2.10-ROBUST-FINAL,XAUUSD!,Opogroup-Server1,MVP_SIMPLE_EXPLICIT_ROBUST,TEST-HIGH-R/b-24,ZONE_USAGE_BLOCKED,R8&R9,TREND_DOWN,R,Market,,,0.00,0.00,0.00,0.00,0,0,0,23.00,2.00,2.00,daily reversal max reached: allowed=1 executed=1
E429,2026.07.30 16:00:35.877,2.10-ROBUST-FINAL,XAUUSD!,Opogroup-Server1,MVP_SIMPLE_EXPLICIT_ROBUST,trend-2/b-31,ZONE_TOUCH_DIRECTION_CONFIRMED,R10,TREND_DOWN,R-B,Market,,,4068.99,0.00,0.00,0.00,0,0,0,2.00,16.00,2.00,first valid R-B touch for this M15+zone+direction
E430,2026.07.30 16:00:35.877,2.10-ROBUST-FINAL,XAUUSD!,Opogroup-Server1,MVP_SIMPLE_EXPLICIT_ROBUST,TEST-HIGH-R/b-24,ZONE_USAGE_BLOCKED,R10,TREND_DOWN,R,Market,,,0.00,0.00,0.00,0.00,0,0,0,2.00,16.00,2.00,daily reversal max reached: allowed=1 executed=1
E431,2026.07.30 16:15:00.000,2.10-ROBUST-FINAL,XAUUSD!,Opogroup-Server1,MVP_SIMPLE_EXPLICIT_ROBUST,a-1/a-2/a-3,CANDLE_CLASSIFIED,,TREND_DOWN,,,,,4068.32,4076.67,4065.08,4076.87,0,0,0,N/A,N/A,N/A,bar=2026.07.30 16:00 class=BULLISH
E432,2026.07.30 16:15:00.000,2.10-ROBUST-FINAL,XAUUSD!,Opogroup-Server1,MVP_SIMPLE_EXPLICIT_ROBUST,trend-1,TREND_REFERENCE_UPDATED,,TREND_DOWN,,,,,4065.08,4086.75,0.00,0.00,0,0,0,N/A,N/A,N/A,High[1..3]/Low[1..3]
E433,2026.07.30 16:30:00.003,2.10-ROBUST-FINAL,XAUUSD!,Opogroup-Server1,MVP_SIMPLE_EXPLICIT_ROBUST,a-1/a-2/a-3,CANDLE_CLASSIFIED,,TREND_DOWN,,,,,4076.66,4080.11,4072.02,4084.10,0,0,0,N/A,N/A,N/A,bar=2026.07.30 16:15 class=BULLISH
E434,2026.07.30 16:30:00.003,2.10-ROBUST-FINAL,XAUUSD!,Opogroup-Server1,MVP_SIMPLE_EXPLICIT_ROBUST,trend-1,TREND_REFERENCE_UPDATED,,TREND_DOWN,,,,,4065.08,4084.10,0.00,0.00,0,0,0,N/A,N/A,N/A,High[1..3]/Low[1..3]
E435,2026.07.30 16:36:26.493,2.10-ROBUST-FINAL,XAUUSD!,Opogroup-Server1,MVP_SIMPLE_EXPLICIT_ROBUST,trend-1,TREND_STATE_CHANGED,,TREND_UP,,,,,4084.23,0.00,4065.08,4084.10,0,0,0,N/A,N/A,N/A,TREND_DOWN -> TREND_UP
E436,2026.07.30 16:36:28.533,2.10-ROBUST-FINAL,XAUUSD!,Opogroup-Server1,MVP_SIMPLE_EXPLICIT_ROBUST,b-3,ZONE_ENGAGED,R11,TREND_UP,,,,,4085.00,0.00,0.00,0.00,0,0,0,16.00,9.00,9.00,entered/crossed zone from below
E437,2026.07.30 16:36:28.533,2.10-ROBUST-FINAL,XAUUSD!,Opogroup-Server1,MVP_SIMPLE_EXPLICIT_ROBUST,trend-2/b-31,ZONE_TOUCH_DIRECTION_CONFIRMED,R11,TREND_UP,R-S,Market,,,4085.00,0.00,0.00,0.00,0,0,0,16.00,9.00,9.00,first valid R-S touch for this M15+zone+direction
E438,2026.07.30 16:36:28.533,2.10-ROBUST-FINAL,XAUUSD!,Opogroup-Server1,MVP_SIMPLE_EXPLICIT_ROBUST,TEST-HIGH-R/b-24,ZONE_USAGE_BLOCKED,R11,TREND_UP,R,Market,,,0.00,0.00,0.00,0.00,0,0,0,16.00,9.00,9.00,daily reversal max reached: allowed=1 executed=1
E439,2026.07.30 16:37:15.051,2.10-ROBUST-FINAL,XAUUSD!,Opogroup-Server1,MVP_SIMPLE_EXPLICIT_ROBUST,b-3,ZONE_ENGAGED,R11,TREND_UP,,,,,4086.98,0.00,0.00,0.00,0,0,0,16.00,9.00,9.00,entered/crossed zone from above
E440,2026.07.30 16:38:24.059,2.10-ROBUST-FINAL,XAUUSD!,Opogroup-Server1,MVP_SIMPLE_EXPLICIT_ROBUST,b-3,ZONE_ENGAGED,R12,TREND_UP,,,,,4096.04,0.00,0.00,0.00,0,0,0,9.00,15.00,9.00,entered/crossed zone from below
E441,2026.07.30 16:38:24.059,2.10-ROBUST-FINAL,XAUUSD!,Opogroup-Server1,MVP_SIMPLE_EXPLICIT_ROBUST,trend-2/b-31,ZONE_TOUCH_DIRECTION_CONFIRMED,R12,TREND_UP,R-S,Market,,,4096.04,0.00,0.00,0.00,0,0,0,9.00,15.00,9.00,first valid R-S touch for this M15+zone+direction
E442,2026.07.30 16:45:00.042,2.10-ROBUST-FINAL,XAUUSD!,Opogroup-Server1,MVP_SIMPLE_EXPLICIT_ROBUST,a-1/a-2/a-3,CANDLE_CLASSIFIED,,TREND_UP,,,,,4080.04,4089.34,4074.83,4098.72,0,0,0,N/A,N/A,N/A,bar=2026.07.30 16:30 class=BULLISH
E443,2026.07.30 16:45:00.042,2.10-ROBUST-FINAL,XAUUSD!,Opogroup-Server1,MVP_SIMPLE_EXPLICIT_ROBUST,b-3/b-4/trend-1,BREAKOUT_SIGNAL,R11,TREND_UP,BO-B,Close,BO#13,,4089.34,0.00,0.00,0.00,0,0,0,16.00,9.00,9.00,BO#13; ZONE_ENGAGED + buffered close + trend snapshot
E444,2026.07.30 16:45:00.042,2.10-ROBUST-FINAL,XAUUSD!,Opogroup-Server1,MVP_SIMPLE_EXPLICIT_ROBUST,trend-1,TREND_REFERENCE_UPDATED,,TREND_UP,,,,,4065.08,4098.72,0.00,0.00,0,0,0,N/A,N/A,N/A,High[1..3]/Low[1..3]
E445,2026.07.30 16:46:00.019,2.10-ROBUST-FINAL,XAUUSD!,Opogroup-Server1,MVP_SIMPLE_EXPLICIT_ROBUST,b-3,ZONE_ENGAGED,R11,TREND_UP,,,,,4086.99,0.00,0.00,0.00,0,0,0,16.00,9.00,9.00,entered/crossed zone from above
E446,2026.07.30 16:47:32.351,2.10-ROBUST-FINAL,XAUUSD!,Opogroup-Server1,MVP_SIMPLE_EXPLICIT_ROBUST,b-3,ZONE_ENGAGED,R12,TREND_UP,,,,,4096.13,0.00,0.00,0.00,0,0,0,9.00,15.00,9.00,entered/crossed zone from below
E447,2026.07.30 16:47:32.351,2.10-ROBUST-FINAL,XAUUSD!,Opogroup-Server1,MVP_SIMPLE_EXPLICIT_ROBUST,trend-2/b-31,ZONE_TOUCH_DIRECTION_CONFIRMED,R12,TREND_UP,R-S,Market,,,4096.13,0.00,0.00,0.00,0,0,0,9.00,15.00,9.00,first valid R-S touch for this M15+zone+direction
E448,2026.07.30 16:47:59.682,2.10-ROBUST-FINAL,XAUUSD!,Opogroup-Server1,MVP_SIMPLE_EXPLICIT_ROBUST,b-3,ZONE_ENGAGED,R12,TREND_UP,,,,,4099.00,0.00,0.00,0.00,0,0,0,9.00,15.00,9.00,entered/crossed zone from above
E449,2026.07.30 17:00:00.007,2.10-ROBUST-FINAL,XAUUSD!,Opogroup-Server1,MVP_SIMPLE_EXPLICIT_ROBUST,a-1/a-2/a-3,CANDLE_CLASSIFIED,,TREND_UP,,,,,4089.40,4112.15,4085.62,4112.69,0,0,0,N/A,N/A,N/A,bar=2026.07.30 16:45 class=BULLISH
E450,2026.07.30 17:00:00.007,2.10-ROBUST-FINAL,XAUUSD!,Opogroup-Server1,MVP_SIMPLE_EXPLICIT_ROBUST,b-3/b-4/trend-1,BREAKOUT_SIGNAL,R12,TREND_UP,BO-B,Close,BO#14,,4112.15,0.00,0.00,0.00,0,0,0,9.00,15.00,9.00,BO#14; ZONE_ENGAGED + buffered close + trend snapshot
E451,2026.07.30 17:00:00.007,2.10-ROBUST-FINAL,XAUUSD!,Opogroup-Server1,MVP_SIMPLE_EXPLICIT_ROBUST,b-8/b-25,PULLBACK_CYCLE_CREATED,R12,TREND_UP,PB-B,Stop,,BO#14,0.00,0.00,0.00,0.00,0,0,0,9.00,15.00,9.00,valid t+1..t+5 window; pullback does not consume zone in v9
E452,2026.07.30 17:00:00.007,2.10-ROBUST-FINAL,XAUUSD!,Opogroup-Server1,MVP_SIMPLE_EXPLICIT_ROBUST,trend-1,TREND_REFERENCE_UPDATED,,TREND_UP,,,,,4072.02,4112.69,0.00,0.00,0,0,0,N/A,N/A,N/A,High[1..3]/Low[1..3]
E453,2026.07.30 17:00:25.371,2.10-ROBUST-FINAL,XAUUSD!,Opogroup-Server1,MVP_SIMPLE_EXPLICIT_ROBUST,b-3,ZONE_ENGAGED,R13&R14,TREND_UP,,,,,4114.07,0.00,0.00,0.00,0,0,0,15.00,11.00,11.00,entered/crossed zone from below
E454,2026.07.30 17:00:25.371,2.10-ROBUST-FINAL,XAUUSD!,Opogroup-Server1,MVP_SIMPLE_EXPLICIT_ROBUST,trend-2/b-31,ZONE_TOUCH_DIRECTION_CONFIRMED,R13&R14,TREND_UP,R-S,Market,,,4114.07,0.00,0.00,0.00,0,0,0,15.00,11.00,11.00,first valid R-S touch for this M15+zone+direction
E455,2026.07.30 17:00:25.371,2.10-ROBUST-FINAL,XAUUSD!,Opogroup-Server1,MVP_SIMPLE_EXPLICIT_ROBUST,TEST-HIGH-R/b-29/b-30,RISK_MODEL_READY,R13&R14,TREND_UP,SELL,,,,4114.07,0.00,4123.07,4099.00,0,0,0,15.00,11.00,11.00,HIGH_TEST multiplier=1.50 R_base=6.00000 R0_exp=9.00000 target_zone=R12
E456,2026.07.30 17:00:25.371,2.10-ROBUST-FINAL,XAUUSD!,Opogroup-Server1,MVP_SIMPLE_EXPLICIT_ROBUST,AR-RISK-01,PORTFOLIO_RISK_PRECHECK,R13&R14,TREND_UP,R-S,Market,,,4114.07,0.00,4123.07,0.00,0,0,0,15.00,11.00,11.00,mode=GROSS_DAILY pct=30.00 budget=3000.00 realized=10.72 open=0.00 pending=0.00 used=10.72 remaining=2989.28 new=9.00 allowed=true
E457,2026.07.30 17:00:25.371,2.10-ROBUST-FINAL,XAUUSD!,Opogroup-Server1,MVP_SIMPLE_EXPLICIT_ROBUST,TEST-HIGH-R/b-1/b-11/b-29/b-30,REVERSAL_SIGNAL,R13&R14,TREND_UP,R-S,Market,,,4114.07,0.00,4123.07,4099.00,0,0,0,15.00,11.00,11.00,TEST HIGH reversal_ordinal=1/2 SLx=1.50 R_base=6.00000 R0=9.00000 target=R12
E458,2026.07.30 17:00:25.371,2.10-ROBUST-FINAL,XAUUSD!,Opogroup-Server1,MVP_SIMPLE_EXPLICIT_ROBUST,MVP-RISK/TEST-HARNESS,MARGIN_PRECHECK,R13&R14,TREND_UP,R-S,Telemetry,,,4114.07,0.00,0.00,0.00,0,0,0,15.00,11.00,11.00,lot=0.0100 required_new_margin=20.57 account_margin=0.00 free_margin=10033.77 margin_level=0.00
E459,2026.07.30 17:00:25.371,2.10-ROBUST-FINAL,XAUUSD!,Opogroup-Server1,MVP_SIMPLE_EXPLICIT_ROBUST,b-20,DEAL_COSTS_RECORDED,,TREND_UP,,,,,0.00,4114.07,0.00,0.00,0,14,14,N/A,N/A,N/A,profit=0.00 commission=0.00 swap=0.00 fee=0.00
E460,2026.07.30 17:00:25.371,2.10-ROBUST-FINAL,XAUUSD!,Opogroup-Server1,MVP_SIMPLE_EXPLICIT_ROBUST,b-1/b-26/b-29,ORDER_FILLED,R13&R14,TREND_UP,R-S,Market,,,4114.07,4114.07,4123.07,4099.00,14,14,14,15.00,11.00,11.00,native fill; reversal_ordinal=1 R0=9.00000 target=R12
E461,2026.07.30 17:00:25.371,2.10-ROBUST-FINAL,XAUUSD!,Opogroup-Server1,MVP_SIMPLE_EXPLICIT_ROBUST,MVP-RISK/TEST-HARNESS,MARGIN_POST_FILL,R13&R14,TREND_UP,R-S,Telemetry,,,0.00,0.00,0.00,0.00,0,0,14,15.00,11.00,11.00,lot=0.0100 account_margin=20.57 free_margin=10012.98 margin_level=48777.59
E462,2026.07.30 17:00:25.371,2.10-ROBUST-FINAL,XAUUSD!,Opogroup-Server1,MVP_SIMPLE_EXPLICIT_ROBUST,AR-RISK-01,PORTFOLIO_RISK_POST_FILL,R13&R14,TREND_UP,R-S,PostFill,,,0.00,0.00,0.00,0.00,0,0,0,15.00,11.00,11.00,mode=GROSS_DAILY pct=30.00 budget=3000.00 realized=10.72 open=9.00 pending=0.00 used=19.72 overflow=false
E463,2026.07.30 17:00:29.160,2.10-ROBUST-FINAL,XAUUSD!,Opogroup-Server1,MVP_SIMPLE_EXPLICIT_ROBUST,b-3,ZONE_ENGAGED,R13&R14,TREND_UP,,,,,4117.62,0.00,0.00,0.00,0,0,0,15.00,11.00,11.00,entered/crossed zone from above
E464,2026.07.30 17:06:04.219,2.10-ROBUST-FINAL,XAUUSD!,Opogroup-Server1,MVP_SIMPLE_EXPLICIT_ROBUST,b-29,R_STAGE_CHANGED,R13&R14,TREND_UP,R,,,,4114.07,0.00,0.00,4099.00,0,0,14,15.00,11.00,11.00,stage=1 >=1R risk-zero eligible
E465,2026.07.30 17:06:04.219,2.10-ROBUST-FINAL,XAUUSD!,Opogroup-Server1,MVP_SIMPLE_EXPLICIT_ROBUST,b-29,SL_MOVE_REQUESTED,R13&R14,TREND_UP,R,ModifySL,,,0.00,0.00,4114.07,4099.00,0,0,14,15.00,11.00,11.00,stage=1 BE actual_fill + known_native_costs=-0.00
E466,2026.07.30 17:06:04.219,2.10-ROBUST-FINAL,XAUUSD!,Opogroup-Server1,MVP_SIMPLE_EXPLICIT_ROBUST,b-29,SL_MOVE_CONFIRMED,R13&R14,TREND_UP,R,ModifySL,,,0.00,0.00,4114.07,4099.00,0,0,14,15.00,11.00,11.00,stage=1 BE actual_fill + known_native_costs=-0.00
E467,2026.07.30 17:07:24.222,2.10-ROBUST-FINAL,XAUUSD!,Opogroup-Server1,MVP_SIMPLE_EXPLICIT_ROBUST,b-29,R_STAGE_CHANGED,R13&R14,TREND_UP,R,,,,4114.07,0.00,0.00,4099.00,0,0,14,15.00,11.00,11.00,stage=2 >=1.5R lock +0.5R
E468,2026.07.30 17:07:24.222,2.10-ROBUST-FINAL,XAUUSD!,Opogroup-Server1,MVP_SIMPLE_EXPLICIT_ROBUST,b-29,SL_MOVE_REQUESTED,R13&R14,TREND_UP,R,ModifySL,,,0.00,0.00,4109.57,4099.00,0,0,14,15.00,11.00,11.00,stage=2 lock +0.5R
E469,2026.07.30 17:07:24.222,2.10-ROBUST-FINAL,XAUUSD!,Opogroup-Server1,MVP_SIMPLE_EXPLICIT_ROBUST,b-29,SL_MOVE_CONFIRMED,R13&R14,TREND_UP,R,ModifySL,,,0.00,0.00,4109.57,4099.00,0,0,14,15.00,11.00,11.00,stage=2 lock +0.5R
E470,2026.07.30 17:07:27.261,2.10-ROBUST-FINAL,XAUUSD!,Opogroup-Server1,MVP_SIMPLE_EXPLICIT_ROBUST,b-3,ZONE_ENGAGED,R12,TREND_UP,,,,,4098.99,0.00,0.00,0.00,0,0,0,9.00,15.00,9.00,entered/crossed zone from above
E471,2026.07.30 17:07:27.737,2.10-ROBUST-FINAL,XAUUSD!,Opogroup-Server1,MVP_SIMPLE_EXPLICIT_ROBUST,b-8,PULLBACK_PENETRATION_LATCHED,R12,TREND_UP,PB-B,Stop,,BO#14,4098.78,0.00,0.00,0.00,0,0,0,9.00,15.00,9.00,no maximum penetration in S1; first tick t+1 valid
E472,2026.07.30 17:07:27.737,2.10-ROBUST-FINAL,XAUUSD!,Opogroup-Server1,MVP_SIMPLE_EXPLICIT_ROBUST,b-8,PENDING_WAITING_NATIVE_VALIDITY,R12,TREND_UP,PB-B,Stop,,BO#14,4099.00,0.00,0.00,0.00,0,0,0,9.00,15.00,9.00,exact Rule price temporarily invalid due market/Stops Level
E473,2026.07.30 17:07:27.737,2.10-ROBUST-FINAL,XAUUSD!,Opogroup-Server1,MVP_SIMPLE_EXPLICIT_ROBUST,b-20,DEAL_COSTS_RECORDED,,TREND_UP,,,,,0.00,4099.00,0.00,0.00,0,15,0,N/A,N/A,N/A,profit=15.07 commission=0.00 swap=0.00 fee=0.00
E474,2026.07.30 17:07:27.737,2.10-ROBUST-FINAL,XAUUSD!,Opogroup-Server1,MVP_SIMPLE_EXPLICIT_ROBUST,TEST-HIGH-R,HIGH_REVERSAL_SLOT_CLOSED,R13&R14,TREND_UP,R,,,,0.00,0.00,0.00,0.00,0,0,0,15.00,11.00,11.00,reversal closed; executed=1 allowed=2 remaining=1
E475,2026.07.30 17:07:27.737,2.10-ROBUST-FINAL,XAUUSD!,Opogroup-Server1,MVP_SIMPLE_EXPLICIT_ROBUST,b-20/b-23/b-26/b-29,POSITION_CLOSED,R13&R14,TREND_UP,R-S,,,,0.00,4099.00,0.00,0.00,0,15,14,15.00,11.00,11.00,position_net=15.07 daily_net=48.84 R0=9.00000 max_r_stage=2 stacked_pullback=false reversal_ordinal=1
E476,2026.07.30 17:07:27.746,2.10-ROBUST-FINAL,XAUUSD!,Opogroup-Server1,MVP_SIMPLE_EXPLICIT_ROBUST,b-29/b-30,RISK_MODEL_READY,R12,TREND_UP,BUY,,,,4099.00,0.00,4093.00,4114.00,0,0,0,9.00,15.00,9.00,R_CAP=6.00 R0=6.00000 target_zone=R13&R14
E477,2026.07.30 17:07:27.746,2.10-ROBUST-FINAL,XAUUSD!,Opogroup-Server1,MVP_SIMPLE_EXPLICIT_ROBUST,AR-RISK-01,PORTFOLIO_RISK_PRECHECK,R12,TREND_UP,PB-B,Stop,,BO#14,4099.00,0.00,4093.00,0.00,0,0,0,9.00,15.00,9.00,mode=GROSS_DAILY pct=30.00 budget=3000.00 realized=10.72 open=0.00 pending=0.00 used=10.72 remaining=2989.28 new=6.00 allowed=true
E478,2026.07.30 17:07:27.746,2.10-ROBUST-FINAL,XAUUSD!,Opogroup-Server1,MVP_SIMPLE_EXPLICIT_ROBUST,MVP-RISK/TEST-HARNESS,MARGIN_PRECHECK,R12,TREND_UP,PB-B,Telemetry,,BO#14,4099.00,0.00,0.00,0.00,0,0,0,9.00,15.00,9.00,lot=0.0100 required_new_margin=20.50 account_margin=0.00 free_margin=10048.84 margin_level=0.00
E479,2026.07.30 17:07:27.746,2.10-ROBUST-FINAL,XAUUSD!,Opogroup-Server1,MVP_SIMPLE_EXPLICIT_ROBUST,b-8/b-11/b-29/b-30,PENDING_PLACED,R12,TREND_UP,PB-B,Stop,,BO#14,4099.00,0.00,4093.00,4114.00,16,0,0,9.00,15.00,9.00,exact zone edge; native MT5 activation; R0=6.00000 target=R13&R14
E480,2026.07.30 17:07:27.941,2.10-ROBUST-FINAL,XAUUSD!,Opogroup-Server1,MVP_SIMPLE_EXPLICIT_ROBUST,b-20,DEAL_COSTS_RECORDED,,TREND_UP,,,,,0.00,4099.00,0.00,0.00,0,16,16,N/A,N/A,N/A,profit=0.00 commission=0.00 swap=0.00 fee=0.00
E481,2026.07.30 17:07:27.941,2.10-ROBUST-FINAL,XAUUSD!,Opogroup-Server1,MVP_SIMPLE_EXPLICIT_ROBUST,b-8/b-25/b-29,ORDER_FILLED,R12,TREND_UP,PB-B,Stop,,BO#14,4099.00,4099.00,4093.00,4114.00,16,16,16,9.00,15.00,9.00,native fill; R0=6.00000 target=R13&R14
E482,2026.07.30 17:07:27.941,2.10-ROBUST-FINAL,XAUUSD!,Opogroup-Server1,MVP_SIMPLE_EXPLICIT_ROBUST,MVP-RISK/TEST-HARNESS,MARGIN_POST_FILL,R12,TREND_UP,PB-B,Telemetry,,BO#14,0.00,0.00,0.00,0.00,0,0,16,9.00,15.00,9.00,lot=0.0100 account_margin=20.50 free_margin=10028.12 margin_level=49017.66
E483,2026.07.30 17:07:27.941,2.10-ROBUST-FINAL,XAUUSD!,Opogroup-Server1,MVP_SIMPLE_EXPLICIT_ROBUST,AR-RISK-01,PORTFOLIO_RISK_POST_FILL,R12,TREND_UP,PB-B,PostFill,,BO#14,0.00,0.00,0.00,0.00,0,0,0,9.00,15.00,9.00,mode=GROSS_DAILY pct=30.00 budget=3000.00 realized=10.72 open=6.00 pending=0.00 used=16.72 overflow=false
E484,2026.07.30 17:07:56.460,2.10-ROBUST-FINAL,XAUUSD!,Opogroup-Server1,MVP_SIMPLE_EXPLICIT_ROBUST,b-3,ZONE_ENGAGED,R12,TREND_UP,,,,,4096.00,0.00,0.00,0.00,0,0,0,9.00,15.00,9.00,entered/crossed zone from below
E485,2026.07.30 17:07:56.460,2.10-ROBUST-FINAL,XAUUSD!,Opogroup-Server1,MVP_SIMPLE_EXPLICIT_ROBUST,trend-2/b-31,ZONE_TOUCH_DIRECTION_CONFIRMED,R12,TREND_UP,R-S,Market,,,4096.00,0.00,0.00,0.00,0,0,0,9.00,15.00,9.00,first valid R-S touch for this M15+zone+direction
E486,2026.07.30 17:15:00.034,2.10-ROBUST-FINAL,XAUUSD!,Opogroup-Server1,MVP_SIMPLE_EXPLICIT_ROBUST,a-1/a-2/a-3,CANDLE_CLASSIFIED,,TREND_UP,,,,,4112.13,4097.60,4094.01,4120.32,0,0,0,N/A,N/A,N/A,bar=2026.07.30 17:00 class=BEARISH
E487,2026.07.30 17:15:00.034,2.10-ROBUST-FINAL,XAUUSD!,Opogroup-Server1,MVP_SIMPLE_EXPLICIT_ROBUST,trend-1,TREND_REFERENCE_UPDATED,,TREND_UP,,,,,4074.83,4120.32,0.00,0.00,0,0,0,N/A,N/A,N/A,High[1..3]/Low[1..3]
E488,2026.07.30 17:15:00.034,2.10-ROBUST-FINAL,XAUUSD!,Opogroup-Server1,MVP_SIMPLE_EXPLICIT_ROBUST,b-3,ZONE_ENGAGED,R12,TREND_UP,,,,,4097.61,0.00,0.00,0.00,0,0,0,9.00,15.00,9.00,bar opened inside zone
E489,2026.07.30 17:18:02.235,2.10-ROBUST-FINAL,XAUUSD!,Opogroup-Server1,MVP_SIMPLE_EXPLICIT_ROBUST,trend-2/b-31,ZONE_TOUCH_DIRECTION_CONFIRMED,R12,TREND_UP,R-S,Market,,,4096.08,0.00,0.00,0.00,0,0,0,9.00,15.00,9.00,first valid R-S touch for this M15+zone+direction
E490,2026.07.30 17:18:25.657,2.10-ROBUST-FINAL,XAUUSD!,Opogroup-Server1,MVP_SIMPLE_EXPLICIT_ROBUST,b-20,DEAL_COSTS_RECORDED,,TREND_UP,,,,,0.00,4092.97,0.00,0.00,0,17,0,N/A,N/A,N/A,profit=-6.03 commission=0.00 swap=0.00 fee=0.00
E491,2026.07.30 17:18:25.657,2.10-ROBUST-FINAL,XAUUSD!,Opogroup-Server1,MVP_SIMPLE_EXPLICIT_ROBUST,b-20/b-23/b-26/b-29,POSITION_CLOSED,R12,TREND_UP,PB-B,,,BO#14,0.00,4092.97,0.00,0.00,0,17,16,9.00,15.00,9.00,position_net=-6.03 daily_net=42.81 R0=6.00000 max_r_stage=0 stacked_pullback=false reversal_ordinal=0
E492,2026.07.30 17:30:00.008,2.10-ROBUST-FINAL,XAUUSD!,Opogroup-Server1,MVP_SIMPLE_EXPLICIT_ROBUST,a-1/a-2/a-3,CANDLE_CLASSIFIED,,TREND_UP,,,,,4097.61,4095.98,4087.01,4100.16,0,0,0,N/A,N/A,N/A,bar=2026.07.30 17:15 class=BEARISH
E493,2026.07.30 17:30:00.008,2.10-ROBUST-FINAL,XAUUSD!,Opogroup-Server1,MVP_SIMPLE_EXPLICIT_ROBUST,trend-1,TREND_REFERENCE_UPDATED,,TREND_UP,,,,,4085.62,4120.32,0.00,0.00,0,0,0,N/A,N/A,N/A,High[1..3]/Low[1..3]
E494,2026.07.30 17:30:01.095,2.10-ROBUST-FINAL,XAUUSD!,Opogroup-Server1,MVP_SIMPLE_EXPLICIT_ROBUST,b-3,ZONE_ENGAGED,R12,TREND_UP,,,,,4096.11,0.00,0.00,0.00,0,0,0,9.00,15.00,9.00,entered/crossed zone from below
E495,2026.07.30 17:30:01.095,2.10-ROBUST-FINAL,XAUUSD!,Opogroup-Server1,MVP_SIMPLE_EXPLICIT_ROBUST,trend-2/b-31,ZONE_TOUCH_DIRECTION_CONFIRMED,R12,TREND_UP,R-S,Market,,,4096.11,0.00,0.00,0.00,0,0,0,9.00,15.00,9.00,first valid R-S touch for this M15+zone+direction
E496,2026.07.30 17:32:42.418,2.10-ROBUST-FINAL,XAUUSD!,Opogroup-Server1,MVP_SIMPLE_EXPLICIT_ROBUST,b-3,ZONE_ENGAGED,R12,TREND_UP,,,,,4098.94,0.00,0.00,0.00,0,0,0,9.00,15.00,9.00,entered/crossed zone from above
E497,2026.07.30 17:45:00.332,2.10-ROBUST-FINAL,XAUUSD!,Opogroup-Server1,MVP_SIMPLE_EXPLICIT_ROBUST,a-1/a-2/a-3,CANDLE_CLASSIFIED,,TREND_UP,,,,,4095.96,4110.69,4094.63,4111.27,0,0,0,N/A,N/A,N/A,bar=2026.07.30 17:30 class=BULLISH
E498,2026.07.30 17:45:00.332,2.10-ROBUST-FINAL,XAUUSD!,Opogroup-Server1,MVP_SIMPLE_EXPLICIT_ROBUST,b-3/b-4/trend-1,BREAKOUT_SIGNAL,R12,TREND_UP,BO-B,Close,BO#15,,4110.69,0.00,0.00,0.00,0,0,0,9.00,15.00,9.00,BO#15; ZONE_ENGAGED + buffered close + trend snapshot
E499,2026.07.30 17:45:00.332,2.10-ROBUST-FINAL,XAUUSD!,Opogroup-Server1,MVP_SIMPLE_EXPLICIT_ROBUST,b-8/b-25,PULLBACK_CYCLE_CREATED,R12,TREND_UP,PB-B,Stop,,BO#15,0.00,0.00,0.00,0.00,0,0,0,9.00,15.00,9.00,valid t+1..t+5 window; pullback does not consume zone in v9
E500,2026.07.30 17:45:00.332,2.10-ROBUST-FINAL,XAUUSD!,Opogroup-Server1,MVP_SIMPLE_EXPLICIT_ROBUST,trend-1,TREND_REFERENCE_UPDATED,,TREND_UP,,,,,4087.01,4120.32,0.00,0.00,0,0,0,N/A,N/A,N/A,High[1..3]/Low[1..3]
E501,2026.07.30 17:50:46.050,2.10-ROBUST-FINAL,XAUUSD!,Opogroup-Server1,MVP_SIMPLE_EXPLICIT_ROBUST,b-3,ZONE_ENGAGED,R12,TREND_UP,,,,,4098.88,0.00,0.00,0.00,0,0,0,9.00,15.00,9.00,entered/crossed zone from above
E502,2026.07.30 17:53:36.265,2.10-ROBUST-FINAL,XAUUSD!,Opogroup-Server1,MVP_SIMPLE_EXPLICIT_ROBUST,b-8,PULLBACK_PENETRATION_LATCHED,R12,TREND_UP,PB-B,Stop,,BO#15,4098.76,0.00,0.00,0.00,0,0,0,9.00,15.00,9.00,no maximum penetration in S1; first tick t+1 valid
E503,2026.07.30 17:53:36.265,2.10-ROBUST-FINAL,XAUUSD!,Opogroup-Server1,MVP_SIMPLE_EXPLICIT_ROBUST,b-29/b-30,RISK_MODEL_READY,R12,TREND_UP,BUY,,,,4099.00,0.00,4093.00,4114.00,0,0,0,9.00,15.00,9.00,R_CAP=6.00 R0=6.00000 target_zone=R13&R14
E504,2026.07.30 17:53:36.265,2.10-ROBUST-FINAL,XAUUSD!,Opogroup-Server1,MVP_SIMPLE_EXPLICIT_ROBUST,AR-RISK-01,PORTFOLIO_RISK_PRECHECK,R12,TREND_UP,PB-B,Stop,,BO#15,4099.00,0.00,4093.00,0.00,0,0,0,9.00,15.00,9.00,mode=GROSS_DAILY pct=30.00 budget=3000.00 realized=16.75 open=0.00 pending=0.00 used=16.75 remaining=2983.25 new=6.00 allowed=true
E505,2026.07.30 17:53:36.265,2.10-ROBUST-FINAL,XAUUSD!,Opogroup-Server1,MVP_SIMPLE_EXPLICIT_ROBUST,MVP-RISK/TEST-HARNESS,MARGIN_PRECHECK,R12,TREND_UP,PB-B,Telemetry,,BO#15,4099.00,0.00,0.00,0.00,0,0,0,9.00,15.00,9.00,lot=0.0100 required_new_margin=20.50 account_margin=0.00 free_margin=10042.81 margin_level=0.00
E506,2026.07.30 17:53:36.265,2.10-ROBUST-FINAL,XAUUSD!,Opogroup-Server1,MVP_SIMPLE_EXPLICIT_ROBUST,b-8/b-11/b-29/b-30,PENDING_PLACED,R12,TREND_UP,PB-B,Stop,,BO#15,4099.00,0.00,4093.00,4114.00,18,0,0,9.00,15.00,9.00,exact zone edge; native MT5 activation; R0=6.00000 target=R13&R14
E507,2026.07.30 17:53:36.427,2.10-ROBUST-FINAL,XAUUSD!,Opogroup-Server1,MVP_SIMPLE_EXPLICIT_ROBUST,b-20,DEAL_COSTS_RECORDED,,TREND_UP,,,,,0.00,4099.00,0.00,0.00,0,18,18,N/A,N/A,N/A,profit=0.00 commission=0.00 swap=0.00 fee=0.00
E508,2026.07.30 17:53:36.427,2.10-ROBUST-FINAL,XAUUSD!,Opogroup-Server1,MVP_SIMPLE_EXPLICIT_ROBUST,b-8/b-25/b-29,ORDER_FILLED,R12,TREND_UP,PB-B,Stop,,BO#15,4099.00,4099.00,4093.00,4114.00,18,18,18,9.00,15.00,9.00,native fill; R0=6.00000 target=R13&R14
E509,2026.07.30 17:53:36.427,2.10-ROBUST-FINAL,XAUUSD!,Opogroup-Server1,MVP_SIMPLE_EXPLICIT_ROBUST,MVP-RISK/TEST-HARNESS,MARGIN_POST_FILL,R12,TREND_UP,PB-B,Telemetry,,BO#15,0.00,0.00,0.00,0.00,0,0,18,9.00,15.00,9.00,lot=0.0100 account_margin=20.50 free_margin=10022.09 margin_level=48988.24
E510,2026.07.30 17:53:36.427,2.10-ROBUST-FINAL,XAUUSD!,Opogroup-Server1,MVP_SIMPLE_EXPLICIT_ROBUST,AR-RISK-01,PORTFOLIO_RISK_POST_FILL,R12,TREND_UP,PB-B,PostFill,,BO#15,0.00,0.00,0.00,0.00,0,0,0,9.00,15.00,9.00,mode=GROSS_DAILY pct=30.00 budget=3000.00 realized=16.75 open=6.00 pending=0.00 used=22.75 overflow=false
E511,2026.07.30 18:00:00.048,2.10-ROBUST-FINAL,XAUUSD!,Opogroup-Server1,MVP_SIMPLE_EXPLICIT_ROBUST,a-1/a-2/a-3,CANDLE_CLASSIFIED,,TREND_UP,,,,,4110.71,4100.05,4096.38,4113.31,0,0,0,N/A,N/A,N/A,bar=2026.07.30 17:45 class=BEARISH
E512,2026.07.30 18:00:00.048,2.10-ROBUST-FINAL,XAUUSD!,Opogroup-Server1,MVP_SIMPLE_EXPLICIT_ROBUST,trend-1,TREND_REFERENCE_UPDATED,,TREND_UP,,,,,4087.01,4113.31,0.00,0.00,0,0,0,N/A,N/A,N/A,High[1..3]/Low[1..3]
E513,2026.07.30 18:00:06.695,2.10-ROBUST-FINAL,XAUUSD!,Opogroup-Server1,MVP_SIMPLE_EXPLICIT_ROBUST,b-3,ZONE_ENGAGED,R12,TREND_UP,,,,,4098.82,0.00,0.00,0.00,0,0,0,9.00,15.00,9.00,entered/crossed zone from above
E514,2026.07.30 18:06:07.993,2.10-ROBUST-FINAL,XAUUSD!,Opogroup-Server1,MVP_SIMPLE_EXPLICIT_ROBUST,b-3,ZONE_ENGAGED,R12,TREND_UP,,,,,4096.08,0.00,0.00,0.00,0,0,0,9.00,15.00,9.00,entered/crossed zone from below
E515,2026.07.30 18:06:07.993,2.10-ROBUST-FINAL,XAUUSD!,Opogroup-Server1,MVP_SIMPLE_EXPLICIT_ROBUST,trend-2/b-31,ZONE_TOUCH_DIRECTION_CONFIRMED,R12,TREND_UP,R-S,Market,,,4096.08,0.00,0.00,0.00,0,0,0,9.00,15.00,9.00,first valid R-S touch for this M15+zone+direction
E516,2026.07.30 18:07:17.232,2.10-ROBUST-FINAL,XAUUSD!,Opogroup-Server1,MVP_SIMPLE_EXPLICIT_ROBUST,b-20,DEAL_COSTS_RECORDED,,TREND_UP,,,,,0.00,4092.99,0.00,0.00,0,19,0,N/A,N/A,N/A,profit=-6.01 commission=0.00 swap=0.00 fee=0.00
E517,2026.07.30 18:07:17.232,2.10-ROBUST-FINAL,XAUUSD!,Opogroup-Server1,MVP_SIMPLE_EXPLICIT_ROBUST,b-20/b-23/b-26/b-29,POSITION_CLOSED,R12,TREND_UP,PB-B,,,BO#15,0.00,4092.99,0.00,0.00,0,19,18,9.00,15.00,9.00,position_net=-6.01 daily_net=36.80 R0=6.00000 max_r_stage=0 stacked_pullback=false reversal_ordinal=0
E518,2026.07.30 18:12:01.404,2.10-ROBUST-FINAL,XAUUSD!,Opogroup-Server1,MVP_SIMPLE_EXPLICIT_ROBUST,trend-1,TREND_STATE_CHANGED,,TREND_DOWN,,,,,4086.93,0.00,4087.01,4113.31,0,0,0,N/A,N/A,N/A,TREND_UP -> TREND_DOWN
E519,2026.07.30 18:12:01.404,2.10-ROBUST-FINAL,XAUUSD!,Opogroup-Server1,MVP_SIMPLE_EXPLICIT_ROBUST,b-3,ZONE_ENGAGED,R11,TREND_DOWN,,,,,4086.93,0.00,0.00,0.00,0,0,0,16.00,9.00,9.00,entered/crossed zone from above
E520,2026.07.30 18:12:01.404,2.10-ROBUST-FINAL,XAUUSD!,Opogroup-Server1,MVP_SIMPLE_EXPLICIT_ROBUST,trend-2/b-31,ZONE_TOUCH_DIRECTION_CONFIRMED,R11,TREND_DOWN,R-B,Market,,,4086.93,0.00,0.00,0.00,0,0,0,16.00,9.00,9.00,first valid R-B touch for this M15+zone+direction
E521,2026.07.30 18:12:01.404,2.10-ROBUST-FINAL,XAUUSD!,Opogroup-Server1,MVP_SIMPLE_EXPLICIT_ROBUST,TEST-HIGH-R/b-24,ZONE_USAGE_BLOCKED,R11,TREND_DOWN,R,Market,,,0.00,0.00,0.00,0.00,0,0,0,16.00,9.00,9.00,daily reversal max reached: allowed=1 executed=1
E522,2026.07.30 18:12:33.475,2.10-ROBUST-FINAL,XAUUSD!,Opogroup-Server1,MVP_SIMPLE_EXPLICIT_ROBUST,b-3,ZONE_ENGAGED,R11,TREND_DOWN,,,,,4085.00,0.00,0.00,0.00,0,0,0,16.00,9.00,9.00,entered/crossed zone from below
E523,2026.07.30 18:15:00.006,2.10-ROBUST-FINAL,XAUUSD!,Opogroup-Server1,MVP_SIMPLE_EXPLICIT_ROBUST,a-1/a-2/a-3,CANDLE_CLASSIFIED,,TREND_DOWN,,,,,4100.11,4084.99,4083.05,4100.30,0,0,0,N/A,N/A,N/A,bar=2026.07.30 18:00 class=BEARISH
E524,2026.07.30 18:15:00.006,2.10-ROBUST-FINAL,XAUUSD!,Opogroup-Server1,MVP_SIMPLE_EXPLICIT_ROBUST,b-3/b-4/trend-1,BREAKOUT_SIGNAL,R12,TREND_DOWN,BO-S,Close,BO#16,,4084.99,0.00,0.00,0.00,0,0,0,9.00,15.00,9.00,BO#16; ZONE_ENGAGED + buffered close + trend snapshot
E525,2026.07.30 18:15:00.006,2.10-ROBUST-FINAL,XAUUSD!,Opogroup-Server1,MVP_SIMPLE_EXPLICIT_ROBUST,trend-1,TREND_REFERENCE_UPDATED,,TREND_DOWN,,,,,4083.05,4113.31,0.00,0.00,0,0,0,N/A,N/A,N/A,High[1..3]/Low[1..3]
E526,2026.07.30 18:15:00.006,2.10-ROBUST-FINAL,XAUUSD!,Opogroup-Server1,MVP_SIMPLE_EXPLICIT_ROBUST,b-3,ZONE_ENGAGED,R11,TREND_DOWN,,,,,4085.04,0.00,0.00,0.00,0,0,0,16.00,9.00,9.00,bar opened inside zone
E527,2026.07.30 18:19:21.467,2.10-ROBUST-FINAL,XAUUSD!,Opogroup-Server1,MVP_SIMPLE_EXPLICIT_ROBUST,b-3,ZONE_ENGAGED,R12,TREND_DOWN,,,,,4096.01,0.00,0.00,0.00,0,0,0,9.00,15.00,9.00,entered/crossed zone from below
E528,2026.07.30 18:30:00.036,2.10-ROBUST-FINAL,XAUUSD!,Opogroup-Server1,MVP_SIMPLE_EXPLICIT_ROBUST,a-1/a-2/a-3,CANDLE_CLASSIFIED,,TREND_DOWN,,,,,4085.04,4095.64,4084.73,4097.16,0,0,0,N/A,N/A,N/A,bar=2026.07.30 18:15 class=BULLISH
E529,2026.07.30 18:30:00.036,2.10-ROBUST-FINAL,XAUUSD!,Opogroup-Server1,MVP_SIMPLE_EXPLICIT_ROBUST,trend-1,TREND_REFERENCE_UPDATED,,TREND_DOWN,,,,,4083.05,4113.31,0.00,0.00,0,0,0,N/A,N/A,N/A,High[1..3]/Low[1..3]
E530,2026.07.30 18:30:01.671,2.10-ROBUST-FINAL,XAUUSD!,Opogroup-Server1,MVP_SIMPLE_EXPLICIT_ROBUST,b-3,ZONE_ENGAGED,R12,TREND_DOWN,,,,,4096.01,0.00,0.00,0.00,0,0,0,9.00,15.00,9.00,entered/crossed zone from below
E531,2026.07.30 18:34:08.155,2.10-ROBUST-FINAL,XAUUSD!,Opogroup-Server1,MVP_SIMPLE_EXPLICIT_ROBUST,b-3,ZONE_ENGAGED,R12,TREND_DOWN,,,,,4098.99,0.00,0.00,0.00,0,0,0,9.00,15.00,9.00,entered/crossed zone from above
E532,2026.07.30 18:34:08.155,2.10-ROBUST-FINAL,XAUUSD!,Opogroup-Server1,MVP_SIMPLE_EXPLICIT_ROBUST,trend-2/b-31,ZONE_TOUCH_DIRECTION_CONFIRMED,R12,TREND_DOWN,R-B,Market,,,4098.99,0.00,0.00,0.00,0,0,0,9.00,15.00,9.00,first valid R-B touch for this M15+zone+direction
E533,2026.07.30 18:34:08.155,2.10-ROBUST-FINAL,XAUUSD!,Opogroup-Server1,MVP_SIMPLE_EXPLICIT_ROBUST,TEST-HIGH-R/b-29/b-30,RISK_MODEL_READY,R12,TREND_DOWN,BUY,,,,4099.21,0.00,4090.21,4114.00,0,0,0,9.00,15.00,9.00,HIGH_TEST multiplier=1.50 R_base=6.00000 R0_exp=9.00000 target_zone=R13&R14
E534,2026.07.30 18:34:08.155,2.10-ROBUST-FINAL,XAUUSD!,Opogroup-Server1,MVP_SIMPLE_EXPLICIT_ROBUST,AR-RISK-01,PORTFOLIO_RISK_PRECHECK,R12,TREND_DOWN,R-B,Market,,,4099.21,0.00,4090.21,0.00,0,0,0,9.00,15.00,9.00,mode=GROSS_DAILY pct=30.00 budget=3000.00 realized=22.76 open=0.00 pending=0.00 used=22.76 remaining=2977.24 new=9.00 allowed=true
E535,2026.07.30 18:34:08.155,2.10-ROBUST-FINAL,XAUUSD!,Opogroup-Server1,MVP_SIMPLE_EXPLICIT_ROBUST,TEST-HIGH-R/b-1/b-11/b-29/b-30,REVERSAL_SIGNAL,R12,TREND_DOWN,R-B,Market,,,4099.21,0.00,4090.21,4114.00,0,0,0,9.00,15.00,9.00,TEST HIGH reversal_ordinal=1/2 SLx=1.50 R_base=6.00000 R0=9.00000 target=R13&R14
E536,2026.07.30 18:34:08.155,2.10-ROBUST-FINAL,XAUUSD!,Opogroup-Server1,MVP_SIMPLE_EXPLICIT_ROBUST,MVP-RISK/TEST-HARNESS,MARGIN_PRECHECK,R12,TREND_DOWN,R-B,Telemetry,,,4099.21,0.00,0.00,0.00,0,0,0,9.00,15.00,9.00,lot=0.0100 required_new_margin=20.50 account_margin=0.00 free_margin=10036.80 margin_level=0.00
E537,2026.07.30 18:34:08.155,2.10-ROBUST-FINAL,XAUUSD!,Opogroup-Server1,MVP_SIMPLE_EXPLICIT_ROBUST,b-20,DEAL_COSTS_RECORDED,,TREND_DOWN,,,,,0.00,4099.21,0.00,0.00,0,20,20,N/A,N/A,N/A,profit=0.00 commission=0.00 swap=0.00 fee=0.00
E538,2026.07.30 18:34:08.155,2.10-ROBUST-FINAL,XAUUSD!,Opogroup-Server1,MVP_SIMPLE_EXPLICIT_ROBUST,b-1/b-26/b-29,ORDER_FILLED,R12,TREND_DOWN,R-B,Market,,,4099.21,4099.21,4090.21,4114.00,20,20,20,9.00,15.00,9.00,native fill; reversal_ordinal=1 R0=9.00000 target=R13&R14
E539,2026.07.30 18:34:08.155,2.10-ROBUST-FINAL,XAUUSD!,Opogroup-Server1,MVP_SIMPLE_EXPLICIT_ROBUST,MVP-RISK/TEST-HARNESS,MARGIN_POST_FILL,R12,TREND_DOWN,R-B,Telemetry,,,0.00,0.00,0.00,0.00,0,0,20,9.00,15.00,9.00,lot=0.0100 account_margin=20.50 free_margin=10016.08 margin_level=48958.93
E540,2026.07.30 18:34:08.155,2.10-ROBUST-FINAL,XAUUSD!,Opogroup-Server1,MVP_SIMPLE_EXPLICIT_ROBUST,AR-RISK-01,PORTFOLIO_RISK_POST_FILL,R12,TREND_DOWN,R-B,PostFill,,,0.00,0.00,0.00,0.00,0,0,0,9.00,15.00,9.00,mode=GROSS_DAILY pct=30.00 budget=3000.00 realized=22.76 open=9.00 pending=0.00 used=31.76 overflow=false
E541,2026.07.30 18:45:00.026,2.10-ROBUST-FINAL,XAUUSD!,Opogroup-Server1,MVP_SIMPLE_EXPLICIT_ROBUST,a-1/a-2/a-3,CANDLE_CLASSIFIED,,TREND_DOWN,,,,,4095.62,4105.83,4092.53,4106.93,0,0,0,N/A,N/A,N/A,bar=2026.07.30 18:30 class=BULLISH
E542,2026.07.30 18:45:00.026,2.10-ROBUST-FINAL,XAUUSD!,Opogroup-Server1,MVP_SIMPLE_EXPLICIT_ROBUST,trend-1,TREND_REFERENCE_UPDATED,,TREND_DOWN,,,,,4083.05,4106.93,0.00,0.00,0,0,0,N/A,N/A,N/A,High[1..3]/Low[1..3]
E543,2026.07.30 18:51:14.821,2.10-ROBUST-FINAL,XAUUSD!,Opogroup-Server1,MVP_SIMPLE_EXPLICIT_ROBUST,trend-1,TREND_STATE_CHANGED,,TREND_UP,,,,,4106.95,0.00,4083.05,4106.93,0,0,0,N/A,N/A,N/A,TREND_DOWN -> TREND_UP
E544,2026.07.30 18:55:05.499,2.10-ROBUST-FINAL,XAUUSD!,Opogroup-Server1,MVP_SIMPLE_EXPLICIT_ROBUST,b-29,R_STAGE_CHANGED,R12,TREND_UP,R,,,,4099.21,0.00,0.00,4114.00,0,0,20,9.00,15.00,9.00,stage=1 >=1R risk-zero eligible
E545,2026.07.30 18:55:05.499,2.10-ROBUST-FINAL,XAUUSD!,Opogroup-Server1,MVP_SIMPLE_EXPLICIT_ROBUST,b-29,SL_MOVE_REQUESTED,R12,TREND_UP,R,ModifySL,,,0.00,0.00,4099.21,4114.00,0,0,20,9.00,15.00,9.00,stage=1 BE actual_fill + known_native_costs=-0.00
E546,2026.07.30 18:55:05.499,2.10-ROBUST-FINAL,XAUUSD!,Opogroup-Server1,MVP_SIMPLE_EXPLICIT_ROBUST,b-29,SL_MOVE_CONFIRMED,R12,TREND_UP,R,ModifySL,,,0.00,0.00,4099.21,4114.00,0,0,20,9.00,15.00,9.00,stage=1 BE actual_fill + known_native_costs=-0.00
E547,2026.07.30 19:00:00.074,2.10-ROBUST-FINAL,XAUUSD!,Opogroup-Server1,MVP_SIMPLE_EXPLICIT_ROBUST,a-1/a-2/a-3,CANDLE_CLASSIFIED,,TREND_UP,,,,,4105.82,4107.78,4103.53,4110.14,0,0,0,N/A,N/A,N/A,bar=2026.07.30 18:45 class=BULLISH
E548,2026.07.30 19:00:00.074,2.10-ROBUST-FINAL,XAUUSD!,Opogroup-Server1,MVP_SIMPLE_EXPLICIT_ROBUST,trend-1,TREND_REFERENCE_UPDATED,,TREND_UP,,,,,4084.73,4110.14,0.00,0.00,0,0,0,N/A,N/A,N/A,High[1..3]/Low[1..3]
E549,2026.07.30 19:01:19.099,2.10-ROBUST-FINAL,XAUUSD!,Opogroup-Server1,MVP_SIMPLE_EXPLICIT_ROBUST,b-29,R_STAGE_CHANGED,R12,TREND_UP,R,,,,4099.21,0.00,0.00,4114.00,0,0,20,9.00,15.00,9.00,stage=2 >=1.5R lock +0.5R
E550,2026.07.30 19:01:19.099,2.10-ROBUST-FINAL,XAUUSD!,Opogroup-Server1,MVP_SIMPLE_EXPLICIT_ROBUST,b-29,SL_MOVE_REQUESTED,R12,TREND_UP,R,ModifySL,,,0.00,0.00,4103.71,4114.00,0,0,20,9.00,15.00,9.00,stage=2 lock +0.5R
E551,2026.07.30 19:01:19.099,2.10-ROBUST-FINAL,XAUUSD!,Opogroup-Server1,MVP_SIMPLE_EXPLICIT_ROBUST,b-29,SL_MOVE_CONFIRMED,R12,TREND_UP,R,ModifySL,,,0.00,0.00,4103.71,4114.00,0,0,20,9.00,15.00,9.00,stage=2 lock +0.5R
E552,2026.07.30 19:04:04.702,2.10-ROBUST-FINAL,XAUUSD!,Opogroup-Server1,MVP_SIMPLE_EXPLICIT_ROBUST,b-3,ZONE_ENGAGED,R13&R14,TREND_UP,,,,,4114.21,0.00,0.00,0.00,0,0,0,15.00,11.00,11.00,entered/crossed zone from below
E553,2026.07.30 19:04:04.702,2.10-ROBUST-FINAL,XAUUSD!,Opogroup-Server1,MVP_SIMPLE_EXPLICIT_ROBUST,trend-2/b-31,ZONE_TOUCH_DIRECTION_CONFIRMED,R13&R14,TREND_UP,R-S,Market,,,4114.21,0.00,0.00,0.00,0,0,0,15.00,11.00,11.00,first valid R-S touch for this M15+zone+direction
E554,2026.07.30 19:04:04.702,2.10-ROBUST-FINAL,XAUUSD!,Opogroup-Server1,MVP_SIMPLE_EXPLICIT_ROBUST,TEST-HIGH-R/b-29/b-30,RISK_MODEL_READY,R13&R14,TREND_UP,SELL,,,,4114.21,0.00,4123.21,4099.00,0,0,0,15.00,11.00,11.00,HIGH_TEST multiplier=1.50 R_base=6.00000 R0_exp=9.00000 target_zone=R12
E555,2026.07.30 19:04:04.702,2.10-ROBUST-FINAL,XAUUSD!,Opogroup-Server1,MVP_SIMPLE_EXPLICIT_ROBUST,AR-RISK-01,PORTFOLIO_RISK_PRECHECK,R13&R14,TREND_UP,R-S,Market,,,4114.21,0.00,4123.21,0.00,0,0,0,15.00,11.00,11.00,mode=GROSS_DAILY pct=30.00 budget=3000.00 realized=22.76 open=0.00 pending=0.00 used=22.76 remaining=2977.24 new=9.00 allowed=true
E556,2026.07.30 19:04:04.702,2.10-ROBUST-FINAL,XAUUSD!,Opogroup-Server1,MVP_SIMPLE_EXPLICIT_ROBUST,TEST-HIGH-R/b-1/b-11/b-29/b-30,REVERSAL_SIGNAL,R13&R14,TREND_UP,R-S,Market,,,4114.21,0.00,4123.21,4099.00,0,0,0,15.00,11.00,11.00,TEST HIGH reversal_ordinal=2/2 SLx=1.50 R_base=6.00000 R0=9.00000 target=R12
E557,2026.07.30 19:04:04.702,2.10-ROBUST-FINAL,XAUUSD!,Opogroup-Server1,MVP_SIMPLE_EXPLICIT_ROBUST,MVP-RISK/TEST-HARNESS,MARGIN_PRECHECK,R13&R14,TREND_UP,R-S,Telemetry,,,4114.21,0.00,0.00,0.00,0,0,0,15.00,11.00,11.00,lot=0.0100 required_new_margin=20.57 account_margin=0.00 free_margin=10051.80 margin_level=0.00
E558,2026.07.30 19:04:04.702,2.10-ROBUST-FINAL,XAUUSD!,Opogroup-Server1,MVP_SIMPLE_EXPLICIT_ROBUST,b-20,DEAL_COSTS_RECORDED,,TREND_UP,,,,,0.00,4114.21,0.00,0.00,0,21,0,N/A,N/A,N/A,profit=15.00 commission=0.00 swap=0.00 fee=0.00
E559,2026.07.30 19:04:04.702,2.10-ROBUST-FINAL,XAUUSD!,Opogroup-Server1,MVP_SIMPLE_EXPLICIT_ROBUST,TEST-HIGH-R,HIGH_REVERSAL_SLOT_CLOSED,R12,TREND_UP,R,,,,0.00,0.00,0.00,0.00,0,0,0,9.00,15.00,9.00,reversal closed; executed=1 allowed=2 remaining=1
E560,2026.07.30 19:04:04.702,2.10-ROBUST-FINAL,XAUUSD!,Opogroup-Server1,MVP_SIMPLE_EXPLICIT_ROBUST,b-20/b-23/b-26/b-29,POSITION_CLOSED,R12,TREND_UP,R-B,,,,0.00,4114.21,0.00,0.00,0,21,20,9.00,15.00,9.00,position_net=15.00 daily_net=51.80 R0=9.00000 max_r_stage=2 stacked_pullback=false reversal_ordinal=1
E561,2026.07.30 19:04:04.702,2.10-ROBUST-FINAL,XAUUSD!,Opogroup-Server1,MVP_SIMPLE_EXPLICIT_ROBUST,b-20,DEAL_COSTS_RECORDED,,TREND_UP,,,,,0.00,4114.21,0.00,0.00,0,22,22,N/A,N/A,N/A,profit=0.00 commission=0.00 swap=0.00 fee=0.00
E562,2026.07.30 19:04:04.702,2.10-ROBUST-FINAL,XAUUSD!,Opogroup-Server1,MVP_SIMPLE_EXPLICIT_ROBUST,b-1/b-26/b-29,ORDER_FILLED,R13&R14,TREND_UP,R-S,Market,,,4114.21,4114.21,4123.21,4099.00,22,22,22,15.00,11.00,11.00,native fill; reversal_ordinal=2 R0=9.00000 target=R12
E563,2026.07.30 19:04:04.702,2.10-ROBUST-FINAL,XAUUSD!,Opogroup-Server1,MVP_SIMPLE_EXPLICIT_ROBUST,MVP-RISK/TEST-HARNESS,MARGIN_POST_FILL,R13&R14,TREND_UP,R-S,Telemetry,,,0.00,0.00,0.00,0.00,0,0,22,15.00,11.00,11.00,lot=0.0100 account_margin=20.57 free_margin=10031.02 margin_level=48865.29
E564,2026.07.30 19:04:04.702,2.10-ROBUST-FINAL,XAUUSD!,Opogroup-Server1,MVP_SIMPLE_EXPLICIT_ROBUST,AR-RISK-01,PORTFOLIO_RISK_POST_FILL,R13&R14,TREND_UP,R-S,PostFill,,,0.00,0.00,0.00,0.00,0,0,0,15.00,11.00,11.00,mode=GROSS_DAILY pct=30.00 budget=3000.00 realized=22.76 open=9.00 pending=0.00 used=31.76 overflow=false
E565,2026.07.30 19:15:00.068,2.10-ROBUST-FINAL,XAUUSD!,Opogroup-Server1,MVP_SIMPLE_EXPLICIT_ROBUST,a-1/a-2/a-3,CANDLE_CLASSIFIED,,TREND_UP,,,,,4107.77,4114.13,4107.73,4115.94,0,0,0,N/A,N/A,N/A,bar=2026.07.30 19:00 class=BULLISH
E566,2026.07.30 19:15:00.068,2.10-ROBUST-FINAL,XAUUSD!,Opogroup-Server1,MVP_SIMPLE_EXPLICIT_ROBUST,trend-1,TREND_REFERENCE_UPDATED,,TREND_UP,,,,,4092.53,4115.94,0.00,0.00,0,0,0,N/A,N/A,N/A,High[1..3]/Low[1..3]
E567,2026.07.30 19:15:00.068,2.10-ROBUST-FINAL,XAUUSD!,Opogroup-Server1,MVP_SIMPLE_EXPLICIT_ROBUST,b-3,ZONE_ENGAGED,R13&R14,TREND_UP,,,,,4114.11,0.00,0.00,0.00,0,0,0,15.00,11.00,11.00,bar opened inside zone
E568,2026.07.30 19:15:36.312,2.10-ROBUST-FINAL,XAUUSD!,Opogroup-Server1,MVP_SIMPLE_EXPLICIT_ROBUST,trend-2/b-31,ZONE_TOUCH_DIRECTION_CONFIRMED,R13&R14,TREND_UP,R-S,Market,,,4114.00,0.00,0.00,0.00,0,0,0,15.00,11.00,11.00,first valid R-S touch for this M15+zone+direction
E569,2026.07.30 19:15:36.312,2.10-ROBUST-FINAL,XAUUSD!,Opogroup-Server1,MVP_SIMPLE_EXPLICIT_ROBUST,TEST-HIGH-R/b-24,ZONE_USAGE_BLOCKED,R13&R14,TREND_UP,R,Market,,,0.00,0.00,0.00,0.00,0,0,0,15.00,11.00,11.00,daily reversal max reached: allowed=2 executed=2
E570,2026.07.30 19:30:00.003,2.10-ROBUST-FINAL,XAUUSD!,Opogroup-Server1,MVP_SIMPLE_EXPLICIT_ROBUST,a-1/a-2/a-3,CANDLE_CLASSIFIED,,TREND_UP,,,,,4114.11,4115.60,4113.63,4119.20,0,0,0,N/A,N/A,N/A,bar=2026.07.30 19:15 class=BULLISH
E571,2026.07.30 19:30:00.003,2.10-ROBUST-FINAL,XAUUSD!,Opogroup-Server1,MVP_SIMPLE_EXPLICIT_ROBUST,trend-1,TREND_REFERENCE_UPDATED,,TREND_UP,,,,,4103.53,4119.20,0.00,0.00,0,0,0,N/A,N/A,N/A,High[1..3]/Low[1..3]
E572,2026.07.30 19:30:00.003,2.10-ROBUST-FINAL,XAUUSD!,Opogroup-Server1,MVP_SIMPLE_EXPLICIT_ROBUST,b-3,ZONE_ENGAGED,R13&R14,TREND_UP,,,,,4115.59,0.00,0.00,0.00,0,0,0,15.00,11.00,11.00,bar opened inside zone
E573,2026.07.30 19:34:07.633,2.10-ROBUST-FINAL,XAUUSD!,Opogroup-Server1,MVP_SIMPLE_EXPLICIT_ROBUST,trend-2/b-31,ZONE_TOUCH_DIRECTION_CONFIRMED,R13&R14,TREND_UP,R-S,Market,,,4114.01,0.00,0.00,0.00,0,0,0,15.00,11.00,11.00,first valid R-S touch for this M15+zone+direction
E574,2026.07.30 19:34:07.633,2.10-ROBUST-FINAL,XAUUSD!,Opogroup-Server1,MVP_SIMPLE_EXPLICIT_ROBUST,TEST-HIGH-R/b-24,ZONE_USAGE_BLOCKED,R13&R14,TREND_UP,R,Market,,,0.00,0.00,0.00,0.00,0,0,0,15.00,11.00,11.00,daily reversal max reached: allowed=2 executed=2
E575,2026.07.30 19:45:00.006,2.10-ROBUST-FINAL,XAUUSD!,Opogroup-Server1,MVP_SIMPLE_EXPLICIT_ROBUST,a-1/a-2/a-3,CANDLE_CLASSIFIED,,TREND_UP,,,,,4115.59,4108.73,4108.30,4116.44,0,0,0,N/A,N/A,N/A,bar=2026.07.30 19:30 class=BEARISH
E576,2026.07.30 19:45:00.006,2.10-ROBUST-FINAL,XAUUSD!,Opogroup-Server1,MVP_SIMPLE_EXPLICIT_ROBUST,trend-1,TREND_REFERENCE_UPDATED,,TREND_UP,,,,,4107.73,4119.20,0.00,0.00,0,0,0,N/A,N/A,N/A,High[1..3]/Low[1..3]
E577,2026.07.30 19:46:20.413,2.10-ROBUST-FINAL,XAUUSD!,Opogroup-Server1,MVP_SIMPLE_EXPLICIT_ROBUST,trend-1,TREND_STATE_CHANGED,,TREND_DOWN,,,,,4107.72,0.00,4107.73,4119.20,0,0,0,N/A,N/A,N/A,TREND_UP -> TREND_DOWN
E578,2026.07.30 20:00:00.001,2.10-ROBUST-FINAL,XAUUSD!,Opogroup-Server1,MVP_SIMPLE_EXPLICIT_ROBUST,a-1/a-2/a-3,CANDLE_CLASSIFIED,,TREND_DOWN,,,,,4108.75,4110.66,4106.59,4110.77,0,0,0,N/A,N/A,N/A,bar=2026.07.30 19:45 class=BULLISH
E579,2026.07.30 20:00:00.001,2.10-ROBUST-FINAL,XAUUSD!,Opogroup-Server1,MVP_SIMPLE_EXPLICIT_ROBUST,trend-1,TREND_REFERENCE_UPDATED,,TREND_DOWN,,,,,4106.59,4119.20,0.00,0.00,0,0,0,N/A,N/A,N/A,High[1..3]/Low[1..3]
E580,2026.07.30 20:14:49.053,2.10-ROBUST-FINAL,XAUUSD!,Opogroup-Server1,MVP_SIMPLE_EXPLICIT_ROBUST,b-29,R_STAGE_CHANGED,R13&R14,TREND_DOWN,R,,,,4114.21,0.00,0.00,4099.00,0,0,22,15.00,11.00,11.00,stage=1 >=1R risk-zero eligible
E581,2026.07.30 20:14:49.053,2.10-ROBUST-FINAL,XAUUSD!,Opogroup-Server1,MVP_SIMPLE_EXPLICIT_ROBUST,b-29,SL_MOVE_REQUESTED,R13&R14,TREND_DOWN,R,ModifySL,,,0.00,0.00,4114.21,4099.00,0,0,22,15.00,11.00,11.00,stage=1 BE actual_fill + known_native_costs=-0.00
E582,2026.07.30 20:14:49.053,2.10-ROBUST-FINAL,XAUUSD!,Opogroup-Server1,MVP_SIMPLE_EXPLICIT_ROBUST,b-29,SL_MOVE_CONFIRMED,R13&R14,TREND_DOWN,R,ModifySL,,,0.00,0.00,4114.21,4099.00,0,0,22,15.00,11.00,11.00,stage=1 BE actual_fill + known_native_costs=-0.00
E583,2026.07.30 20:15:00.142,2.10-ROBUST-FINAL,XAUUSD!,Opogroup-Server1,MVP_SIMPLE_EXPLICIT_ROBUST,a-1/a-2/a-3,CANDLE_CLASSIFIED,,TREND_DOWN,,,,,4110.75,4104.99,4104.85,4111.24,0,0,0,N/A,N/A,N/A,bar=2026.07.30 20:00 class=BEARISH
E584,2026.07.30 20:15:00.142,2.10-ROBUST-FINAL,XAUUSD!,Opogroup-Server1,MVP_SIMPLE_EXPLICIT_ROBUST,trend-1,TREND_REFERENCE_UPDATED,,TREND_DOWN,,,,,4104.85,4116.44,0.00,0.00,0,0,0,N/A,N/A,N/A,High[1..3]/Low[1..3]
E585,2026.07.30 20:29:20.314,2.10-ROBUST-FINAL,XAUUSD!,Opogroup-Server1,MVP_SIMPLE_EXPLICIT_ROBUST,b-29,R_STAGE_CHANGED,R13&R14,TREND_DOWN,R,,,,4114.21,0.00,0.00,4099.00,0,0,22,15.00,11.00,11.00,stage=2 >=1.5R lock +0.5R
E586,2026.07.30 20:29:20.314,2.10-ROBUST-FINAL,XAUUSD!,Opogroup-Server1,MVP_SIMPLE_EXPLICIT_ROBUST,b-29,SL_MOVE_REQUESTED,R13&R14,TREND_DOWN,R,ModifySL,,,0.00,0.00,4109.71,4099.00,0,0,22,15.00,11.00,11.00,stage=2 lock +0.5R
E587,2026.07.30 20:29:20.314,2.10-ROBUST-FINAL,XAUUSD!,Opogroup-Server1,MVP_SIMPLE_EXPLICIT_ROBUST,b-29,SL_MOVE_CONFIRMED,R13&R14,TREND_DOWN,R,ModifySL,,,0.00,0.00,4109.71,4099.00,0,0,22,15.00,11.00,11.00,stage=2 lock +0.5R
E588,2026.07.30 20:29:27.813,2.10-ROBUST-FINAL,XAUUSD!,Opogroup-Server1,MVP_SIMPLE_EXPLICIT_ROBUST,b-3,ZONE_ENGAGED,R12,TREND_DOWN,,,,,4098.94,0.00,0.00,0.00,0,0,0,9.00,15.00,9.00,entered/crossed zone from above
E589,2026.07.30 20:29:27.813,2.10-ROBUST-FINAL,XAUUSD!,Opogroup-Server1,MVP_SIMPLE_EXPLICIT_ROBUST,trend-2/b-31,ZONE_TOUCH_DIRECTION_CONFIRMED,R12,TREND_DOWN,R-B,Market,,,4098.94,0.00,0.00,0.00,0,0,0,9.00,15.00,9.00,first valid R-B touch for this M15+zone+direction
E590,2026.07.30 20:29:27.813,2.10-ROBUST-FINAL,XAUUSD!,Opogroup-Server1,MVP_SIMPLE_EXPLICIT_ROBUST,TEST-HIGH-R/b-29/b-30,RISK_MODEL_READY,R12,TREND_DOWN,BUY,,,,4099.16,0.00,4090.16,4114.00,0,0,0,9.00,15.00,9.00,HIGH_TEST multiplier=1.50 R_base=6.00000 R0_exp=9.00000 target_zone=R13&R14
E591,2026.07.30 20:29:27.813,2.10-ROBUST-FINAL,XAUUSD!,Opogroup-Server1,MVP_SIMPLE_EXPLICIT_ROBUST,AR-RISK-01,PORTFOLIO_RISK_PRECHECK,R12,TREND_DOWN,R-B,Market,,,4099.16,0.00,4090.16,0.00,0,0,0,9.00,15.00,9.00,mode=GROSS_DAILY pct=30.00 budget=3000.00 realized=22.76 open=0.00 pending=0.00 used=22.76 remaining=2977.24 new=9.00 allowed=true
E592,2026.07.30 20:29:27.813,2.10-ROBUST-FINAL,XAUUSD!,Opogroup-Server1,MVP_SIMPLE_EXPLICIT_ROBUST,TEST-HIGH-R/b-1/b-11/b-29/b-30,REVERSAL_SIGNAL,R12,TREND_DOWN,R-B,Market,,,4099.16,0.00,4090.16,4114.00,0,0,0,9.00,15.00,9.00,TEST HIGH reversal_ordinal=2/2 SLx=1.50 R_base=6.00000 R0=9.00000 target=R13&R14
E593,2026.07.30 20:29:27.813,2.10-ROBUST-FINAL,XAUUSD!,Opogroup-Server1,MVP_SIMPLE_EXPLICIT_ROBUST,MVP-RISK/TEST-HARNESS,MARGIN_PRECHECK,R12,TREND_DOWN,R-B,Telemetry,,,4099.16,0.00,0.00,0.00,0,0,0,9.00,15.00,9.00,lot=0.0100 required_new_margin=20.50 account_margin=20.57 free_margin=10046.28 margin_level=48939.47
E594,2026.07.30 20:29:27.813,2.10-ROBUST-FINAL,XAUUSD!,Opogroup-Server1,MVP_SIMPLE_EXPLICIT_ROBUST,b-20,DEAL_COSTS_RECORDED,,TREND_DOWN,,,,,0.00,4099.16,0.00,0.00,0,23,23,N/A,N/A,N/A,profit=0.00 commission=0.00 swap=0.00 fee=0.00
E595,2026.07.30 20:29:27.813,2.10-ROBUST-FINAL,XAUUSD!,Opogroup-Server1,MVP_SIMPLE_EXPLICIT_ROBUST,b-1/b-26/b-29,ORDER_FILLED,R12,TREND_DOWN,R-B,Market,,,4099.16,4099.16,4090.16,4114.00,23,23,23,9.00,15.00,9.00,native fill; reversal_ordinal=2 R0=9.00000 target=R13&R14
E596,2026.07.30 20:29:27.813,2.10-ROBUST-FINAL,XAUUSD!,Opogroup-Server1,MVP_SIMPLE_EXPLICIT_ROBUST,MVP-RISK/TEST-HARNESS,MARGIN_POST_FILL,R12,TREND_DOWN,R-B,Telemetry,,,0.00,0.00,0.00,0.00,0,0,23,9.00,15.00,9.00,lot=0.0100 account_margin=0.00 free_margin=10066.63 margin_level=0.00
E597,2026.07.30 20:29:27.813,2.10-ROBUST-FINAL,XAUUSD!,Opogroup-Server1,MVP_SIMPLE_EXPLICIT_ROBUST,AR-RISK-01,PORTFOLIO_RISK_POST_FILL,R12,TREND_DOWN,R-B,PostFill,,,0.00,0.00,0.00,0.00,0,0,0,9.00,15.00,9.00,mode=GROSS_DAILY pct=30.00 budget=3000.00 realized=22.76 open=9.00 pending=0.00 used=31.76 overflow=false
E598,2026.07.30 20:29:28.316,2.10-ROBUST-FINAL,XAUUSD!,Opogroup-Server1,MVP_SIMPLE_EXPLICIT_ROBUST,b-20,DEAL_COSTS_RECORDED,,TREND_DOWN,,,,,0.00,4098.97,0.00,0.00,0,24,0,N/A,N/A,N/A,profit=15.24 commission=0.00 swap=0.00 fee=0.00
E599,2026.07.30 20:29:28.316,2.10-ROBUST-FINAL,XAUUSD!,Opogroup-Server1,MVP_SIMPLE_EXPLICIT_ROBUST,TEST-HIGH-R/b-24/b-26,ZONE_CONSUMED,R13&R14,TREND_DOWN,R,,,,0.00,0.00,0.00,0.00,0,0,0,15.00,11.00,11.00,reversal daily max reached; executed=2 allowed=2
E600,2026.07.30 20:29:28.316,2.10-ROBUST-FINAL,XAUUSD!,Opogroup-Server1,MVP_SIMPLE_EXPLICIT_ROBUST,b-20/b-23/b-26/b-29,POSITION_CLOSED,R13&R14,TREND_DOWN,R-S,,,,0.00,4098.97,0.00,0.00,0,24,22,15.00,11.00,11.00,position_net=15.24 daily_net=67.04 R0=9.00000 max_r_stage=2 stacked_pullback=false reversal_ordinal=2
E601,2026.07.30 20:30:00.177,2.10-ROBUST-FINAL,XAUUSD!,Opogroup-Server1,MVP_SIMPLE_EXPLICIT_ROBUST,a-1/a-2/a-3,CANDLE_CLASSIFIED,,TREND_DOWN,,,,,4104.96,4101.07,4098.38,4108.30,0,0,0,N/A,N/A,N/A,bar=2026.07.30 20:15 class=BEARISH
E602,2026.07.30 20:30:00.177,2.10-ROBUST-FINAL,XAUUSD!,Opogroup-Server1,MVP_SIMPLE_EXPLICIT_ROBUST,trend-1,TREND_REFERENCE_UPDATED,,TREND_DOWN,,,,,4098.38,4111.24,0.00,0.00,0,0,0,N/A,N/A,N/A,High[1..3]/Low[1..3]
E603,2026.07.30 20:37:02.589,2.10-ROBUST-FINAL,XAUUSD!,Opogroup-Server1,MVP_SIMPLE_EXPLICIT_ROBUST,b-29,R_STAGE_CHANGED,R12,TREND_DOWN,R,,,,4099.16,0.00,0.00,4114.00,0,0,23,9.00,15.00,9.00,stage=1 >=1R risk-zero eligible
E604,2026.07.30 20:37:02.589,2.10-ROBUST-FINAL,XAUUSD!,Opogroup-Server1,MVP_SIMPLE_EXPLICIT_ROBUST,b-29,SL_MOVE_REQUESTED,R12,TREND_DOWN,R,ModifySL,,,0.00,0.00,4099.16,4114.00,0,0,23,9.00,15.00,9.00,stage=1 BE actual_fill + known_native_costs=-0.00
E605,2026.07.30 20:37:02.589,2.10-ROBUST-FINAL,XAUUSD!,Opogroup-Server1,MVP_SIMPLE_EXPLICIT_ROBUST,b-29,SL_MOVE_CONFIRMED,R12,TREND_DOWN,R,ModifySL,,,0.00,0.00,4099.16,4114.00,0,0,23,9.00,15.00,9.00,stage=1 BE actual_fill + known_native_costs=-0.00
E606,2026.07.30 20:45:00.206,2.10-ROBUST-FINAL,XAUUSD!,Opogroup-Server1,MVP_SIMPLE_EXPLICIT_ROBUST,a-1/a-2/a-3,CANDLE_CLASSIFIED,,TREND_DOWN,,,,,4101.08,4105.85,4099.96,4108.21,0,0,0,N/A,N/A,N/A,bar=2026.07.30 20:30 class=BULLISH
E607,2026.07.30 20:45:00.206,2.10-ROBUST-FINAL,XAUUSD!,Opogroup-Server1,MVP_SIMPLE_EXPLICIT_ROBUST,trend-1,TREND_REFERENCE_UPDATED,,TREND_DOWN,,,,,4098.38,4111.24,0.00,0.00,0,0,0,N/A,N/A,N/A,High[1..3]/Low[1..3]
E608,2026.07.30 21:00:00.080,2.10-ROBUST-FINAL,XAUUSD!,Opogroup-Server1,MVP_SIMPLE_EXPLICIT_ROBUST,a-1/a-2/a-3,CANDLE_CLASSIFIED,,TREND_DOWN,,,,,4105.83,4102.78,4101.21,4108.49,0,0,0,N/A,N/A,N/A,bar=2026.07.30 20:45 class=BEARISH
E609,2026.07.30 21:00:00.080,2.10-ROBUST-FINAL,XAUUSD!,Opogroup-Server1,MVP_SIMPLE_EXPLICIT_ROBUST,trend-1,TREND_REFERENCE_UPDATED,,TREND_DOWN,,,,,4098.38,4108.49,0.00,0.00,0,0,0,N/A,N/A,N/A,High[1..3]/Low[1..3]
E610,2026.07.30 21:15:00.028,2.10-ROBUST-FINAL,XAUUSD!,Opogroup-Server1,MVP_SIMPLE_EXPLICIT_ROBUST,a-1/a-2/a-3,CANDLE_CLASSIFIED,,TREND_DOWN,,,,,4102.76,4106.64,4102.75,4106.84,0,0,0,N/A,N/A,N/A,bar=2026.07.30 21:00 class=BULLISH
E611,2026.07.30 21:15:00.028,2.10-ROBUST-FINAL,XAUUSD!,Opogroup-Server1,MVP_SIMPLE_EXPLICIT_ROBUST,trend-1,TREND_REFERENCE_UPDATED,,TREND_DOWN,,,,,4099.96,4108.49,0.00,0.00,0,0,0,N/A,N/A,N/A,High[1..3]/Low[1..3]
E612,2026.07.30 21:30:00.349,2.10-ROBUST-FINAL,XAUUSD!,Opogroup-Server1,MVP_SIMPLE_EXPLICIT_ROBUST,a-1/a-2/a-3,CANDLE_CLASSIFIED,,TREND_DOWN,,,,,4106.63,4103.23,4100.82,4106.69,0,0,0,N/A,N/A,N/A,bar=2026.07.30 21:15 class=BEARISH
E613,2026.07.30 21:30:00.349,2.10-ROBUST-FINAL,XAUUSD!,Opogroup-Server1,MVP_SIMPLE_EXPLICIT_ROBUST,trend-1,TREND_REFERENCE_UPDATED,,TREND_DOWN,,,,,4100.82,4108.49,0.00,0.00,0,0,0,N/A,N/A,N/A,High[1..3]/Low[1..3]
E614,2026.07.30 21:45:00.259,2.10-ROBUST-FINAL,XAUUSD!,Opogroup-Server1,MVP_SIMPLE_EXPLICIT_ROBUST,a-1/a-2/a-3,CANDLE_CLASSIFIED,,TREND_DOWN,,,,,4103.24,4104.84,4102.95,4107.80,0,0,0,N/A,N/A,N/A,bar=2026.07.30 21:30 class=BULLISH
E615,2026.07.30 21:45:00.259,2.10-ROBUST-FINAL,XAUUSD!,Opogroup-Server1,MVP_SIMPLE_EXPLICIT_ROBUST,trend-1,TREND_REFERENCE_UPDATED,,TREND_DOWN,,,,,4100.82,4107.80,0.00,0.00,0,0,0,N/A,N/A,N/A,High[1..3]/Low[1..3]
E616,2026.07.30 21:54:48.369,2.10-ROBUST-FINAL,XAUUSD!,Opogroup-Server1,MVP_SIMPLE_EXPLICIT_ROBUST,b-20,DEAL_COSTS_RECORDED,,TREND_DOWN,,,,,0.00,4099.16,0.00,0.00,0,25,0,N/A,N/A,N/A,profit=0.00 commission=0.00 swap=0.00 fee=0.00
E617,2026.07.30 21:54:48.369,2.10-ROBUST-FINAL,XAUUSD!,Opogroup-Server1,MVP_SIMPLE_EXPLICIT_ROBUST,TEST-HIGH-R/b-24/b-26,ZONE_CONSUMED,R12,TREND_DOWN,R,,,,0.00,0.00,0.00,0.00,0,0,0,9.00,15.00,9.00,reversal daily max reached; executed=2 allowed=2
E618,2026.07.30 21:54:48.369,2.10-ROBUST-FINAL,XAUUSD!,Opogroup-Server1,MVP_SIMPLE_EXPLICIT_ROBUST,b-20/b-23/b-26/b-29,POSITION_CLOSED,R12,TREND_DOWN,R-B,,,,0.00,4099.16,0.00,0.00,0,25,23,9.00,15.00,9.00,position_net=0.00 daily_net=67.04 R0=9.00000 max_r_stage=1 stacked_pullback=false reversal_ordinal=2
E619,2026.07.30 21:54:49.087,2.10-ROBUST-FINAL,XAUUSD!,Opogroup-Server1,MVP_SIMPLE_EXPLICIT_ROBUST,b-3,ZONE_ENGAGED,R12,TREND_DOWN,,,,,4098.93,0.00,0.00,0.00,0,0,0,9.00,15.00,9.00,entered/crossed zone from above
E620,2026.07.30 21:54:49.087,2.10-ROBUST-FINAL,XAUUSD!,Opogroup-Server1,MVP_SIMPLE_EXPLICIT_ROBUST,trend-2/b-31,ZONE_TOUCH_DIRECTION_CONFIRMED,R12,TREND_DOWN,R-B,Market,,,4098.93,0.00,0.00,0.00,0,0,0,9.00,15.00,9.00,first valid R-B touch for this M15+zone+direction
E621,2026.07.30 21:54:49.087,2.10-ROBUST-FINAL,XAUUSD!,Opogroup-Server1,MVP_SIMPLE_EXPLICIT_ROBUST,TEST-HIGH-R/b-24,ZONE_USAGE_BLOCKED,R12,TREND_DOWN,R,Market,,,0.00,0.00,0.00,0.00,0,0,0,9.00,15.00,9.00,daily reversal max reached: allowed=2 executed=2
E622,2026.07.30 22:00:00.074,2.10-ROBUST-FINAL,XAUUSD!,Opogroup-Server1,MVP_SIMPLE_EXPLICIT_ROBUST,a-1/a-2/a-3,CANDLE_CLASSIFIED,,TREND_DOWN,,,,,4104.83,4099.20,4098.82,4105.23,0,0,0,N/A,N/A,N/A,bar=2026.07.30 21:45 class=BEARISH
E623,2026.07.30 22:00:00.074,2.10-ROBUST-FINAL,XAUUSD!,Opogroup-Server1,MVP_SIMPLE_EXPLICIT_ROBUST,trend-1,TREND_REFERENCE_UPDATED,,TREND_DOWN,,,,,4098.82,4107.80,0.00,0.00,0,0,0,N/A,N/A,N/A,High[1..3]/Low[1..3]
E624,2026.07.30 22:00:40.100,2.10-ROBUST-FINAL,XAUUSD!,Opogroup-Server1,MVP_SIMPLE_EXPLICIT_ROBUST,b-3,ZONE_ENGAGED,R12,TREND_DOWN,,,,,4099.00,0.00,0.00,0.00,0,0,0,9.00,15.00,9.00,entered/crossed zone from above
E625,2026.07.30 22:00:40.100,2.10-ROBUST-FINAL,XAUUSD!,Opogroup-Server1,MVP_SIMPLE_EXPLICIT_ROBUST,trend-2/b-31,ZONE_TOUCH_DIRECTION_CONFIRMED,R12,TREND_DOWN,R-B,Market,,,4099.00,0.00,0.00,0.00,0,0,0,9.00,15.00,9.00,first valid R-B touch for this M15+zone+direction
E626,2026.07.30 22:00:40.100,2.10-ROBUST-FINAL,XAUUSD!,Opogroup-Server1,MVP_SIMPLE_EXPLICIT_ROBUST,TEST-HIGH-R/b-24,ZONE_USAGE_BLOCKED,R12,TREND_DOWN,R,Market,,,0.00,0.00,0.00,0.00,0,0,0,9.00,15.00,9.00,daily reversal max reached: allowed=2 executed=2
E627,2026.07.30 22:15:00.016,2.10-ROBUST-FINAL,XAUUSD!,Opogroup-Server1,MVP_SIMPLE_EXPLICIT_ROBUST,a-1/a-2/a-3,CANDLE_CLASSIFIED,,TREND_DOWN,,,,,4099.22,4104.68,4098.76,4105.73,0,0,0,N/A,N/A,N/A,bar=2026.07.30 22:00 class=BULLISH
E628,2026.07.30 22:15:00.016,2.10-ROBUST-FINAL,XAUUSD!,Opogroup-Server1,MVP_SIMPLE_EXPLICIT_ROBUST,trend-1,TREND_REFERENCE_UPDATED,,TREND_DOWN,,,,,4098.76,4107.80,0.00,0.00,0,0,0,N/A,N/A,N/A,High[1..3]/Low[1..3]
E629,2026.07.30 22:16:41.646,2.10-ROBUST-FINAL,XAUUSD!,Opogroup-Server1,MVP_SIMPLE_EXPLICIT_ROBUST,trend-1,TREND_STATE_CHANGED,,TREND_UP,,,,,4107.82,0.00,4098.76,4107.80,0,0,0,N/A,N/A,N/A,TREND_DOWN -> TREND_UP
E630,2026.07.30 22:25:19.698,2.10-ROBUST-FINAL,XAUUSD!,Opogroup-Server1,MVP_SIMPLE_EXPLICIT_ROBUST,b-3,ZONE_ENGAGED,R13&R14,TREND_UP,,,,,4114.00,0.00,0.00,0.00,0,0,0,15.00,11.00,11.00,entered/crossed zone from below
E631,2026.07.30 22:25:19.698,2.10-ROBUST-FINAL,XAUUSD!,Opogroup-Server1,MVP_SIMPLE_EXPLICIT_ROBUST,trend-2/b-31,ZONE_TOUCH_DIRECTION_CONFIRMED,R13&R14,TREND_UP,R-S,Market,,,4114.00,0.00,0.00,0.00,0,0,0,15.00,11.00,11.00,first valid R-S touch for this M15+zone+direction
E632,2026.07.30 22:25:19.698,2.10-ROBUST-FINAL,XAUUSD!,Opogroup-Server1,MVP_SIMPLE_EXPLICIT_ROBUST,TEST-HIGH-R/b-24,ZONE_USAGE_BLOCKED,R13&R14,TREND_UP,R,Market,,,0.00,0.00,0.00,0.00,0,0,0,15.00,11.00,11.00,daily reversal max reached: allowed=2 executed=2
E633,2026.07.30 22:30:00.002,2.10-ROBUST-FINAL,XAUUSD!,Opogroup-Server1,MVP_SIMPLE_EXPLICIT_ROBUST,a-1/a-2/a-3,CANDLE_CLASSIFIED,,TREND_UP,,,,,4104.70,4112.88,4102.94,4115.01,0,0,0,N/A,N/A,N/A,bar=2026.07.30 22:15 class=BULLISH
E634,2026.07.30 22:30:00.002,2.10-ROBUST-FINAL,XAUUSD!,Opogroup-Server1,MVP_SIMPLE_EXPLICIT_ROBUST,trend-1,TREND_REFERENCE_UPDATED,,TREND_UP,,,,,4098.76,4115.01,0.00,0.00,0,0,0,N/A,N/A,N/A,High[1..3]/Low[1..3]
E635,2026.07.30 22:34:06.820,2.10-ROBUST-FINAL,XAUUSD!,Opogroup-Server1,MVP_SIMPLE_EXPLICIT_ROBUST,b-3,ZONE_ENGAGED,R13&R14,TREND_UP,,,,,4114.11,0.00,0.00,0.00,0,0,0,15.00,11.00,11.00,entered/crossed zone from below
E636,2026.07.30 22:34:06.820,2.10-ROBUST-FINAL,XAUUSD!,Opogroup-Server1,MVP_SIMPLE_EXPLICIT_ROBUST,trend-2/b-31,ZONE_TOUCH_DIRECTION_CONFIRMED,R13&R14,TREND_UP,R-S,Market,,,4114.11,0.00,0.00,0.00,0,0,0,15.00,11.00,11.00,first valid R-S touch for this M15+zone+direction
E637,2026.07.30 22:34:06.820,2.10-ROBUST-FINAL,XAUUSD!,Opogroup-Server1,MVP_SIMPLE_EXPLICIT_ROBUST,TEST-HIGH-R/b-24,ZONE_USAGE_BLOCKED,R13&R14,TREND_UP,R,Market,,,0.00,0.00,0.00,0.00,0,0,0,15.00,11.00,11.00,daily reversal max reached: allowed=2 executed=2
E638,2026.07.30 22:45:00.093,2.10-ROBUST-FINAL,XAUUSD!,Opogroup-Server1,MVP_SIMPLE_EXPLICIT_ROBUST,a-1/a-2/a-3,CANDLE_CLASSIFIED,,TREND_UP,,,,,4112.87,4112.23,4111.55,4115.41,0,0,0,N/A,N/A,N/A,bar=2026.07.30 22:30 class=BEARISH
E639,2026.07.30 22:45:00.093,2.10-ROBUST-FINAL,XAUUSD!,Opogroup-Server1,MVP_SIMPLE_EXPLICIT_ROBUST,trend-1,TREND_REFERENCE_UPDATED,,TREND_UP,,,,,4098.76,4115.41,0.00,0.00,0,0,0,N/A,N/A,N/A,High[1..3]/Low[1..3]
E640,2026.07.30 23:00:00.038,2.10-ROBUST-FINAL,XAUUSD!,Opogroup-Server1,MVP_SIMPLE_EXPLICIT_ROBUST,a-1/a-2/a-3,CANDLE_CLASSIFIED,,TREND_UP,,,,,4112.26,4111.85,4109.25,4113.11,0,0,0,N/A,N/A,N/A,bar=2026.07.30 22:45 class=BEARISH
E641,2026.07.30 23:00:00.038,2.10-ROBUST-FINAL,XAUUSD!,Opogroup-Server1,MVP_SIMPLE_EXPLICIT_ROBUST,trend-1,TREND_REFERENCE_UPDATED,,TREND_UP,,,,,4102.94,4115.41,0.00,0.00,0,0,0,N/A,N/A,N/A,High[1..3]/Low[1..3]
E642,2026.07.30 23:01:49.946,2.10-ROBUST-FINAL,XAUUSD!,Opogroup-Server1,MVP_SIMPLE_EXPLICIT_ROBUST,b-3,ZONE_ENGAGED,R13&R14,TREND_UP,,,,,4114.07,0.00,0.00,0.00,0,0,0,15.00,11.00,11.00,entered/crossed zone from below
E643,2026.07.30 23:01:49.946,2.10-ROBUST-FINAL,XAUUSD!,Opogroup-Server1,MVP_SIMPLE_EXPLICIT_ROBUST,trend-2/b-31,ZONE_TOUCH_DIRECTION_CONFIRMED,R13&R14,TREND_UP,R-S,Market,,,4114.07,0.00,0.00,0.00,0,0,0,15.00,11.00,11.00,first valid R-S touch for this M15+zone+direction
E644,2026.07.30 23:01:49.946,2.10-ROBUST-FINAL,XAUUSD!,Opogroup-Server1,MVP_SIMPLE_EXPLICIT_ROBUST,TEST-HIGH-R/b-24,ZONE_USAGE_BLOCKED,R13&R14,TREND_UP,R,Market,,,0.00,0.00,0.00,0.00,0,0,0,15.00,11.00,11.00,daily reversal max reached: allowed=2 executed=2
E645,2026.07.30 23:15:00.053,2.10-ROBUST-FINAL,XAUUSD!,Opogroup-Server1,MVP_SIMPLE_EXPLICIT_ROBUST,a-1/a-2/a-3,CANDLE_CLASSIFIED,,TREND_UP,,,,,4112.03,4113.91,4110.05,4117.36,0,0,0,N/A,N/A,N/A,bar=2026.07.30 23:00 class=BULLISH
E646,2026.07.30 23:15:00.053,2.10-ROBUST-FINAL,XAUUSD!,Opogroup-Server1,MVP_SIMPLE_EXPLICIT_ROBUST,trend-1,TREND_REFERENCE_UPDATED,,TREND_UP,,,,,4109.25,4117.36,0.00,0.00,0,0,0,N/A,N/A,N/A,High[1..3]/Low[1..3]
E647,2026.07.30 23:15:00.271,2.10-ROBUST-FINAL,XAUUSD!,Opogroup-Server1,MVP_SIMPLE_EXPLICIT_ROBUST,b-3,ZONE_ENGAGED,R13&R14,TREND_UP,,,,,4114.01,0.00,0.00,0.00,0,0,0,15.00,11.00,11.00,entered/crossed zone from below
E648,2026.07.30 23:15:00.271,2.10-ROBUST-FINAL,XAUUSD!,Opogroup-Server1,MVP_SIMPLE_EXPLICIT_ROBUST,trend-2/b-31,ZONE_TOUCH_DIRECTION_CONFIRMED,R13&R14,TREND_UP,R-S,Market,,,4114.01,0.00,0.00,0.00,0,0,0,15.00,11.00,11.00,first valid R-S touch for this M15+zone+direction
E649,2026.07.30 23:15:00.271,2.10-ROBUST-FINAL,XAUUSD!,Opogroup-Server1,MVP_SIMPLE_EXPLICIT_ROBUST,TEST-HIGH-R/b-24,ZONE_USAGE_BLOCKED,R13&R14,TREND_UP,R,Market,,,0.00,0.00,0.00,0.00,0,0,0,15.00,11.00,11.00,daily reversal max reached: allowed=2 executed=2
E650,2026.07.30 23:30:00.045,2.10-ROBUST-FINAL,XAUUSD!,Opogroup-Server1,MVP_SIMPLE_EXPLICIT_ROBUST,a-1/a-2/a-3,CANDLE_CLASSIFIED,,TREND_UP,,,,,4113.92,4112.19,4111.71,4114.93,0,0,0,N/A,N/A,N/A,bar=2026.07.30 23:15 class=BEARISH
E651,2026.07.30 23:30:00.045,2.10-ROBUST-FINAL,XAUUSD!,Opogroup-Server1,MVP_SIMPLE_EXPLICIT_ROBUST,trend-1,TREND_REFERENCE_UPDATED,,TREND_UP,,,,,4109.25,4117.36,0.00,0.00,0,0,0,N/A,N/A,N/A,High[1..3]/Low[1..3]
E652,2026.07.30 23:31:20.331,2.10-ROBUST-FINAL,XAUUSD!,Opogroup-Server1,MVP_SIMPLE_EXPLICIT_ROBUST,trend-1,TREND_STATE_CHANGED,,TREND_DOWN,,,,,4109.09,0.00,4109.25,4117.36,0,0,0,N/A,N/A,N/A,TREND_UP -> TREND_DOWN
E653,2026.07.30 23:45:00.117,2.10-ROBUST-FINAL,XAUUSD!,Opogroup-Server1,MVP_SIMPLE_EXPLICIT_ROBUST,a-1/a-2/a-3,CANDLE_CLASSIFIED,,TREND_DOWN,,,,,4112.21,4102.74,4102.42,4112.57,0,0,0,N/A,N/A,N/A,bar=2026.07.30 23:30 class=BEARISH
E654,2026.07.30 23:45:00.117,2.10-ROBUST-FINAL,XAUUSD!,Opogroup-Server1,MVP_SIMPLE_EXPLICIT_ROBUST,trend-1,TREND_REFERENCE_UPDATED,,TREND_DOWN,,,,,4102.42,4117.36,0.00,0.00,0,0,0,N/A,N/A,N/A,High[1..3]/Low[1..3]
E655,2026.07.30 23:55:00.088,2.10-ROBUST-FINAL,XAUUSD!,Opogroup-Server1,MVP_SIMPLE_EXPLICIT_ROBUST,AR-SESSION-01,SESSION_PRE_CLOSE_CUTOFF_ENTERED,,TREND_DOWN,,Telemetry,,,0.00,0.00,0.00,0.00,0,0,0,N/A,N/A,N/A,mode=ALL_FLAT broker_session_end=2026.07.31 00:00:00 cutoff=2026.07.30 23:55:00 minutes=5.00 window=2026.07.30 01:00:00->2026.07.31 00:00:00
E656,2026.07.31 01:00:00.014,2.10-ROBUST-FINAL,XAUUSD!,Opogroup-Server1,MVP_SIMPLE_EXPLICIT_ROBUST,AR-SESSION-01,SESSION_WINDOW_ACTIVE,,TREND_DOWN,,Telemetry,,,0.00,0.00,0.00,0.00,0,0,0,N/A,N/A,N/A,mode=ALL_FLAT day=FRIDAY session_index=0 from=2026.07.31 01:00:00 to=2026.07.31 23:55:00
E657,2026.07.31 01:00:00.014,2.10-ROBUST-FINAL,XAUUSD!,Opogroup-Server1,MVP_SIMPLE_EXPLICIT_ROBUST,a-1/a-2/a-3,CANDLE_CLASSIFIED,,TREND_DOWN,,,,,4102.77,4102.38,4099.17,4103.91,0,0,0,N/A,N/A,N/A,bar=2026.07.30 23:45 class=BEARISH
E658,2026.07.31 01:00:00.014,2.10-ROBUST-FINAL,XAUUSD!,Opogroup-Server1,MVP_SIMPLE_EXPLICIT_ROBUST,a-8/a-9,ZONE_MERGED,R3&R4,TREND_DOWN,,,,,3936.00,3937.00,3936.00,3939.00,0,0,0,N/A,N/A,N/A,gap=1.00
E659,2026.07.31 01:00:00.014,2.10-ROBUST-FINAL,XAUUSD!,Opogroup-Server1,MVP_SIMPLE_EXPLICIT_ROBUST,a-8/a-9,ZONE_MERGED,R5&R6,TREND_DOWN,,,,,3941.00,3942.00,3941.00,3942.00,0,0,0,N/A,N/A,N/A,gap=-1.00
E660,2026.07.31 01:00:00.014,2.10-ROBUST-FINAL,XAUUSD!,Opogroup-Server1,MVP_SIMPLE_EXPLICIT_ROBUST,a-8/a-9,ZONE_MERGED,R7&R8,TREND_DOWN,,,,,3957.00,3959.00,3957.00,3959.00,0,0,0,N/A,N/A,N/A,gap=-2.00
E661,2026.07.31 01:00:00.014,2.10-ROBUST-FINAL,XAUUSD!,Opogroup-Server1,MVP_SIMPLE_EXPLICIT_ROBUST,a-8/a-9,ZONE_MERGED,R9&R10,TREND_DOWN,,,,,3968.00,3970.00,3968.00,3970.00,0,0,0,N/A,N/A,N/A,gap=-2.00
E662,2026.07.31 01:00:00.014,2.10-ROBUST-FINAL,XAUUSD!,Opogroup-Server1,MVP_SIMPLE_EXPLICIT_ROBUST,a-8/a-9,ZONE_MERGED,R11&R12,TREND_DOWN,,,,,3988.00,3988.00,3988.00,3989.00,0,0,0,N/A,N/A,N/A,gap=0.00
E663,2026.07.31 01:00:00.014,2.10-ROBUST-FINAL,XAUUSD!,Opogroup-Server1,MVP_SIMPLE_EXPLICIT_ROBUST,a-8/a-9,ZONE_MERGED,R13&R14,TREND_DOWN,,,,,4001.00,4002.00,4001.00,4002.00,0,0,0,N/A,N/A,N/A,gap=-1.00
E664,2026.07.31 01:00:00.014,2.10-ROBUST-FINAL,XAUUSD!,Opogroup-Server1,MVP_SIMPLE_EXPLICIT_ROBUST,a-8/a-9,ZONE_MERGED,R15&R16,TREND_DOWN,,,,,4004.00,4005.00,4004.00,4005.00,0,0,0,N/A,N/A,N/A,gap=-1.00
E665,2026.07.31 01:00:00.014,2.10-ROBUST-FINAL,XAUUSD!,Opogroup-Server1,MVP_SIMPLE_EXPLICIT_ROBUST,a-8/a-9,ZONE_MERGED,R17&R18,TREND_DOWN,,,,,4009.00,4010.00,4009.00,4010.00,0,0,0,N/A,N/A,N/A,gap=-1.00
E666,2026.07.31 01:00:00.014,2.10-ROBUST-FINAL,XAUUSD!,Opogroup-Server1,MVP_SIMPLE_EXPLICIT_ROBUST,a-8/a-9,ZONE_MERGED,R21&R22,TREND_DOWN,,,,,4063.00,4064.00,4063.00,4066.00,0,0,0,N/A,N/A,N/A,gap=1.00
E667,2026.07.31 01:00:00.014,2.10-ROBUST-FINAL,XAUUSD!,Opogroup-Server1,MVP_SIMPLE_EXPLICIT_ROBUST,a-8/a-9,ZONE_MERGED,R32&R33,TREND_DOWN,,,,,4191.00,4192.00,4191.00,4194.00,0,0,0,N/A,N/A,N/A,gap=1.00
E668,2026.07.31 01:00:00.014,2.10-ROBUST-FINAL,XAUUSD!,Opogroup-Server1,MVP_SIMPLE_EXPLICIT_ROBUST,a-5/a-11,ZONES_LOADED,,TREND_DOWN,,,,,0.00,0.00,0.00,0.00,0,0,0,N/A,N/A,N/A,day=2026.07.31 final_zone_count=25
E669,2026.07.31 01:00:00.014,2.10-ROBUST-FINAL,XAUUSD!,Opogroup-Server1,MVP_SIMPLE_EXPLICIT_ROBUST,trend-1,TREND_REFERENCE_UPDATED,,TREND_DOWN,,,,,4099.17,4114.93,0.00,0.00,0,0,0,N/A,N/A,N/A,High[1..3]/Low[1..3]
E670,2026.07.31 01:15:00.158,2.10-ROBUST-FINAL,XAUUSD!,Opogroup-Server1,MVP_SIMPLE_EXPLICIT_ROBUST,a-1/a-2/a-3,CANDLE_CLASSIFIED,,TREND_DOWN,,,,,4104.02,4106.77,4101.07,4107.68,0,0,0,N/A,N/A,N/A,bar=2026.07.31 01:00 class=BULLISH
E671,2026.07.31 01:15:00.158,2.10-ROBUST-FINAL,XAUUSD!,Opogroup-Server1,MVP_SIMPLE_EXPLICIT_ROBUST,trend-1,TREND_REFERENCE_UPDATED,,TREND_DOWN,,,,,4099.17,4112.57,0.00,0.00,0,0,0,N/A,N/A,N/A,High[1..3]/Low[1..3]
E672,2026.07.31 01:30:00.151,2.10-ROBUST-FINAL,XAUUSD!,Opogroup-Server1,MVP_SIMPLE_EXPLICIT_ROBUST,a-1/a-2/a-3,CANDLE_CLASSIFIED,,TREND_DOWN,,,,,4106.78,4107.67,4106.34,4108.49,0,0,0,N/A,N/A,N/A,bar=2026.07.31 01:15 class=BULLISH
E673,2026.07.31 01:30:00.151,2.10-ROBUST-FINAL,XAUUSD!,Opogroup-Server1,MVP_SIMPLE_EXPLICIT_ROBUST,trend-1,TREND_REFERENCE_UPDATED,,TREND_DOWN,,,,,4099.17,4108.49,0.00,0.00,0,0,0,N/A,N/A,N/A,High[1..3]/Low[1..3]
E674,2026.07.31 01:35:38.872,2.10-ROBUST-FINAL,XAUUSD!,Opogroup-Server1,MVP_SIMPLE_EXPLICIT_ROBUST,trend-1,TREND_STATE_CHANGED,,TREND_UP,,,,,4108.50,0.00,4099.17,4108.49,0,0,0,N/A,N/A,N/A,TREND_DOWN -> TREND_UP
E675,2026.07.31 01:45:00.610,2.10-ROBUST-FINAL,XAUUSD!,Opogroup-Server1,MVP_SIMPLE_EXPLICIT_ROBUST,a-1/a-2/a-3,CANDLE_CLASSIFIED,,TREND_UP,,,,,4107.60,4110.52,4107.01,4110.52,0,0,0,N/A,N/A,N/A,bar=2026.07.31 01:30 class=BULLISH
E676,2026.07.31 01:45:00.610,2.10-ROBUST-FINAL,XAUUSD!,Opogroup-Server1,MVP_SIMPLE_EXPLICIT_ROBUST,trend-1,TREND_REFERENCE_UPDATED,,TREND_UP,,,,,4101.07,4110.52,0.00,0.00,0,0,0,N/A,N/A,N/A,High[1..3]/Low[1..3]
E677,2026.07.31 02:00:00.289,2.10-ROBUST-FINAL,XAUUSD!,Opogroup-Server1,MVP_SIMPLE_EXPLICIT_ROBUST,a-1/a-2/a-3,CANDLE_CLASSIFIED,,TREND_UP,,,,,4110.51,4109.19,4109.03,4111.22,0,0,0,N/A,N/A,N/A,bar=2026.07.31 01:45 class=BEARISH
E678,2026.07.31 02:00:00.289,2.10-ROBUST-FINAL,XAUUSD!,Opogroup-Server1,MVP_SIMPLE_EXPLICIT_ROBUST,trend-1,TREND_REFERENCE_UPDATED,,TREND_UP,,,,,4106.34,4111.22,0.00,0.00,0,0,0,N/A,N/A,N/A,High[1..3]/Low[1..3]
E679,2026.07.31 02:15:00.207,2.10-ROBUST-FINAL,XAUUSD!,Opogroup-Server1,MVP_SIMPLE_EXPLICIT_ROBUST,a-1/a-2/a-3,CANDLE_CLASSIFIED,,TREND_UP,,,,,4109.20,4107.28,4106.51,4111.73,0,0,0,N/A,N/A,N/A,bar=2026.07.31 02:00 class=BEARISH
E680,2026.07.31 02:15:00.207,2.10-ROBUST-FINAL,XAUUSD!,Opogroup-Server1,MVP_SIMPLE_EXPLICIT_ROBUST,trend-1,TREND_REFERENCE_UPDATED,,TREND_UP,,,,,4106.51,4111.73,0.00,0.00,0,0,0,N/A,N/A,N/A,High[1..3]/Low[1..3]
E681,2026.07.31 02:17:05.608,2.10-ROBUST-FINAL,XAUUSD!,Opogroup-Server1,MVP_SIMPLE_EXPLICIT_ROBUST,trend-1,TREND_STATE_CHANGED,,TREND_DOWN,,,,,4106.49,0.00,4106.51,4111.73,0,0,0,N/A,N/A,N/A,TREND_UP -> TREND_DOWN
E682,2026.07.31 02:30:00.340,2.10-ROBUST-FINAL,XAUUSD!,Opogroup-Server1,MVP_SIMPLE_EXPLICIT_ROBUST,a-1/a-2/a-3,CANDLE_CLASSIFIED,,TREND_DOWN,,,,,4107.29,4104.21,4103.79,4107.43,0,0,0,N/A,N/A,N/A,bar=2026.07.31 02:15 class=BEARISH
E683,2026.07.31 02:30:00.340,2.10-ROBUST-FINAL,XAUUSD!,Opogroup-Server1,MVP_SIMPLE_EXPLICIT_ROBUST,trend-1,TREND_REFERENCE_UPDATED,,TREND_DOWN,,,,,4103.79,4111.73,0.00,0.00,0,0,0,N/A,N/A,N/A,High[1..3]/Low[1..3]
E684,2026.07.31 02:45:00.004,2.10-ROBUST-FINAL,XAUUSD!,Opogroup-Server1,MVP_SIMPLE_EXPLICIT_ROBUST,a-1/a-2/a-3,CANDLE_CLASSIFIED,,TREND_DOWN,,,,,4104.22,4106.09,4102.25,4107.48,0,0,0,N/A,N/A,N/A,bar=2026.07.31 02:30 class=BULLISH
E685,2026.07.31 02:45:00.004,2.10-ROBUST-FINAL,XAUUSD!,Opogroup-Server1,MVP_SIMPLE_EXPLICIT_ROBUST,trend-1,TREND_REFERENCE_UPDATED,,TREND_DOWN,,,,,4102.25,4111.73,0.00,0.00,0,0,0,N/A,N/A,N/A,High[1..3]/Low[1..3]
E686,2026.07.31 03:00:00.030,2.10-ROBUST-FINAL,XAUUSD!,Opogroup-Server1,MVP_SIMPLE_EXPLICIT_ROBUST,a-1/a-2/a-3,CANDLE_CLASSIFIED,,TREND_DOWN,,,,,4106.10,4106.47,4105.37,4110.03,0,0,0,N/A,N/A,N/A,bar=2026.07.31 02:45 class=BULLISH
E687,2026.07.31 03:00:00.030,2.10-ROBUST-FINAL,XAUUSD!,Opogroup-Server1,MVP_SIMPLE_EXPLICIT_ROBUST,trend-1,TREND_REFERENCE_UPDATED,,TREND_DOWN,,,,,4102.25,4110.03,0.00,0.00,0,0,0,N/A,N/A,N/A,High[1..3]/Low[1..3]
E688,2026.07.31 03:15:00.218,2.10-ROBUST-FINAL,XAUUSD!,Opogroup-Server1,MVP_SIMPLE_EXPLICIT_ROBUST,a-1/a-2/a-3,CANDLE_CLASSIFIED,,TREND_DOWN,,,,,4106.48,4101.01,4100.59,4107.09,0,0,0,N/A,N/A,N/A,bar=2026.07.31 03:00 class=BEARISH
E689,2026.07.31 03:15:00.218,2.10-ROBUST-FINAL,XAUUSD!,Opogroup-Server1,MVP_SIMPLE_EXPLICIT_ROBUST,trend-1,TREND_REFERENCE_UPDATED,,TREND_DOWN,,,,,4100.59,4110.03,0.00,0.00,0,0,0,N/A,N/A,N/A,High[1..3]/Low[1..3]
E690,2026.07.31 03:21:26.146,2.10-ROBUST-FINAL,XAUUSD!,Opogroup-Server1,MVP_SIMPLE_EXPLICIT_ROBUST,b-3,ZONE_ENGAGED,R25,TREND_DOWN,,,,,4099.00,0.00,0.00,0.00,0,0,0,10.00,17.00,10.00,entered/crossed zone from above
E691,2026.07.31 03:21:26.146,2.10-ROBUST-FINAL,XAUUSD!,Opogroup-Server1,MVP_SIMPLE_EXPLICIT_ROBUST,trend-2/b-31,ZONE_TOUCH_DIRECTION_CONFIRMED,R25,TREND_DOWN,R-B,Market,,,4099.00,0.00,0.00,0.00,0,0,0,10.00,17.00,10.00,first valid R-B touch for this M15+zone+direction
E692,2026.07.31 03:21:26.146,2.10-ROBUST-FINAL,XAUUSD!,Opogroup-Server1,MVP_SIMPLE_EXPLICIT_ROBUST,b-29/b-30,RISK_MODEL_READY,R25,TREND_DOWN,BUY,,,,4099.22,0.00,4093.22,4116.00,0,0,0,10.00,17.00,10.00,R_CAP=6.00 R0=6.00000 target_zone=R26
E693,2026.07.31 03:21:26.146,2.10-ROBUST-FINAL,XAUUSD!,Opogroup-Server1,MVP_SIMPLE_EXPLICIT_ROBUST,AR-RISK-01,PORTFOLIO_RISK_PRECHECK,R25,TREND_DOWN,R-B,Market,,,4099.22,0.00,4093.22,0.00,0,0,0,10.00,17.00,10.00,mode=GROSS_DAILY pct=30.00 budget=3000.00 realized=0.00 open=0.00 pending=0.00 used=0.00 remaining=3000.00 new=6.00 allowed=true
E694,2026.07.31 03:21:26.146,2.10-ROBUST-FINAL,XAUUSD!,Opogroup-Server1,MVP_SIMPLE_EXPLICIT_ROBUST,b-1/b-11/b-29/b-30,REVERSAL_SIGNAL,R25,TREND_DOWN,R-B,Market,,,4099.22,0.00,4093.22,4116.00,0,0,0,10.00,17.00,10.00,reversal_ordinal=1/1 directional touch + trend valid; R0=6.00000 target=R26
E695,2026.07.31 03:21:26.146,2.10-ROBUST-FINAL,XAUUSD!,Opogroup-Server1,MVP_SIMPLE_EXPLICIT_ROBUST,MVP-RISK/TEST-HARNESS,MARGIN_PRECHECK,R25,TREND_DOWN,R-B,Telemetry,,,4099.22,0.00,0.00,0.00,0,0,0,10.00,17.00,10.00,lot=0.0100 required_new_margin=20.50 account_margin=0.00 free_margin=10067.04 margin_level=0.00
E696,2026.07.31 03:21:26.146,2.10-ROBUST-FINAL,XAUUSD!,Opogroup-Server1,MVP_SIMPLE_EXPLICIT_ROBUST,b-20,DEAL_COSTS_RECORDED,,TREND_DOWN,,,,,0.00,4099.22,0.00,0.00,0,26,26,N/A,N/A,N/A,profit=0.00 commission=0.00 swap=0.00 fee=0.00
E697,2026.07.31 03:21:26.146,2.10-ROBUST-FINAL,XAUUSD!,Opogroup-Server1,MVP_SIMPLE_EXPLICIT_ROBUST,b-1/b-26/b-29,ORDER_FILLED,R25,TREND_DOWN,R-B,Market,,,4099.22,4099.22,4093.22,4116.00,26,26,26,10.00,17.00,10.00,native fill; reversal_ordinal=1 R0=6.00000 target=R26
E698,2026.07.31 03:21:26.146,2.10-ROBUST-FINAL,XAUUSD!,Opogroup-Server1,MVP_SIMPLE_EXPLICIT_ROBUST,MVP-RISK/TEST-HARNESS,MARGIN_POST_FILL,R25,TREND_DOWN,R-B,Telemetry,,,0.00,0.00,0.00,0.00,0,0,26,10.00,17.00,10.00,lot=0.0100 account_margin=20.50 free_margin=10046.32 margin_level=49106.44
E699,2026.07.31 03:21:26.146,2.10-ROBUST-FINAL,XAUUSD!,Opogroup-Server1,MVP_SIMPLE_EXPLICIT_ROBUST,AR-RISK-01,PORTFOLIO_RISK_POST_FILL,R25,TREND_DOWN,R-B,PostFill,,,0.00,0.00,0.00,0.00,0,0,0,10.00,17.00,10.00,mode=GROSS_DAILY pct=30.00 budget=3000.00 realized=0.00 open=6.00 pending=0.00 used=6.00 overflow=false
E700,2026.07.31 03:30:00.065,2.10-ROBUST-FINAL,XAUUSD!,Opogroup-Server1,MVP_SIMPLE_EXPLICIT_ROBUST,a-1/a-2/a-3,CANDLE_CLASSIFIED,,TREND_DOWN,,,,,4101.02,4096.28,4096.10,4103.78,0,0,0,N/A,N/A,N/A,bar=2026.07.31 03:15 class=BEARISH
E701,2026.07.31 03:30:00.065,2.10-ROBUST-FINAL,XAUUSD!,Opogroup-Server1,MVP_SIMPLE_EXPLICIT_ROBUST,trend-1,TREND_REFERENCE_UPDATED,,TREND_DOWN,,,,,4096.10,4110.03,0.00,0.00,0,0,0,N/A,N/A,N/A,High[1..3]/Low[1..3]
E702,2026.07.31 03:30:00.065,2.10-ROBUST-FINAL,XAUUSD!,Opogroup-Server1,MVP_SIMPLE_EXPLICIT_ROBUST,b-3,ZONE_ENGAGED,R25,TREND_DOWN,,,,,4096.31,0.00,0.00,0.00,0,0,0,10.00,17.00,10.00,bar opened inside zone
E703,2026.07.31 03:35:24.677,2.10-ROBUST-FINAL,XAUUSD!,Opogroup-Server1,MVP_SIMPLE_EXPLICIT_ROBUST,b-20,DEAL_COSTS_RECORDED,,TREND_DOWN,,,,,0.00,4093.21,0.00,0.00,0,27,0,N/A,N/A,N/A,profit=-6.01 commission=0.00 swap=0.00 fee=0.00
E704,2026.07.31 03:35:24.677,2.10-ROBUST-FINAL,XAUUSD!,Opogroup-Server1,MVP_SIMPLE_EXPLICIT_ROBUST,TEST-HIGH-R/b-24/b-26,ZONE_CONSUMED,R25,TREND_DOWN,R,,,,0.00,0.00,0.00,0.00,0,0,0,10.00,17.00,10.00,reversal daily max reached; executed=1 allowed=1
E705,2026.07.31 03:35:24.677,2.10-ROBUST-FINAL,XAUUSD!,Opogroup-Server1,MVP_SIMPLE_EXPLICIT_ROBUST,b-20/b-23/b-26/b-29,POSITION_CLOSED,R25,TREND_DOWN,R-B,,,,0.00,4093.21,0.00,0.00,0,27,26,10.00,17.00,10.00,position_net=-6.01 daily_net=-6.01 R0=6.00000 max_r_stage=0 stacked_pullback=false reversal_ordinal=1
E706,2026.07.31 03:45:00.064,2.10-ROBUST-FINAL,XAUUSD!,Opogroup-Server1,MVP_SIMPLE_EXPLICIT_ROBUST,a-1/a-2/a-3,CANDLE_CLASSIFIED,,TREND_DOWN,,,,,4096.31,4093.30,4090.36,4097.50,0,0,0,N/A,N/A,N/A,bar=2026.07.31 03:30 class=BEARISH
E707,2026.07.31 03:45:00.064,2.10-ROBUST-FINAL,XAUUSD!,Opogroup-Server1,MVP_SIMPLE_EXPLICIT_ROBUST,b-3/b-4/trend-1,BREAKOUT_SIGNAL,R25,TREND_DOWN,BO-S,Close,BO#01,,4093.30,0.00,0.00,0.00,0,0,0,10.00,17.00,10.00,BO#01; ZONE_ENGAGED + buffered close + trend snapshot
E708,2026.07.31 03:45:00.064,2.10-ROBUST-FINAL,XAUUSD!,Opogroup-Server1,MVP_SIMPLE_EXPLICIT_ROBUST,trend-1,TREND_REFERENCE_UPDATED,,TREND_DOWN,,,,,4090.36,4107.09,0.00,0.00,0,0,0,N/A,N/A,N/A,High[1..3]/Low[1..3]
E709,2026.07.31 03:59:29.672,2.10-ROBUST-FINAL,XAUUSD!,Opogroup-Server1,MVP_SIMPLE_EXPLICIT_ROBUST,b-3,ZONE_ENGAGED,R25,TREND_DOWN,,,,,4096.00,0.00,0.00,0.00,0,0,0,10.00,17.00,10.00,entered/crossed zone from below
E710,2026.07.31 04:00:00.007,2.10-ROBUST-FINAL,XAUUSD!,Opogroup-Server1,MVP_SIMPLE_EXPLICIT_ROBUST,a-1/a-2/a-3,CANDLE_CLASSIFIED,,TREND_DOWN,,,,,4093.24,4095.80,4090.54,4096.13,0,0,0,N/A,N/A,N/A,bar=2026.07.31 03:45 class=BULLISH
E711,2026.07.31 04:00:00.007,2.10-ROBUST-FINAL,XAUUSD!,Opogroup-Server1,MVP_SIMPLE_EXPLICIT_ROBUST,trend-1,TREND_REFERENCE_UPDATED,,TREND_DOWN,,,,,4090.36,4103.78,0.00,0.00,0,0,0,N/A,N/A,N/A,High[1..3]/Low[1..3]
E712,2026.07.31 04:00:02.661,2.10-ROBUST-FINAL,XAUUSD!,Opogroup-Server1,MVP_SIMPLE_EXPLICIT_ROBUST,b-3,ZONE_ENGAGED,R25,TREND_DOWN,,,,,4096.01,0.00,0.00,0.00,0,0,0,10.00,17.00,10.00,entered/crossed zone from below
E713,2026.07.31 04:01:09.746,2.10-ROBUST-FINAL,XAUUSD!,Opogroup-Server1,MVP_SIMPLE_EXPLICIT_ROBUST,b-3,ZONE_ENGAGED,R25,TREND_DOWN,,,,,4099.00,0.00,0.00,0.00,0,0,0,10.00,17.00,10.00,entered/crossed zone from above
E714,2026.07.31 04:01:09.746,2.10-ROBUST-FINAL,XAUUSD!,Opogroup-Server1,MVP_SIMPLE_EXPLICIT_ROBUST,trend-2/b-31,ZONE_TOUCH_DIRECTION_CONFIRMED,R25,TREND_DOWN,R-B,Market,,,4099.00,0.00,0.00,0.00,0,0,0,10.00,17.00,10.00,first valid R-B touch for this M15+zone+direction
E715,2026.07.31 04:01:09.746,2.10-ROBUST-FINAL,XAUUSD!,Opogroup-Server1,MVP_SIMPLE_EXPLICIT_ROBUST,TEST-HIGH-R/b-24,ZONE_USAGE_BLOCKED,R25,TREND_DOWN,R,Market,,,0.00,0.00,0.00,0.00,0,0,0,10.00,17.00,10.00,daily reversal max reached: allowed=1 executed=1
E716,2026.07.31 04:15:00.041,2.10-ROBUST-FINAL,XAUUSD!,Opogroup-Server1,MVP_SIMPLE_EXPLICIT_ROBUST,a-1/a-2/a-3,CANDLE_CLASSIFIED,,TREND_DOWN,,,,,4095.59,4088.96,4088.69,4101.62,0,0,0,N/A,N/A,N/A,bar=2026.07.31 04:00 class=BEARISH
E717,2026.07.31 04:15:00.041,2.10-ROBUST-FINAL,XAUUSD!,Opogroup-Server1,MVP_SIMPLE_EXPLICIT_ROBUST,b-3/b-4/trend-1,BREAKOUT_SIGNAL,R25,TREND_DOWN,BO-S,Close,BO#02,,4088.96,0.00,0.00,0.00,0,0,0,10.00,17.00,10.00,BO#02; ZONE_ENGAGED + buffered close + trend snapshot
E718,2026.07.31 04:15:00.041,2.10-ROBUST-FINAL,XAUUSD!,Opogroup-Server1,MVP_SIMPLE_EXPLICIT_ROBUST,trend-1,TREND_REFERENCE_UPDATED,,TREND_DOWN,,,,,4088.69,4101.62,0.00,0.00,0,0,0,N/A,N/A,N/A,High[1..3]/Low[1..3]
E719,2026.07.31 04:30:00.016,2.10-ROBUST-FINAL,XAUUSD!,Opogroup-Server1,MVP_SIMPLE_EXPLICIT_ROBUST,a-1/a-2/a-3,CANDLE_CLASSIFIED,,TREND_DOWN,,,,,4088.95,4091.88,4086.62,4095.10,0,0,0,N/A,N/A,N/A,bar=2026.07.31 04:15 class=BULLISH
E720,2026.07.31 04:30:00.016,2.10-ROBUST-FINAL,XAUUSD!,Opogroup-Server1,MVP_SIMPLE_EXPLICIT_ROBUST,trend-1,TREND_REFERENCE_UPDATED,,TREND_DOWN,,,,,4086.62,4101.62,0.00,0.00,0,0,0,N/A,N/A,N/A,High[1..3]/Low[1..3]
E721,2026.07.31 04:37:20.382,2.10-ROBUST-FINAL,XAUUSD!,Opogroup-Server1,MVP_SIMPLE_EXPLICIT_ROBUST,b-3,ZONE_ENGAGED,R24,TREND_DOWN,,,,,4086.00,0.00,0.00,0.00,0,0,0,16.00,10.00,10.00,entered/crossed zone from above
E722,2026.07.31 04:37:20.382,2.10-ROBUST-FINAL,XAUUSD!,Opogroup-Server1,MVP_SIMPLE_EXPLICIT_ROBUST,trend-2/b-31,ZONE_TOUCH_DIRECTION_CONFIRMED,R24,TREND_DOWN,R-B,Market,,,4086.00,0.00,0.00,0.00,0,0,0,16.00,10.00,10.00,first valid R-B touch for this M15+zone+direction
E723,2026.07.31 04:38:48.751,2.10-ROBUST-FINAL,XAUUSD!,Opogroup-Server1,MVP_SIMPLE_EXPLICIT_ROBUST,b-3,ZONE_ENGAGED,R24,TREND_DOWN,,,,,4085.00,0.00,0.00,0.00,0,0,0,16.00,10.00,10.00,entered/crossed zone from below
E724,2026.07.31 04:45:00.011,2.10-ROBUST-FINAL,XAUUSD!,Opogroup-Server1,MVP_SIMPLE_EXPLICIT_ROBUST,a-1/a-2/a-3,CANDLE_CLASSIFIED,,TREND_DOWN,,,,,4091.89,4085.15,4083.80,4092.03,0,0,0,N/A,N/A,N/A,bar=2026.07.31 04:30 class=BEARISH
E725,2026.07.31 04:45:00.011,2.10-ROBUST-FINAL,XAUUSD!,Opogroup-Server1,MVP_SIMPLE_EXPLICIT_ROBUST,trend-1,TREND_REFERENCE_UPDATED,,TREND_DOWN,,,,,4083.80,4101.62,0.00,0.00,0,0,0,N/A,N/A,N/A,High[1..3]/Low[1..3]
E726,2026.07.31 04:45:00.011,2.10-ROBUST-FINAL,XAUUSD!,Opogroup-Server1,MVP_SIMPLE_EXPLICIT_ROBUST,b-3,ZONE_ENGAGED,R24,TREND_DOWN,,,,,4085.13,0.00,0.00,0.00,0,0,0,16.00,10.00,10.00,bar opened inside zone
E727,2026.07.31 04:45:11.522,2.10-ROBUST-FINAL,XAUUSD!,Opogroup-Server1,MVP_SIMPLE_EXPLICIT_ROBUST,trend-2/b-31,ZONE_TOUCH_DIRECTION_CONFIRMED,R24,TREND_DOWN,R-B,Market,,,4085.95,0.00,0.00,0.00,0,0,0,16.00,10.00,10.00,first valid R-B touch for this M15+zone+direction
E728,2026.07.31 05:00:00.011,2.10-ROBUST-FINAL,XAUUSD!,Opogroup-Server1,MVP_SIMPLE_EXPLICIT_ROBUST,a-1/a-2/a-3,CANDLE_CLASSIFIED,,TREND_DOWN,,,,,4085.13,4084.50,4082.10,4089.42,0,0,0,N/A,N/A,N/A,bar=2026.07.31 04:45 class=BEARISH
E729,2026.07.31 05:00:00.011,2.10-ROBUST-FINAL,XAUUSD!,Opogroup-Server1,MVP_SIMPLE_EXPLICIT_ROBUST,trend-1,TREND_REFERENCE_UPDATED,,TREND_DOWN,,,,,4082.10,4095.10,0.00,0.00,0,0,0,N/A,N/A,N/A,High[1..3]/Low[1..3]
E730,2026.07.31 05:00:03.069,2.10-ROBUST-FINAL,XAUUSD!,Opogroup-Server1,MVP_SIMPLE_EXPLICIT_ROBUST,b-3,ZONE_ENGAGED,R24,TREND_DOWN,,,,,4085.00,0.00,0.00,0.00,0,0,0,16.00,10.00,10.00,entered/crossed zone from below
E731,2026.07.31 05:00:10.979,2.10-ROBUST-FINAL,XAUUSD!,Opogroup-Server1,MVP_SIMPLE_EXPLICIT_ROBUST,b-3,ZONE_ENGAGED,R24,TREND_DOWN,,,,,4085.96,0.00,0.00,0.00,0,0,0,16.00,10.00,10.00,entered/crossed zone from above
E732,2026.07.31 05:00:10.979,2.10-ROBUST-FINAL,XAUUSD!,Opogroup-Server1,MVP_SIMPLE_EXPLICIT_ROBUST,trend-2/b-31,ZONE_TOUCH_DIRECTION_CONFIRMED,R24,TREND_DOWN,R-B,Market,,,4085.96,0.00,0.00,0.00,0,0,0,16.00,10.00,10.00,first valid R-B touch for this M15+zone+direction
E733,2026.07.31 05:15:00.238,2.10-ROBUST-FINAL,XAUUSD!,Opogroup-Server1,MVP_SIMPLE_EXPLICIT_ROBUST,a-1/a-2/a-3,CANDLE_CLASSIFIED,,TREND_DOWN,,,,,4084.51,4085.56,4081.53,4090.50,0,0,0,N/A,N/A,N/A,bar=2026.07.31 05:00 class=BULLISH
E734,2026.07.31 05:15:00.238,2.10-ROBUST-FINAL,XAUUSD!,Opogroup-Server1,MVP_SIMPLE_EXPLICIT_ROBUST,trend-1,TREND_REFERENCE_UPDATED,,TREND_DOWN,,,,,4081.53,4092.03,0.00,0.00,0,0,0,N/A,N/A,N/A,High[1..3]/Low[1..3]
E735,2026.07.31 05:15:00.238,2.10-ROBUST-FINAL,XAUUSD!,Opogroup-Server1,MVP_SIMPLE_EXPLICIT_ROBUST,b-3,ZONE_ENGAGED,R24,TREND_DOWN,,,,,4085.54,0.00,0.00,0.00,0,0,0,16.00,10.00,10.00,bar opened inside zone
E736,2026.07.31 05:30:00.031,2.10-ROBUST-FINAL,XAUUSD!,Opogroup-Server1,MVP_SIMPLE_EXPLICIT_ROBUST,a-1/a-2/a-3,CANDLE_CLASSIFIED,,TREND_DOWN,,,,,4085.54,4081.76,4081.49,4085.55,0,0,0,N/A,N/A,N/A,bar=2026.07.31 05:15 class=BEARISH
E737,2026.07.31 05:30:00.031,2.10-ROBUST-FINAL,XAUUSD!,Opogroup-Server1,MVP_SIMPLE_EXPLICIT_ROBUST,b-3/b-4/trend-1,BREAKOUT_SIGNAL,R24,TREND_DOWN,BO-S,Close,BO#03,,4081.76,0.00,0.00,0.00,0,0,0,16.00,10.00,10.00,BO#03; ZONE_ENGAGED + buffered close + trend snapshot
E738,2026.07.31 05:30:00.031,2.10-ROBUST-FINAL,XAUUSD!,Opogroup-Server1,MVP_SIMPLE_EXPLICIT_ROBUST,b-8/b-25,PULLBACK_CYCLE_CREATED,R24,TREND_DOWN,PB-S,Stop,,BO#03,0.00,0.00,0.00,0.00,0,0,0,16.00,10.00,10.00,valid t+1..t+5 window; pullback does not consume zone in v9
E739,2026.07.31 05:30:00.031,2.10-ROBUST-FINAL,XAUUSD!,Opogroup-Server1,MVP_SIMPLE_EXPLICIT_ROBUST,trend-1,TREND_REFERENCE_UPDATED,,TREND_DOWN,,,,,4081.49,4090.50,0.00,0.00,0,0,0,N/A,N/A,N/A,High[1..3]/Low[1..3]
E740,2026.07.31 05:45:00.119,2.10-ROBUST-FINAL,XAUUSD!,Opogroup-Server1,MVP_SIMPLE_EXPLICIT_ROBUST,a-1/a-2/a-3,CANDLE_CLASSIFIED,,TREND_DOWN,,,,,4081.80,4075.81,4075.43,4084.36,0,0,0,N/A,N/A,N/A,bar=2026.07.31 05:30 class=BEARISH
E741,2026.07.31 05:45:00.119,2.10-ROBUST-FINAL,XAUUSD!,Opogroup-Server1,MVP_SIMPLE_EXPLICIT_ROBUST,trend-1,TREND_REFERENCE_UPDATED,,TREND_DOWN,,,,,4075.43,4090.50,0.00,0.00,0,0,0,N/A,N/A,N/A,High[1..3]/Low[1..3]
E742,2026.07.31 06:00:00.000,2.10-ROBUST-FINAL,XAUUSD!,Opogroup-Server1,MVP_SIMPLE_EXPLICIT_ROBUST,a-1/a-2/a-3,CANDLE_CLASSIFIED,,TREND_DOWN,,,,,4075.84,4076.08,4074.17,4078.38,0,0,0,N/A,N/A,N/A,bar=2026.07.31 05:45 class=BULLISH
E743,2026.07.31 06:00:00.000,2.10-ROBUST-FINAL,XAUUSD!,Opogroup-Server1,MVP_SIMPLE_EXPLICIT_ROBUST,trend-1,TREND_REFERENCE_UPDATED,,TREND_DOWN,,,,,4074.17,4085.55,0.00,0.00,0,0,0,N/A,N/A,N/A,High[1..3]/Low[1..3]
E744,2026.07.31 06:15:00.008,2.10-ROBUST-FINAL,XAUUSD!,Opogroup-Server1,MVP_SIMPLE_EXPLICIT_ROBUST,a-1/a-2/a-3,CANDLE_CLASSIFIED,,TREND_DOWN,,,,,4076.06,4073.26,4071.99,4076.22,0,0,0,N/A,N/A,N/A,bar=2026.07.31 06:00 class=BEARISH
E745,2026.07.31 06:15:00.008,2.10-ROBUST-FINAL,XAUUSD!,Opogroup-Server1,MVP_SIMPLE_EXPLICIT_ROBUST,trend-1,TREND_REFERENCE_UPDATED,,TREND_DOWN,,,,,4071.99,4084.36,0.00,0.00,0,0,0,N/A,N/A,N/A,High[1..3]/Low[1..3]
E746,2026.07.31 06:30:00.093,2.10-ROBUST-FINAL,XAUUSD!,Opogroup-Server1,MVP_SIMPLE_EXPLICIT_ROBUST,a-1/a-2/a-3,CANDLE_CLASSIFIED,,TREND_DOWN,,,,,4073.28,4075.28,4072.26,4076.06,0,0,0,N/A,N/A,N/A,bar=2026.07.31 06:15 class=BULLISH
E747,2026.07.31 06:30:00.093,2.10-ROBUST-FINAL,XAUUSD!,Opogroup-Server1,MVP_SIMPLE_EXPLICIT_ROBUST,trend-1,TREND_REFERENCE_UPDATED,,TREND_DOWN,,,,,4071.99,4078.38,0.00,0.00,0,0,0,N/A,N/A,N/A,High[1..3]/Low[1..3]
E748,2026.07.31 06:39:00.340,2.10-ROBUST-FINAL,XAUUSD!,Opogroup-Server1,MVP_SIMPLE_EXPLICIT_ROBUST,trend-1,TREND_STATE_CHANGED,,TREND_UP,,,,,4078.43,0.00,4071.99,4078.38,0,0,0,N/A,N/A,N/A,TREND_DOWN -> TREND_UP
E749,2026.07.31 06:45:00.103,2.10-ROBUST-FINAL,XAUUSD!,Opogroup-Server1,MVP_SIMPLE_EXPLICIT_ROBUST,b-8/b-23,PENDING_EXPIRED,R24,TREND_UP,PB-S,Stop,,BO#03,0.00,0.00,0.00,0.00,0,0,0,16.00,10.00,10.00,start after t+5
E750,2026.07.31 06:45:00.103,2.10-ROBUST-FINAL,XAUUSD!,Opogroup-Server1,MVP_SIMPLE_EXPLICIT_ROBUST,a-1/a-2/a-3,CANDLE_CLASSIFIED,,TREND_UP,,,,,4075.29,4076.61,4074.97,4079.37,0,0,0,N/A,N/A,N/A,bar=2026.07.31 06:30 class=BULLISH
E751,2026.07.31 06:45:00.103,2.10-ROBUST-FINAL,XAUUSD!,Opogroup-Server1,MVP_SIMPLE_EXPLICIT_ROBUST,trend-1,TREND_REFERENCE_UPDATED,,TREND_UP,,,,,4071.99,4079.37,0.00,0.00,0,0,0,N/A,N/A,N/A,High[1..3]/Low[1..3]
E752,2026.07.31 07:00:00.044,2.10-ROBUST-FINAL,XAUUSD!,Opogroup-Server1,MVP_SIMPLE_EXPLICIT_ROBUST,a-1/a-2/a-3,CANDLE_CLASSIFIED,,TREND_UP,,,,,4076.60,4074.94,4074.18,4077.56,0,0,0,N/A,N/A,N/A,bar=2026.07.31 06:45 class=BEARISH
E753,2026.07.31 07:00:00.044,2.10-ROBUST-FINAL,XAUUSD!,Opogroup-Server1,MVP_SIMPLE_EXPLICIT_ROBUST,trend-1,TREND_REFERENCE_UPDATED,,TREND_UP,,,,,4072.26,4079.37,0.00,0.00,0,0,0,N/A,N/A,N/A,High[1..3]/Low[1..3]
E754,2026.07.31 07:15:00.185,2.10-ROBUST-FINAL,XAUUSD!,Opogroup-Server1,MVP_SIMPLE_EXPLICIT_ROBUST,a-1/a-2/a-3,CANDLE_CLASSIFIED,,TREND_UP,,,,,4074.92,4076.71,4073.31,4076.92,0,0,0,N/A,N/A,N/A,bar=2026.07.31 07:00 class=BULLISH
E755,2026.07.31 07:15:00.185,2.10-ROBUST-FINAL,XAUUSD!,Opogroup-Server1,MVP_SIMPLE_EXPLICIT_ROBUST,trend-1,TREND_REFERENCE_UPDATED,,TREND_UP,,,,,4073.31,4079.37,0.00,0.00,0,0,0,N/A,N/A,N/A,High[1..3]/Low[1..3]
E756,2026.07.31 07:30:00.073,2.10-ROBUST-FINAL,XAUUSD!,Opogroup-Server1,MVP_SIMPLE_EXPLICIT_ROBUST,a-1/a-2/a-3,CANDLE_CLASSIFIED,,TREND_UP,,,,,4076.69,4079.97,4074.51,4080.08,0,0,0,N/A,N/A,N/A,bar=2026.07.31 07:15 class=BULLISH
E757,2026.07.31 07:30:00.073,2.10-ROBUST-FINAL,XAUUSD!,Opogroup-Server1,MVP_SIMPLE_EXPLICIT_ROBUST,trend-1,TREND_REFERENCE_UPDATED,,TREND_UP,,,,,4073.31,4080.08,0.00,0.00,0,0,0,N/A,N/A,N/A,High[1..3]/Low[1..3]
E758,2026.07.31 07:45:00.296,2.10-ROBUST-FINAL,XAUUSD!,Opogroup-Server1,MVP_SIMPLE_EXPLICIT_ROBUST,a-1/a-2/a-3,CANDLE_CLASSIFIED,,TREND_UP,,,,,4079.99,4079.33,4079.30,4081.46,0,0,0,N/A,N/A,N/A,bar=2026.07.31 07:30 class=BEARISH
E759,2026.07.31 07:45:00.296,2.10-ROBUST-FINAL,XAUUSD!,Opogroup-Server1,MVP_SIMPLE_EXPLICIT_ROBUST,trend-1,TREND_REFERENCE_UPDATED,,TREND_UP,,,,,4073.31,4081.46,0.00,0.00,0,0,0,N/A,N/A,N/A,High[1..3]/Low[1..3]
E760,2026.07.31 08:00:00.014,2.10-ROBUST-FINAL,XAUUSD!,Opogroup-Server1,MVP_SIMPLE_EXPLICIT_ROBUST,a-1/a-2/a-3,CANDLE_CLASSIFIED,,TREND_UP,,,,,4079.33,4079.97,4074.77,4080.23,0,0,0,N/A,N/A,N/A,bar=2026.07.31 07:45 class=BULLISH
E761,2026.07.31 08:00:00.014,2.10-ROBUST-FINAL,XAUUSD!,Opogroup-Server1,MVP_SIMPLE_EXPLICIT_ROBUST,trend-1,TREND_REFERENCE_UPDATED,,TREND_UP,,,,,4074.51,4081.46,0.00,0.00,0,0,0,N/A,N/A,N/A,High[1..3]/Low[1..3]
E762,2026.07.31 08:15:00.068,2.10-ROBUST-FINAL,XAUUSD!,Opogroup-Server1,MVP_SIMPLE_EXPLICIT_ROBUST,a-1/a-2/a-3,CANDLE_CLASSIFIED,,TREND_UP,,,,,4079.95,4079.75,4079.71,4083.30,0,0,0,N/A,N/A,N/A,bar=2026.07.31 08:00 class=BEARISH
E763,2026.07.31 08:15:00.068,2.10-ROBUST-FINAL,XAUUSD!,Opogroup-Server1,MVP_SIMPLE_EXPLICIT_ROBUST,trend-1,TREND_REFERENCE_UPDATED,,TREND_UP,,,,,4074.77,4083.30,0.00,0.00,0,0,0,N/A,N/A,N/A,High[1..3]/Low[1..3]
E764,2026.07.31 08:30:00.022,2.10-ROBUST-FINAL,XAUUSD!,Opogroup-Server1,MVP_SIMPLE_EXPLICIT_ROBUST,a-1/a-2/a-3,CANDLE_CLASSIFIED,,TREND_UP,,,,,4079.78,4080.44,4079.46,4082.94,0,0,0,N/A,N/A,N/A,bar=2026.07.31 08:15 class=BULLISH
E765,2026.07.31 08:30:00.022,2.10-ROBUST-FINAL,XAUUSD!,Opogroup-Server1,MVP_SIMPLE_EXPLICIT_ROBUST,trend-1,TREND_REFERENCE_UPDATED,,TREND_UP,,,,,4074.77,4083.30,0.00,0.00,0,0,0,N/A,N/A,N/A,High[1..3]/Low[1..3]
E766,2026.07.31 08:45:00.047,2.10-ROBUST-FINAL,XAUUSD!,Opogroup-Server1,MVP_SIMPLE_EXPLICIT_ROBUST,a-1/a-2/a-3,CANDLE_CLASSIFIED,,TREND_UP,,,,,4080.43,4076.06,4075.75,4081.56,0,0,0,N/A,N/A,N/A,bar=2026.07.31 08:30 class=BEARISH
E767,2026.07.31 08:45:00.047,2.10-ROBUST-FINAL,XAUUSD!,Opogroup-Server1,MVP_SIMPLE_EXPLICIT_ROBUST,trend-1,TREND_REFERENCE_UPDATED,,TREND_UP,,,,,4075.75,4083.30,0.00,0.00,0,0,0,N/A,N/A,N/A,High[1..3]/Low[1..3]
E768,2026.07.31 08:45:16.295,2.10-ROBUST-FINAL,XAUUSD!,Opogroup-Server1,MVP_SIMPLE_EXPLICIT_ROBUST,trend-1,TREND_STATE_CHANGED,,TREND_DOWN,,,,,4075.72,0.00,4075.75,4083.30,0,0,0,N/A,N/A,N/A,TREND_UP -> TREND_DOWN
E769,2026.07.31 09:00:00.236,2.10-ROBUST-FINAL,XAUUSD!,Opogroup-Server1,MVP_SIMPLE_EXPLICIT_ROBUST,a-1/a-2/a-3,CANDLE_CLASSIFIED,,TREND_DOWN,,,,,4076.05,4074.43,4073.25,4076.42,0,0,0,N/A,N/A,N/A,bar=2026.07.31 08:45 class=BEARISH
E770,2026.07.31 09:00:00.236,2.10-ROBUST-FINAL,XAUUSD!,Opogroup-Server1,MVP_SIMPLE_EXPLICIT_ROBUST,trend-1,TREND_REFERENCE_UPDATED,,TREND_DOWN,,,,,4073.25,4082.94,0.00,0.00,0,0,0,N/A,N/A,N/A,High[1..3]/Low[1..3]
E771,2026.07.31 09:15:00.156,2.10-ROBUST-FINAL,XAUUSD!,Opogroup-Server1,MVP_SIMPLE_EXPLICIT_ROBUST,a-1/a-2/a-3,CANDLE_CLASSIFIED,,TREND_DOWN,,,,,4074.46,4082.31,4072.72,4082.81,0,0,0,N/A,N/A,N/A,bar=2026.07.31 09:00 class=BULLISH
E772,2026.07.31 09:15:00.156,2.10-ROBUST-FINAL,XAUUSD!,Opogroup-Server1,MVP_SIMPLE_EXPLICIT_ROBUST,trend-1,TREND_REFERENCE_UPDATED,,TREND_DOWN,,,,,4072.72,4082.81,0.00,0.00,0,0,0,N/A,N/A,N/A,High[1..3]/Low[1..3]
E773,2026.07.31 09:16:27.984,2.10-ROBUST-FINAL,XAUUSD!,Opogroup-Server1,MVP_SIMPLE_EXPLICIT_ROBUST,trend-1,TREND_STATE_CHANGED,,TREND_UP,,,,,4082.92,0.00,4072.72,4082.81,0,0,0,N/A,N/A,N/A,TREND_DOWN -> TREND_UP
E774,2026.07.31 09:16:51.040,2.10-ROBUST-FINAL,XAUUSD!,Opogroup-Server1,MVP_SIMPLE_EXPLICIT_ROBUST,b-3,ZONE_ENGAGED,R24,TREND_UP,,,,,4085.01,0.00,0.00,0.00,0,0,0,16.00,10.00,10.00,entered/crossed zone from below
E775,2026.07.31 09:16:51.040,2.10-ROBUST-FINAL,XAUUSD!,Opogroup-Server1,MVP_SIMPLE_EXPLICIT_ROBUST,trend-2/b-31,ZONE_TOUCH_DIRECTION_CONFIRMED,R24,TREND_UP,R-S,Market,,,4085.01,0.00,0.00,0.00,0,0,0,16.00,10.00,10.00,first valid R-S touch for this M15+zone+direction
E776,2026.07.31 09:16:51.040,2.10-ROBUST-FINAL,XAUUSD!,Opogroup-Server1,MVP_SIMPLE_EXPLICIT_ROBUST,TEST-HIGH-R/b-29/b-30,RISK_MODEL_READY,R24,TREND_UP,SELL,,,,4085.01,0.00,4094.01,4069.00,0,0,0,16.00,10.00,10.00,HIGH_TEST multiplier=1.50 R_base=6.00000 R0_exp=9.00000 target_zone=R23
E777,2026.07.31 09:16:51.040,2.10-ROBUST-FINAL,XAUUSD!,Opogroup-Server1,MVP_SIMPLE_EXPLICIT_ROBUST,AR-RISK-01,PORTFOLIO_RISK_PRECHECK,R24,TREND_UP,R-S,Market,,,4085.01,0.00,4094.01,0.00,0,0,0,16.00,10.00,10.00,mode=GROSS_DAILY pct=30.00 budget=3000.00 realized=6.01 open=0.00 pending=0.00 used=6.01 remaining=2993.99 new=9.00 allowed=true
E778,2026.07.31 09:16:51.040,2.10-ROBUST-FINAL,XAUUSD!,Opogroup-Server1,MVP_SIMPLE_EXPLICIT_ROBUST,TEST-HIGH-R/b-1/b-11/b-29/b-30,REVERSAL_SIGNAL,R24,TREND_UP,R-S,Market,,,4085.01,0.00,4094.01,4069.00,0,0,0,16.00,10.00,10.00,TEST HIGH reversal_ordinal=1/2 SLx=1.50 R_base=6.00000 R0=9.00000 target=R23
E779,2026.07.31 09:16:51.040,2.10-ROBUST-FINAL,XAUUSD!,Opogroup-Server1,MVP_SIMPLE_EXPLICIT_ROBUST,MVP-RISK/TEST-HARNESS,MARGIN_PRECHECK,R24,TREND_UP,R-S,Telemetry,,,4085.01,0.00,0.00,0.00,0,0,0,16.00,10.00,10.00,lot=0.0100 required_new_margin=20.43 account_margin=0.00 free_margin=10061.03 margin_level=0.00
E780,2026.07.31 09:16:51.040,2.10-ROBUST-FINAL,XAUUSD!,Opogroup-Server1,MVP_SIMPLE_EXPLICIT_ROBUST,b-20,DEAL_COSTS_RECORDED,,TREND_UP,,,,,0.00,4085.01,0.00,0.00,0,28,28,N/A,N/A,N/A,profit=0.00 commission=0.00 swap=0.00 fee=0.00
E781,2026.07.31 09:16:51.040,2.10-ROBUST-FINAL,XAUUSD!,Opogroup-Server1,MVP_SIMPLE_EXPLICIT_ROBUST,b-1/b-26/b-29,ORDER_FILLED,R24,TREND_UP,R-S,Market,,,4085.01,4085.01,4094.01,4069.00,28,28,28,16.00,10.00,10.00,native fill; reversal_ordinal=1 R0=9.00000 target=R23
E782,2026.07.31 09:16:51.040,2.10-ROBUST-FINAL,XAUUSD!,Opogroup-Server1,MVP_SIMPLE_EXPLICIT_ROBUST,MVP-RISK/TEST-HARNESS,MARGIN_POST_FILL,R24,TREND_UP,R-S,Telemetry,,,0.00,0.00,0.00,0.00,0,0,28,16.00,10.00,10.00,lot=0.0100 account_margin=20.43 free_margin=10040.38 margin_level=49245.28
E783,2026.07.31 09:16:51.040,2.10-ROBUST-FINAL,XAUUSD!,Opogroup-Server1,MVP_SIMPLE_EXPLICIT_ROBUST,AR-RISK-01,PORTFOLIO_RISK_POST_FILL,R24,TREND_UP,R-S,PostFill,,,0.00,0.00,0.00,0.00,0,0,0,16.00,10.00,10.00,mode=GROSS_DAILY pct=30.00 budget=3000.00 realized=6.01 open=9.00 pending=0.00 used=15.01 overflow=false
E784,2026.07.31 09:17:40.659,2.10-ROBUST-FINAL,XAUUSD!,Opogroup-Server1,MVP_SIMPLE_EXPLICIT_ROBUST,b-3,ZONE_ENGAGED,R24,TREND_UP,,,,,4085.98,0.00,0.00,0.00,0,0,0,16.00,10.00,10.00,entered/crossed zone from above
E785,2026.07.31 09:30:00.312,2.10-ROBUST-FINAL,XAUUSD!,Opogroup-Server1,MVP_SIMPLE_EXPLICIT_ROBUST,a-1/a-2/a-3,CANDLE_CLASSIFIED,,TREND_UP,,,,,4082.30,4085.04,4081.03,4087.39,0,0,0,N/A,N/A,N/A,bar=2026.07.31 09:15 class=BULLISH
E786,2026.07.31 09:30:00.312,2.10-ROBUST-FINAL,XAUUSD!,Opogroup-Server1,MVP_SIMPLE_EXPLICIT_ROBUST,trend-1,TREND_REFERENCE_UPDATED,,TREND_UP,,,,,4072.72,4087.39,0.00,0.00,0,0,0,N/A,N/A,N/A,High[1..3]/Low[1..3]
E787,2026.07.31 09:30:00.312,2.10-ROBUST-FINAL,XAUUSD!,Opogroup-Server1,MVP_SIMPLE_EXPLICIT_ROBUST,b-3,ZONE_ENGAGED,R24,TREND_UP,,,,,4085.03,0.00,0.00,0.00,0,0,0,16.00,10.00,10.00,bar opened inside zone
E788,2026.07.31 09:45:00.110,2.10-ROBUST-FINAL,XAUUSD!,Opogroup-Server1,MVP_SIMPLE_EXPLICIT_ROBUST,a-1/a-2/a-3,CANDLE_CLASSIFIED,,TREND_UP,,,,,4085.03,4077.82,4077.14,4085.03,0,0,0,N/A,N/A,N/A,bar=2026.07.31 09:30 class=BEARISH
E789,2026.07.31 09:45:00.110,2.10-ROBUST-FINAL,XAUUSD!,Opogroup-Server1,MVP_SIMPLE_EXPLICIT_ROBUST,trend-1,TREND_REFERENCE_UPDATED,,TREND_UP,,,,,4072.72,4087.39,0.00,0.00,0,0,0,N/A,N/A,N/A,High[1..3]/Low[1..3]
E790,2026.07.31 10:00:00.054,2.10-ROBUST-FINAL,XAUUSD!,Opogroup-Server1,MVP_SIMPLE_EXPLICIT_ROBUST,a-1/a-2/a-3,CANDLE_CLASSIFIED,,TREND_UP,,,,,4077.80,4077.70,4076.31,4081.56,0,0,0,N/A,N/A,N/A,bar=2026.07.31 09:45 class=BEARISH
E791,2026.07.31 10:00:00.054,2.10-ROBUST-FINAL,XAUUSD!,Opogroup-Server1,MVP_SIMPLE_EXPLICIT_ROBUST,trend-1,TREND_REFERENCE_UPDATED,,TREND_UP,,,,,4076.31,4087.39,0.00,0.00,0,0,0,N/A,N/A,N/A,High[1..3]/Low[1..3]
E792,2026.07.31 10:00:09.078,2.10-ROBUST-FINAL,XAUUSD!,Opogroup-Server1,MVP_SIMPLE_EXPLICIT_ROBUST,trend-1,TREND_STATE_CHANGED,,TREND_DOWN,,,,,4076.27,0.00,4076.31,4087.39,0,0,0,N/A,N/A,N/A,TREND_UP -> TREND_DOWN
E793,2026.07.31 10:00:34.414,2.10-ROBUST-FINAL,XAUUSD!,Opogroup-Server1,MVP_SIMPLE_EXPLICIT_ROBUST,b-29,R_STAGE_CHANGED,R24,TREND_DOWN,R,,,,4085.01,0.00,0.00,4069.00,0,0,28,16.00,10.00,10.00,stage=1 >=1R risk-zero eligible
E794,2026.07.31 10:00:34.414,2.10-ROBUST-FINAL,XAUUSD!,Opogroup-Server1,MVP_SIMPLE_EXPLICIT_ROBUST,b-29,SL_MOVE_REQUESTED,R24,TREND_DOWN,R,ModifySL,,,0.00,0.00,4085.01,4069.00,0,0,28,16.00,10.00,10.00,stage=1 BE actual_fill + known_native_costs=-0.00
E795,2026.07.31 10:00:34.414,2.10-ROBUST-FINAL,XAUUSD!,Opogroup-Server1,MVP_SIMPLE_EXPLICIT_ROBUST,b-29,SL_MOVE_CONFIRMED,R24,TREND_DOWN,R,ModifySL,,,0.00,0.00,4085.01,4069.00,0,0,28,16.00,10.00,10.00,stage=1 BE actual_fill + known_native_costs=-0.00
E796,2026.07.31 10:15:00.215,2.10-ROBUST-FINAL,XAUUSD!,Opogroup-Server1,MVP_SIMPLE_EXPLICIT_ROBUST,a-1/a-2/a-3,CANDLE_CLASSIFIED,,TREND_DOWN,,,,,4077.65,4077.65,4075.35,4079.05,0,0,0,N/A,N/A,N/A,bar=2026.07.31 10:00 class=DOJI
E797,2026.07.31 10:15:00.215,2.10-ROBUST-FINAL,XAUUSD!,Opogroup-Server1,MVP_SIMPLE_EXPLICIT_ROBUST,trend-1,TREND_REFERENCE_UPDATED,,TREND_DOWN,,,,,4075.35,4085.03,0.00,0.00,0,0,0,N/A,N/A,N/A,High[1..3]/Low[1..3]
E798,2026.07.31 10:30:00.018,2.10-ROBUST-FINAL,XAUUSD!,Opogroup-Server1,MVP_SIMPLE_EXPLICIT_ROBUST,a-1/a-2/a-3,CANDLE_CLASSIFIED,,TREND_DOWN,,,,,4077.63,4072.64,4072.02,4079.12,0,0,0,N/A,N/A,N/A,bar=2026.07.31 10:15 class=BEARISH
E799,2026.07.31 10:30:00.018,2.10-ROBUST-FINAL,XAUUSD!,Opogroup-Server1,MVP_SIMPLE_EXPLICIT_ROBUST,trend-1,TREND_REFERENCE_UPDATED,,TREND_DOWN,,,,,4072.02,4081.56,0.00,0.00,0,0,0,N/A,N/A,N/A,High[1..3]/Low[1..3]
E800,2026.07.31 10:30:11.477,2.10-ROBUST-FINAL,XAUUSD!,Opogroup-Server1,MVP_SIMPLE_EXPLICIT_ROBUST,b-29,R_STAGE_CHANGED,R24,TREND_DOWN,R,,,,4085.01,0.00,0.00,4069.00,0,0,28,16.00,10.00,10.00,stage=2 >=1.5R lock +0.5R
E801,2026.07.31 10:30:11.477,2.10-ROBUST-FINAL,XAUUSD!,Opogroup-Server1,MVP_SIMPLE_EXPLICIT_ROBUST,b-29,SL_MOVE_REQUESTED,R24,TREND_DOWN,R,ModifySL,,,0.00,0.00,4080.51,4069.00,0,0,28,16.00,10.00,10.00,stage=2 lock +0.5R
E802,2026.07.31 10:30:11.477,2.10-ROBUST-FINAL,XAUUSD!,Opogroup-Server1,MVP_SIMPLE_EXPLICIT_ROBUST,b-29,SL_MOVE_CONFIRMED,R24,TREND_DOWN,R,ModifySL,,,0.00,0.00,4080.51,4069.00,0,0,28,16.00,10.00,10.00,stage=2 lock +0.5R
E803,2026.07.31 10:36:35.283,2.10-ROBUST-FINAL,XAUUSD!,Opogroup-Server1,MVP_SIMPLE_EXPLICIT_ROBUST,b-3,ZONE_ENGAGED,R23,TREND_DOWN,,,,,4068.99,0.00,0.00,0.00,0,0,0,2.00,16.00,2.00,entered/crossed zone from above
E804,2026.07.31 10:36:35.283,2.10-ROBUST-FINAL,XAUUSD!,Opogroup-Server1,MVP_SIMPLE_EXPLICIT_ROBUST,trend-2/b-31,ZONE_TOUCH_DIRECTION_CONFIRMED,R23,TREND_DOWN,R-B,Market,,,4068.99,0.00,0.00,0.00,0,0,0,2.00,16.00,2.00,first valid R-B touch for this M15+zone+direction
E805,2026.07.31 10:36:35.283,2.10-ROBUST-FINAL,XAUUSD!,Opogroup-Server1,MVP_SIMPLE_EXPLICIT_ROBUST,b-29/b-30,RISK_MODEL_READY,R23,TREND_DOWN,BUY,,,,4069.21,0.00,4066.00,4085.00,0,0,0,2.00,16.00,2.00,R_CAP=6.00 R0=3.21000 target_zone=R24
E806,2026.07.31 10:36:35.283,2.10-ROBUST-FINAL,XAUUSD!,Opogroup-Server1,MVP_SIMPLE_EXPLICIT_ROBUST,AR-RISK-01,PORTFOLIO_RISK_PRECHECK,R23,TREND_DOWN,R-B,Market,,,4069.21,0.00,4066.00,0.00,0,0,0,2.00,16.00,2.00,mode=GROSS_DAILY pct=30.00 budget=3000.00 realized=6.01 open=0.00 pending=0.00 used=6.01 remaining=2993.99 new=3.21 allowed=true
E807,2026.07.31 10:36:35.283,2.10-ROBUST-FINAL,XAUUSD!,Opogroup-Server1,MVP_SIMPLE_EXPLICIT_ROBUST,b-1/b-11/b-29/b-30,REVERSAL_SIGNAL,R23,TREND_DOWN,R-B,Market,,,4069.21,0.00,4066.00,4085.00,0,0,0,2.00,16.00,2.00,reversal_ordinal=1/1 directional touch + trend valid; R0=3.21000 target=R24
E808,2026.07.31 10:36:35.283,2.10-ROBUST-FINAL,XAUUSD!,Opogroup-Server1,MVP_SIMPLE_EXPLICIT_ROBUST,MVP-RISK/TEST-HARNESS,MARGIN_PRECHECK,R23,TREND_DOWN,R-B,Telemetry,,,4069.21,0.00,0.00,0.00,0,0,0,2.00,16.00,2.00,lot=0.0100 required_new_margin=20.35 account_margin=20.43 free_margin=10056.40 margin_level=49323.69
E809,2026.07.31 10:36:35.283,2.10-ROBUST-FINAL,XAUUSD!,Opogroup-Server1,MVP_SIMPLE_EXPLICIT_ROBUST,b-20,DEAL_COSTS_RECORDED,,TREND_DOWN,,,,,0.00,4069.21,0.00,0.00,0,29,29,N/A,N/A,N/A,profit=0.00 commission=0.00 swap=0.00 fee=0.00
E810,2026.07.31 10:36:35.283,2.10-ROBUST-FINAL,XAUUSD!,Opogroup-Server1,MVP_SIMPLE_EXPLICIT_ROBUST,b-1/b-26/b-29,ORDER_FILLED,R23,TREND_DOWN,R-B,Market,,,4069.21,4069.21,4066.00,4085.00,29,29,29,2.00,16.00,2.00,native fill; reversal_ordinal=1 R0=3.21000 target=R24
E811,2026.07.31 10:36:35.283,2.10-ROBUST-FINAL,XAUUSD!,Opogroup-Server1,MVP_SIMPLE_EXPLICIT_ROBUST,MVP-RISK/TEST-HARNESS,MARGIN_POST_FILL,R23,TREND_DOWN,R-B,Telemetry,,,0.00,0.00,0.00,0.00,0,0,29,2.00,16.00,2.00,lot=0.0100 account_margin=0.00 free_margin=10076.61 margin_level=0.00
E812,2026.07.31 10:36:35.283,2.10-ROBUST-FINAL,XAUUSD!,Opogroup-Server1,MVP_SIMPLE_EXPLICIT_ROBUST,AR-RISK-01,PORTFOLIO_RISK_POST_FILL,R23,TREND_DOWN,R-B,PostFill,,,0.00,0.00,0.00,0.00,0,0,0,2.00,16.00,2.00,mode=GROSS_DAILY pct=30.00 budget=3000.00 realized=6.01 open=3.21 pending=0.00 used=9.22 overflow=false
E813,2026.07.31 10:36:41.600,2.10-ROBUST-FINAL,XAUUSD!,Opogroup-Server1,MVP_SIMPLE_EXPLICIT_ROBUST,b-20,DEAL_COSTS_RECORDED,,TREND_DOWN,,,,,0.00,4069.00,0.00,0.00,0,30,0,N/A,N/A,N/A,profit=16.01 commission=0.00 swap=0.00 fee=0.00
E814,2026.07.31 10:36:41.600,2.10-ROBUST-FINAL,XAUUSD!,Opogroup-Server1,MVP_SIMPLE_EXPLICIT_ROBUST,TEST-HIGH-R,HIGH_REVERSAL_SLOT_CLOSED,R24,TREND_DOWN,R,,,,0.00,0.00,0.00,0.00,0,0,0,16.00,10.00,10.00,reversal closed; executed=1 allowed=2 remaining=1
E815,2026.07.31 10:36:41.600,2.10-ROBUST-FINAL,XAUUSD!,Opogroup-Server1,MVP_SIMPLE_EXPLICIT_ROBUST,b-20/b-23/b-26/b-29,POSITION_CLOSED,R24,TREND_DOWN,R-S,,,,0.00,4069.00,0.00,0.00,0,30,28,16.00,10.00,10.00,position_net=16.01 daily_net=10.00 R0=9.00000 max_r_stage=2 stacked_pullback=false reversal_ordinal=1
E816,2026.07.31 10:39:39.386,2.10-ROBUST-FINAL,XAUUSD!,Opogroup-Server1,MVP_SIMPLE_EXPLICIT_ROBUST,b-29,R_STAGE_CHANGED,R23,TREND_DOWN,R,,,,4069.21,0.00,0.00,4085.00,0,0,29,2.00,16.00,2.00,stage=1 >=1R risk-zero eligible
E817,2026.07.31 10:39:39.386,2.10-ROBUST-FINAL,XAUUSD!,Opogroup-Server1,MVP_SIMPLE_EXPLICIT_ROBUST,b-29,SL_MOVE_REQUESTED,R23,TREND_DOWN,R,ModifySL,,,0.00,0.00,4069.21,4085.00,0,0,29,2.00,16.00,2.00,stage=1 BE actual_fill + known_native_costs=-0.00
E818,2026.07.31 10:39:39.386,2.10-ROBUST-FINAL,XAUUSD!,Opogroup-Server1,MVP_SIMPLE_EXPLICIT_ROBUST,b-29,SL_MOVE_CONFIRMED,R23,TREND_DOWN,R,ModifySL,,,0.00,0.00,4069.21,4085.00,0,0,29,2.00,16.00,2.00,stage=1 BE actual_fill + known_native_costs=-0.00
E819,2026.07.31 10:45:00.023,2.10-ROBUST-FINAL,XAUUSD!,Opogroup-Server1,MVP_SIMPLE_EXPLICIT_ROBUST,a-1/a-2/a-3,CANDLE_CLASSIFIED,,TREND_DOWN,,,,,4072.66,4072.10,4068.11,4073.82,0,0,0,N/A,N/A,N/A,bar=2026.07.31 10:30 class=BEARISH
E820,2026.07.31 10:45:00.023,2.10-ROBUST-FINAL,XAUUSD!,Opogroup-Server1,MVP_SIMPLE_EXPLICIT_ROBUST,trend-1,TREND_REFERENCE_UPDATED,,TREND_DOWN,,,,,4068.11,4079.12,0.00,0.00,0,0,0,N/A,N/A,N/A,High[1..3]/Low[1..3]
E821,2026.07.31 10:48:14.845,2.10-ROBUST-FINAL,XAUUSD!,Opogroup-Server1,MVP_SIMPLE_EXPLICIT_ROBUST,b-29,R_STAGE_CHANGED,R23,TREND_DOWN,R,,,,4069.21,0.00,0.00,4085.00,0,0,29,2.00,16.00,2.00,stage=2 >=1.5R lock +0.5R
E822,2026.07.31 10:48:14.845,2.10-ROBUST-FINAL,XAUUSD!,Opogroup-Server1,MVP_SIMPLE_EXPLICIT_ROBUST,b-29,SL_MOVE_REQUESTED,R23,TREND_DOWN,R,ModifySL,,,0.00,0.00,4070.82,4085.00,0,0,29,2.00,16.00,2.00,stage=2 lock +0.5R
E823,2026.07.31 10:48:14.845,2.10-ROBUST-FINAL,XAUUSD!,Opogroup-Server1,MVP_SIMPLE_EXPLICIT_ROBUST,b-29,SL_MOVE_CONFIRMED,R23,TREND_DOWN,R,ModifySL,,,0.00,0.00,4070.82,4085.00,0,0,29,2.00,16.00,2.00,stage=2 lock +0.5R
E824,2026.07.31 10:50:22.004,2.10-ROBUST-FINAL,XAUUSD!,Opogroup-Server1,MVP_SIMPLE_EXPLICIT_ROBUST,b-20,DEAL_COSTS_RECORDED,,TREND_DOWN,,,,,0.00,4070.72,0.00,0.00,0,31,0,N/A,N/A,N/A,profit=1.51 commission=0.00 swap=0.00 fee=0.00
E825,2026.07.31 10:50:22.004,2.10-ROBUST-FINAL,XAUUSD!,Opogroup-Server1,MVP_SIMPLE_EXPLICIT_ROBUST,TEST-HIGH-R/b-24/b-26,ZONE_CONSUMED,R23,TREND_DOWN,R,,,,0.00,0.00,0.00,0.00,0,0,0,2.00,16.00,2.00,reversal daily max reached; executed=1 allowed=1
E826,2026.07.31 10:50:22.004,2.10-ROBUST-FINAL,XAUUSD!,Opogroup-Server1,MVP_SIMPLE_EXPLICIT_ROBUST,b-20/b-23/b-26/b-29,POSITION_CLOSED,R23,TREND_DOWN,R-B,,,,0.00,4070.72,0.00,0.00,0,31,29,2.00,16.00,2.00,position_net=1.51 daily_net=11.51 R0=3.21000 max_r_stage=2 stacked_pullback=false reversal_ordinal=1
E827,2026.07.31 10:59:48.858,2.10-ROBUST-FINAL,XAUUSD!,Opogroup-Server1,MVP_SIMPLE_EXPLICIT_ROBUST,b-3,ZONE_ENGAGED,R23,TREND_DOWN,,,,,4068.95,0.00,0.00,0.00,0,0,0,2.00,16.00,2.00,entered/crossed zone from above
E828,2026.07.31 10:59:48.858,2.10-ROBUST-FINAL,XAUUSD!,Opogroup-Server1,MVP_SIMPLE_EXPLICIT_ROBUST,trend-2/b-31,ZONE_TOUCH_DIRECTION_CONFIRMED,R23,TREND_DOWN,R-B,Market,,,4068.95,0.00,0.00,0.00,0,0,0,2.00,16.00,2.00,first valid R-B touch for this M15+zone+direction
E829,2026.07.31 10:59:48.858,2.10-ROBUST-FINAL,XAUUSD!,Opogroup-Server1,MVP_SIMPLE_EXPLICIT_ROBUST,TEST-HIGH-R/b-24,ZONE_USAGE_BLOCKED,R23,TREND_DOWN,R,Market,,,0.00,0.00,0.00,0.00,0,0,0,2.00,16.00,2.00,daily reversal max reached: allowed=1 executed=1
E830,2026.07.31 10:59:56.527,2.10-ROBUST-FINAL,XAUUSD!,Opogroup-Server1,MVP_SIMPLE_EXPLICIT_ROBUST,b-3,ZONE_ENGAGED,R23,TREND_DOWN,,,,,4068.03,0.00,0.00,0.00,0,0,0,2.00,16.00,2.00,entered/crossed zone from below
E831,2026.07.31 11:00:00.003,2.10-ROBUST-FINAL,XAUUSD!,Opogroup-Server1,MVP_SIMPLE_EXPLICIT_ROBUST,a-1/a-2/a-3,CANDLE_CLASSIFIED,,TREND_DOWN,,,,,4072.18,4067.64,4067.39,4074.36,0,0,0,N/A,N/A,N/A,bar=2026.07.31 10:45 class=BEARISH
E832,2026.07.31 11:00:00.003,2.10-ROBUST-FINAL,XAUUSD!,Opogroup-Server1,MVP_SIMPLE_EXPLICIT_ROBUST,trend-1,TREND_REFERENCE_UPDATED,,TREND_DOWN,,,,,4067.39,4079.12,0.00,0.00,0,0,0,N/A,N/A,N/A,High[1..3]/Low[1..3]
E833,2026.07.31 11:01:06.142,2.10-ROBUST-FINAL,XAUUSD!,Opogroup-Server1,MVP_SIMPLE_EXPLICIT_ROBUST,b-3,ZONE_ENGAGED,R21&R22,TREND_DOWN,,,,,4065.95,0.00,0.00,0.00,0,0,0,24.00,2.00,2.00,entered/crossed zone from above
E834,2026.07.31 11:01:06.142,2.10-ROBUST-FINAL,XAUUSD!,Opogroup-Server1,MVP_SIMPLE_EXPLICIT_ROBUST,trend-2/b-31,ZONE_TOUCH_DIRECTION_CONFIRMED,R21&R22,TREND_DOWN,R-B,Market,,,4065.95,0.00,0.00,0.00,0,0,0,24.00,2.00,2.00,first valid R-B touch for this M15+zone+direction
E835,2026.07.31 11:01:06.142,2.10-ROBUST-FINAL,XAUUSD!,Opogroup-Server1,MVP_SIMPLE_EXPLICIT_ROBUST,b-29/b-30,RISK_MODEL_READY,R21&R22,TREND_DOWN,BUY,,,,4066.17,0.00,4060.17,4085.00,0,0,0,24.00,2.00,2.00,R_CAP=6.00 R0=6.00000 target_zone=R24
E836,2026.07.31 11:01:06.142,2.10-ROBUST-FINAL,XAUUSD!,Opogroup-Server1,MVP_SIMPLE_EXPLICIT_ROBUST,AR-RISK-01,PORTFOLIO_RISK_PRECHECK,R21&R22,TREND_DOWN,R-B,Market,,,4066.17,0.00,4060.17,0.00,0,0,0,24.00,2.00,2.00,mode=GROSS_DAILY pct=30.00 budget=3000.00 realized=6.01 open=0.00 pending=0.00 used=6.01 remaining=2993.99 new=6.00 allowed=true
E837,2026.07.31 11:01:06.142,2.10-ROBUST-FINAL,XAUUSD!,Opogroup-Server1,MVP_SIMPLE_EXPLICIT_ROBUST,b-1/b-11/b-29/b-30,REVERSAL_SIGNAL,R21&R22,TREND_DOWN,R-B,Market,,,4066.17,0.00,4060.17,4085.00,0,0,0,24.00,2.00,2.00,reversal_ordinal=1/1 directional touch + trend valid; R0=6.00000 target=R24
E838,2026.07.31 11:01:06.142,2.10-ROBUST-FINAL,XAUUSD!,Opogroup-Server1,MVP_SIMPLE_EXPLICIT_ROBUST,MVP-RISK/TEST-HARNESS,MARGIN_PRECHECK,R21&R22,TREND_DOWN,R-B,Telemetry,,,4066.17,0.00,0.00,0.00,0,0,0,24.00,2.00,2.00,lot=0.0100 required_new_margin=20.33 account_margin=0.00 free_margin=10078.55 margin_level=0.00
E839,2026.07.31 11:01:06.142,2.10-ROBUST-FINAL,XAUUSD!,Opogroup-Server1,MVP_SIMPLE_EXPLICIT_ROBUST,b-20,DEAL_COSTS_RECORDED,,TREND_DOWN,,,,,0.00,4066.17,0.00,0.00,0,32,32,N/A,N/A,N/A,profit=0.00 commission=0.00 swap=0.00 fee=0.00
E840,2026.07.31 11:01:06.142,2.10-ROBUST-FINAL,XAUUSD!,Opogroup-Server1,MVP_SIMPLE_EXPLICIT_ROBUST,b-1/b-26/b-29,ORDER_FILLED,R21&R22,TREND_DOWN,R-B,Market,,,4066.17,4066.17,4060.17,4085.00,32,32,32,24.00,2.00,2.00,native fill; reversal_ordinal=1 R0=6.00000 target=R24
E841,2026.07.31 11:01:06.142,2.10-ROBUST-FINAL,XAUUSD!,Opogroup-Server1,MVP_SIMPLE_EXPLICIT_ROBUST,MVP-RISK/TEST-HARNESS,MARGIN_POST_FILL,R21&R22,TREND_DOWN,R-B,Telemetry,,,0.00,0.00,0.00,0.00,0,0,32,24.00,2.00,2.00,lot=0.0100 account_margin=20.33 free_margin=10058.00 margin_level=49573.68
E842,2026.07.31 11:01:06.142,2.10-ROBUST-FINAL,XAUUSD!,Opogroup-Server1,MVP_SIMPLE_EXPLICIT_ROBUST,AR-RISK-01,PORTFOLIO_RISK_POST_FILL,R21&R22,TREND_DOWN,R-B,PostFill,,,0.00,0.00,0.00,0.00,0,0,0,24.00,2.00,2.00,mode=GROSS_DAILY pct=30.00 budget=3000.00 realized=6.01 open=6.00 pending=0.00 used=12.01 overflow=false
E843,2026.07.31 11:04:26.914,2.10-ROBUST-FINAL,XAUUSD!,Opogroup-Server1,MVP_SIMPLE_EXPLICIT_ROBUST,b-3,ZONE_ENGAGED,R21&R22,TREND_DOWN,,,,,4063.04,0.00,0.00,0.00,0,0,0,24.00,2.00,2.00,entered/crossed zone from below
E844,2026.07.31 11:15:00.041,2.10-ROBUST-FINAL,XAUUSD!,Opogroup-Server1,MVP_SIMPLE_EXPLICIT_ROBUST,a-1/a-2/a-3,CANDLE_CLASSIFIED,,TREND_DOWN,,,,,4067.48,4062.18,4061.04,4067.73,0,0,0,N/A,N/A,N/A,bar=2026.07.31 11:00 class=BEARISH
E845,2026.07.31 11:15:00.041,2.10-ROBUST-FINAL,XAUUSD!,Opogroup-Server1,MVP_SIMPLE_EXPLICIT_ROBUST,trend-1,TREND_REFERENCE_UPDATED,,TREND_DOWN,,,,,4061.04,4074.36,0.00,0.00,0,0,0,N/A,N/A,N/A,High[1..3]/Low[1..3]
E846,2026.07.31 11:17:28.831,2.10-ROBUST-FINAL,XAUUSD!,Opogroup-Server1,MVP_SIMPLE_EXPLICIT_ROBUST,b-3,ZONE_ENGAGED,R21&R22,TREND_DOWN,,,,,4063.09,0.00,0.00,0.00,0,0,0,24.00,2.00,2.00,entered/crossed zone from below
E847,2026.07.31 11:19:41.478,2.10-ROBUST-FINAL,XAUUSD!,Opogroup-Server1,MVP_SIMPLE_EXPLICIT_ROBUST,b-3,ZONE_ENGAGED,R21&R22,TREND_DOWN,,,,,4066.00,0.00,0.00,0.00,0,0,0,24.00,2.00,2.00,entered/crossed zone from above
E848,2026.07.31 11:19:41.478,2.10-ROBUST-FINAL,XAUUSD!,Opogroup-Server1,MVP_SIMPLE_EXPLICIT_ROBUST,trend-2/b-31,ZONE_TOUCH_DIRECTION_CONFIRMED,R21&R22,TREND_DOWN,R-B,Market,,,4066.00,0.00,0.00,0.00,0,0,0,24.00,2.00,2.00,first valid R-B touch for this M15+zone+direction
E849,2026.07.31 11:19:41.478,2.10-ROBUST-FINAL,XAUUSD!,Opogroup-Server1,MVP_SIMPLE_EXPLICIT_ROBUST,TEST-HIGH-R/b-24,ZONE_USAGE_BLOCKED,R21&R22,TREND_DOWN,R,Market,,,0.00,0.00,0.00,0.00,0,0,0,24.00,2.00,2.00,daily reversal max reached: allowed=1 executed=1
E850,2026.07.31 11:24:47.117,2.10-ROBUST-FINAL,XAUUSD!,Opogroup-Server1,MVP_SIMPLE_EXPLICIT_ROBUST,b-20,DEAL_COSTS_RECORDED,,TREND_DOWN,,,,,0.00,4060.15,0.00,0.00,0,33,0,N/A,N/A,N/A,profit=-6.02 commission=0.00 swap=0.00 fee=0.00
E851,2026.07.31 11:24:47.117,2.10-ROBUST-FINAL,XAUUSD!,Opogroup-Server1,MVP_SIMPLE_EXPLICIT_ROBUST,TEST-HIGH-R/b-24/b-26,ZONE_CONSUMED,R21&R22,TREND_DOWN,R,,,,0.00,0.00,0.00,0.00,0,0,0,24.00,2.00,2.00,reversal daily max reached; executed=1 allowed=1
E852,2026.07.31 11:24:47.117,2.10-ROBUST-FINAL,XAUUSD!,Opogroup-Server1,MVP_SIMPLE_EXPLICIT_ROBUST,b-20/b-23/b-26/b-29,POSITION_CLOSED,R21&R22,TREND_DOWN,R-B,,,,0.00,4060.15,0.00,0.00,0,33,32,24.00,2.00,2.00,position_net=-6.02 daily_net=5.49 R0=6.00000 max_r_stage=0 stacked_pullback=false reversal_ordinal=1
E853,2026.07.31 11:30:00.005,2.10-ROBUST-FINAL,XAUUSD!,Opogroup-Server1,MVP_SIMPLE_EXPLICIT_ROBUST,a-1/a-2/a-3,CANDLE_CLASSIFIED,,TREND_DOWN,,,,,4062.17,4058.56,4057.77,4067.11,0,0,0,N/A,N/A,N/A,bar=2026.07.31 11:15 class=BEARISH
E854,2026.07.31 11:30:00.005,2.10-ROBUST-FINAL,XAUUSD!,Opogroup-Server1,MVP_SIMPLE_EXPLICIT_ROBUST,b-3/b-4/trend-1,BREAKOUT_SIGNAL,R21&R22,TREND_DOWN,BO-S,Close,BO#04,,4058.56,0.00,0.00,0.00,0,0,0,24.00,2.00,2.00,BO#04; ZONE_ENGAGED + buffered close + trend snapshot
E855,2026.07.31 11:30:00.005,2.10-ROBUST-FINAL,XAUUSD!,Opogroup-Server1,MVP_SIMPLE_EXPLICIT_ROBUST,b-8/b-25,PULLBACK_CYCLE_CREATED,R21&R22,TREND_DOWN,PB-S,Stop,,BO#04,0.00,0.00,0.00,0.00,0,0,0,24.00,2.00,2.00,valid t+1..t+5 window; pullback does not consume zone in v9
E856,2026.07.31 11:30:00.005,2.10-ROBUST-FINAL,XAUUSD!,Opogroup-Server1,MVP_SIMPLE_EXPLICIT_ROBUST,trend-1,TREND_REFERENCE_UPDATED,,TREND_DOWN,,,,,4057.77,4074.36,0.00,0.00,0,0,0,N/A,N/A,N/A,High[1..3]/Low[1..3]
E857,2026.07.31 11:45:00.104,2.10-ROBUST-FINAL,XAUUSD!,Opogroup-Server1,MVP_SIMPLE_EXPLICIT_ROBUST,a-1/a-2/a-3,CANDLE_CLASSIFIED,,TREND_DOWN,,,,,4058.60,4059.11,4053.96,4061.45,0,0,0,N/A,N/A,N/A,bar=2026.07.31 11:30 class=BULLISH
E858,2026.07.31 11:45:00.104,2.10-ROBUST-FINAL,XAUUSD!,Opogroup-Server1,MVP_SIMPLE_EXPLICIT_ROBUST,trend-1,TREND_REFERENCE_UPDATED,,TREND_DOWN,,,,,4053.96,4067.73,0.00,0.00,0,0,0,N/A,N/A,N/A,High[1..3]/Low[1..3]
E859,2026.07.31 11:56:20.925,2.10-ROBUST-FINAL,XAUUSD!,Opogroup-Server1,MVP_SIMPLE_EXPLICIT_ROBUST,b-3,ZONE_ENGAGED,R21&R22,TREND_DOWN,,,,,4063.02,0.00,0.00,0.00,0,0,0,24.00,2.00,2.00,entered/crossed zone from below
E860,2026.07.31 11:57:32.032,2.10-ROBUST-FINAL,XAUUSD!,Opogroup-Server1,MVP_SIMPLE_EXPLICIT_ROBUST,b-8,PULLBACK_PENETRATION_LATCHED,R21&R22,TREND_DOWN,PB-S,Stop,,BO#04,4063.20,0.00,0.00,0.00,0,0,0,24.00,2.00,2.00,no maximum penetration in S1; first tick t+1 valid
E861,2026.07.31 11:57:32.032,2.10-ROBUST-FINAL,XAUUSD!,Opogroup-Server1,MVP_SIMPLE_EXPLICIT_ROBUST,b-29/b-30,RISK_MODEL_READY,R21&R22,TREND_DOWN,SELL,,,,4063.00,0.00,4068.00,4039.00,0,0,0,24.00,2.00,2.00,R_CAP=6.00 R0=5.00000 target_zone=R20
E862,2026.07.31 11:57:32.032,2.10-ROBUST-FINAL,XAUUSD!,Opogroup-Server1,MVP_SIMPLE_EXPLICIT_ROBUST,AR-RISK-01,PORTFOLIO_RISK_PRECHECK,R21&R22,TREND_DOWN,PB-S,Stop,,BO#04,4063.00,0.00,4068.00,0.00,0,0,0,24.00,2.00,2.00,mode=GROSS_DAILY pct=30.00 budget=3000.00 realized=12.03 open=0.00 pending=0.00 used=12.03 remaining=2987.97 new=5.00 allowed=true
E863,2026.07.31 11:57:32.032,2.10-ROBUST-FINAL,XAUUSD!,Opogroup-Server1,MVP_SIMPLE_EXPLICIT_ROBUST,MVP-RISK/TEST-HARNESS,MARGIN_PRECHECK,R21&R22,TREND_DOWN,PB-S,Telemetry,,BO#04,4063.00,0.00,0.00,0.00,0,0,0,24.00,2.00,2.00,lot=0.0100 required_new_margin=20.32 account_margin=0.00 free_margin=10072.53 margin_level=0.00
E864,2026.07.31 11:57:32.032,2.10-ROBUST-FINAL,XAUUSD!,Opogroup-Server1,MVP_SIMPLE_EXPLICIT_ROBUST,b-8/b-11/b-29/b-30,PENDING_PLACED,R21&R22,TREND_DOWN,PB-S,Stop,,BO#04,4063.00,0.00,4068.00,4039.00,34,0,0,24.00,2.00,2.00,exact zone edge; native MT5 activation; R0=5.00000 target=R20
E865,2026.07.31 11:57:33.337,2.10-ROBUST-FINAL,XAUUSD!,Opogroup-Server1,MVP_SIMPLE_EXPLICIT_ROBUST,b-20,DEAL_COSTS_RECORDED,,TREND_DOWN,,,,,0.00,4062.98,0.00,0.00,0,34,34,N/A,N/A,N/A,profit=0.00 commission=0.00 swap=0.00 fee=0.00
E866,2026.07.31 11:57:33.337,2.10-ROBUST-FINAL,XAUUSD!,Opogroup-Server1,MVP_SIMPLE_EXPLICIT_ROBUST,b-8/b-25/b-29,ORDER_FILLED,R21&R22,TREND_DOWN,PB-S,Stop,,BO#04,4063.00,4062.98,4068.00,4039.00,34,34,34,24.00,2.00,2.00,native fill; R0=5.00000 target=R20
E867,2026.07.31 11:57:33.337,2.10-ROBUST-FINAL,XAUUSD!,Opogroup-Server1,MVP_SIMPLE_EXPLICIT_ROBUST,MVP-RISK/TEST-HARNESS,MARGIN_POST_FILL,R21&R22,TREND_DOWN,PB-S,Telemetry,,BO#04,0.00,0.00,0.00,0.00,0,0,34,24.00,2.00,2.00,lot=0.0100 account_margin=20.31 free_margin=10052.00 margin_level=49592.86
E868,2026.07.31 11:57:33.337,2.10-ROBUST-FINAL,XAUUSD!,Opogroup-Server1,MVP_SIMPLE_EXPLICIT_ROBUST,AR-RISK-01,PORTFOLIO_RISK_POST_FILL,R21&R22,TREND_DOWN,PB-S,PostFill,,BO#04,0.00,0.00,0.00,0.00,0,0,0,24.00,2.00,2.00,mode=GROSS_DAILY pct=30.00 budget=3000.00 realized=12.03 open=5.02 pending=0.00 used=17.05 overflow=false
E869,2026.07.31 12:00:00.127,2.10-ROBUST-FINAL,XAUUSD!,Opogroup-Server1,MVP_SIMPLE_EXPLICIT_ROBUST,a-1/a-2/a-3,CANDLE_CLASSIFIED,,TREND_DOWN,,,,,4059.10,4060.90,4057.67,4064.38,0,0,0,N/A,N/A,N/A,bar=2026.07.31 11:45 class=BULLISH
E870,2026.07.31 12:00:00.127,2.10-ROBUST-FINAL,XAUUSD!,Opogroup-Server1,MVP_SIMPLE_EXPLICIT_ROBUST,trend-1,TREND_REFERENCE_UPDATED,,TREND_DOWN,,,,,4053.96,4067.11,0.00,0.00,0,0,0,N/A,N/A,N/A,High[1..3]/Low[1..3]
E871,2026.07.31 12:00:19.467,2.10-ROBUST-FINAL,XAUUSD!,Opogroup-Server1,MVP_SIMPLE_EXPLICIT_ROBUST,b-3,ZONE_ENGAGED,R21&R22,TREND_DOWN,,,,,4063.09,0.00,0.00,0.00,0,0,0,24.00,2.00,2.00,entered/crossed zone from below
E872,2026.07.31 12:09:59.540,2.10-ROBUST-FINAL,XAUUSD!,Opogroup-Server1,MVP_SIMPLE_EXPLICIT_ROBUST,b-29,R_STAGE_CHANGED,R21&R22,TREND_DOWN,P,,,,4063.00,0.00,0.00,4039.00,0,0,34,24.00,2.00,2.00,stage=1 >=1R risk-zero eligible
E873,2026.07.31 12:09:59.540,2.10-ROBUST-FINAL,XAUUSD!,Opogroup-Server1,MVP_SIMPLE_EXPLICIT_ROBUST,b-29,SL_MOVE_REQUESTED,R21&R22,TREND_DOWN,P,ModifySL,,,0.00,0.00,4062.98,4039.00,0,0,34,24.00,2.00,2.00,stage=1 BE actual_fill + known_native_costs=-0.00
E874,2026.07.31 12:09:59.540,2.10-ROBUST-FINAL,XAUUSD!,Opogroup-Server1,MVP_SIMPLE_EXPLICIT_ROBUST,b-29,SL_MOVE_CONFIRMED,R21&R22,TREND_DOWN,P,ModifySL,,,0.00,0.00,4062.98,4039.00,0,0,34,24.00,2.00,2.00,stage=1 BE actual_fill + known_native_costs=-0.00
E875,2026.07.31 12:12:27.401,2.10-ROBUST-FINAL,XAUUSD!,Opogroup-Server1,MVP_SIMPLE_EXPLICIT_ROBUST,b-29,R_STAGE_CHANGED,R21&R22,TREND_DOWN,P,,,,4063.00,0.00,0.00,4039.00,0,0,34,24.00,2.00,2.00,stage=2 >=1.5R lock +0.5R
E876,2026.07.31 12:12:27.401,2.10-ROBUST-FINAL,XAUUSD!,Opogroup-Server1,MVP_SIMPLE_EXPLICIT_ROBUST,b-29,SL_MOVE_REQUESTED,R21&R22,TREND_DOWN,P,ModifySL,,,0.00,0.00,4060.50,4039.00,0,0,34,24.00,2.00,2.00,stage=2 lock +0.5R
E877,2026.07.31 12:12:27.401,2.10-ROBUST-FINAL,XAUUSD!,Opogroup-Server1,MVP_SIMPLE_EXPLICIT_ROBUST,b-29,SL_MOVE_CONFIRMED,R21&R22,TREND_DOWN,P,ModifySL,,,0.00,0.00,4060.50,4039.00,0,0,34,24.00,2.00,2.00,stage=2 lock +0.5R
E878,2026.07.31 12:15:00.014,2.10-ROBUST-FINAL,XAUUSD!,Opogroup-Server1,MVP_SIMPLE_EXPLICIT_ROBUST,a-1/a-2/a-3,CANDLE_CLASSIFIED,,TREND_DOWN,,,,,4060.96,4056.77,4055.01,4064.03,0,0,0,N/A,N/A,N/A,bar=2026.07.31 12:00 class=BEARISH
E879,2026.07.31 12:15:00.014,2.10-ROBUST-FINAL,XAUUSD!,Opogroup-Server1,MVP_SIMPLE_EXPLICIT_ROBUST,trend-1,TREND_REFERENCE_UPDATED,,TREND_DOWN,,,,,4053.96,4064.38,0.00,0.00,0,0,0,N/A,N/A,N/A,High[1..3]/Low[1..3]
E880,2026.07.31 12:23:15.446,2.10-ROBUST-FINAL,XAUUSD!,Opogroup-Server1,MVP_SIMPLE_EXPLICIT_ROBUST,b-29,R_STAGE_CHANGED,R21&R22,TREND_DOWN,P,,,,4063.00,0.00,0.00,4039.00,0,0,34,24.00,2.00,2.00,stage=3 >=2R structural trail active
E881,2026.07.31 12:30:00.183,2.10-ROBUST-FINAL,XAUUSD!,Opogroup-Server1,MVP_SIMPLE_EXPLICIT_ROBUST,a-1/a-2/a-3,CANDLE_CLASSIFIED,,TREND_DOWN,,,,,4056.76,4051.99,4051.26,4057.43,0,0,0,N/A,N/A,N/A,bar=2026.07.31 12:15 class=BEARISH
E882,2026.07.31 12:30:00.183,2.10-ROBUST-FINAL,XAUUSD!,Opogroup-Server1,MVP_SIMPLE_EXPLICIT_ROBUST,trend-1,TREND_REFERENCE_UPDATED,,TREND_DOWN,,,,,4051.26,4064.38,0.00,0.00,0,0,0,N/A,N/A,N/A,High[1..3]/Low[1..3]
E883,2026.07.31 12:45:00.012,2.10-ROBUST-FINAL,XAUUSD!,Opogroup-Server1,MVP_SIMPLE_EXPLICIT_ROBUST,a-1/a-2/a-3,CANDLE_CLASSIFIED,,TREND_DOWN,,,,,4051.97,4052.90,4050.26,4054.64,0,0,0,N/A,N/A,N/A,bar=2026.07.31 12:30 class=BULLISH
E884,2026.07.31 12:45:00.012,2.10-ROBUST-FINAL,XAUUSD!,Opogroup-Server1,MVP_SIMPLE_EXPLICIT_ROBUST,trend-1,TREND_REFERENCE_UPDATED,,TREND_DOWN,,,,,4050.26,4064.03,0.00,0.00,0,0,0,N/A,N/A,N/A,High[1..3]/Low[1..3]
E885,2026.07.31 13:00:00.096,2.10-ROBUST-FINAL,XAUUSD!,Opogroup-Server1,MVP_SIMPLE_EXPLICIT_ROBUST,a-1/a-2/a-3,CANDLE_CLASSIFIED,,TREND_DOWN,,,,,4053.00,4054.94,4052.27,4057.08,0,0,0,N/A,N/A,N/A,bar=2026.07.31 12:45 class=BULLISH
E886,2026.07.31 13:00:00.096,2.10-ROBUST-FINAL,XAUUSD!,Opogroup-Server1,MVP_SIMPLE_EXPLICIT_ROBUST,trend-1,TREND_REFERENCE_UPDATED,,TREND_DOWN,,,,,4050.26,4057.43,0.00,0.00,0,0,0,N/A,N/A,N/A,High[1..3]/Low[1..3]
E887,2026.07.31 13:06:34.180,2.10-ROBUST-FINAL,XAUUSD!,Opogroup-Server1,MVP_SIMPLE_EXPLICIT_ROBUST,trend-1,TREND_STATE_CHANGED,,TREND_UP,,,,,4057.47,0.00,4050.26,4057.43,0,0,0,N/A,N/A,N/A,TREND_DOWN -> TREND_UP
E888,2026.07.31 13:15:00.094,2.10-ROBUST-FINAL,XAUUSD!,Opogroup-Server1,MVP_SIMPLE_EXPLICIT_ROBUST,a-1/a-2/a-3,CANDLE_CLASSIFIED,,TREND_UP,,,,,4054.99,4055.92,4053.18,4058.33,0,0,0,N/A,N/A,N/A,bar=2026.07.31 13:00 class=BULLISH
E889,2026.07.31 13:15:00.094,2.10-ROBUST-FINAL,XAUUSD!,Opogroup-Server1,MVP_SIMPLE_EXPLICIT_ROBUST,trend-1,TREND_REFERENCE_UPDATED,,TREND_UP,,,,,4050.26,4058.33,0.00,0.00,0,0,0,N/A,N/A,N/A,High[1..3]/Low[1..3]
E890,2026.07.31 13:30:00.005,2.10-ROBUST-FINAL,XAUUSD!,Opogroup-Server1,MVP_SIMPLE_EXPLICIT_ROBUST,a-1/a-2/a-3,CANDLE_CLASSIFIED,,TREND_UP,,,,,4055.94,4053.24,4052.02,4056.01,0,0,0,N/A,N/A,N/A,bar=2026.07.31 13:15 class=BEARISH
E891,2026.07.31 13:30:00.005,2.10-ROBUST-FINAL,XAUUSD!,Opogroup-Server1,MVP_SIMPLE_EXPLICIT_ROBUST,trend-1,TREND_REFERENCE_UPDATED,,TREND_UP,,,,,4052.02,4058.33,0.00,0.00,0,0,0,N/A,N/A,N/A,High[1..3]/Low[1..3]
E892,2026.07.31 13:30:00.005,2.10-ROBUST-FINAL,XAUUSD!,Opogroup-Server1,MVP_SIMPLE_EXPLICIT_ROBUST,b-29,STRUCTURE_TRAIL_CANDIDATE,R21&R22,TREND_UP,P,,,,0.00,0.00,4058.33,4039.00,0,0,34,24.00,2.00,2.00,stage=3 structure pivot=4058.33 time=2026.07.31 13:00
E893,2026.07.31 13:30:00.005,2.10-ROBUST-FINAL,XAUUSD!,Opogroup-Server1,MVP_SIMPLE_EXPLICIT_ROBUST,b-29,SL_MOVE_REQUESTED,R21&R22,TREND_UP,P,ModifySL,,,0.00,0.00,4058.33,4039.00,0,0,34,24.00,2.00,2.00,stage=3 structure pivot=4058.33 time=2026.07.31 13:00
E894,2026.07.31 13:30:00.005,2.10-ROBUST-FINAL,XAUUSD!,Opogroup-Server1,MVP_SIMPLE_EXPLICIT_ROBUST,b-29,SL_MOVE_CONFIRMED,R21&R22,TREND_UP,P,ModifySL,,,0.00,0.00,4058.33,4039.00,0,0,34,24.00,2.00,2.00,stage=3 structure pivot=4058.33 time=2026.07.31 13:00
E895,2026.07.31 13:45:00.136,2.10-ROBUST-FINAL,XAUUSD!,Opogroup-Server1,MVP_SIMPLE_EXPLICIT_ROBUST,a-1/a-2/a-3,CANDLE_CLASSIFIED,,TREND_UP,,,,,4053.31,4054.79,4052.78,4056.49,0,0,0,N/A,N/A,N/A,bar=2026.07.31 13:30 class=BULLISH
E896,2026.07.31 13:45:00.136,2.10-ROBUST-FINAL,XAUUSD!,Opogroup-Server1,MVP_SIMPLE_EXPLICIT_ROBUST,trend-1,TREND_REFERENCE_UPDATED,,TREND_UP,,,,,4052.02,4058.33,0.00,0.00,0,0,0,N/A,N/A,N/A,High[1..3]/Low[1..3]
E897,2026.07.31 14:00:00.026,2.10-ROBUST-FINAL,XAUUSD!,Opogroup-Server1,MVP_SIMPLE_EXPLICIT_ROBUST,a-1/a-2/a-3,CANDLE_CLASSIFIED,,TREND_UP,,,,,4054.76,4054.58,4053.69,4057.11,0,0,0,N/A,N/A,N/A,bar=2026.07.31 13:45 class=BEARISH
E898,2026.07.31 14:00:00.026,2.10-ROBUST-FINAL,XAUUSD!,Opogroup-Server1,MVP_SIMPLE_EXPLICIT_ROBUST,trend-1,TREND_REFERENCE_UPDATED,,TREND_UP,,,,,4052.02,4057.11,0.00,0.00,0,0,0,N/A,N/A,N/A,High[1..3]/Low[1..3]
E899,2026.07.31 14:11:26.334,2.10-ROBUST-FINAL,XAUUSD!,Opogroup-Server1,MVP_SIMPLE_EXPLICIT_ROBUST,b-20,DEAL_COSTS_RECORDED,,TREND_UP,,,,,0.00,4058.38,0.00,0.00,0,35,0,N/A,N/A,N/A,profit=4.60 commission=0.00 swap=0.00 fee=0.00
E900,2026.07.31 14:11:26.334,2.10-ROBUST-FINAL,XAUUSD!,Opogroup-Server1,MVP_SIMPLE_EXPLICIT_ROBUST,b-20/b-23/b-26/b-29,POSITION_CLOSED,R21&R22,TREND_UP,PB-S,,,BO#04,0.00,4058.38,0.00,0.00,0,35,34,24.00,2.00,2.00,position_net=4.60 daily_net=10.09 R0=5.00000 max_r_stage=3 stacked_pullback=false reversal_ordinal=0
E901,2026.07.31 14:15:00.470,2.10-ROBUST-FINAL,XAUUSD!,Opogroup-Server1,MVP_SIMPLE_EXPLICIT_ROBUST,a-1/a-2/a-3,CANDLE_CLASSIFIED,,TREND_UP,,,,,4054.60,4057.02,4052.19,4059.41,0,0,0,N/A,N/A,N/A,bar=2026.07.31 14:00 class=BULLISH
E902,2026.07.31 14:15:00.470,2.10-ROBUST-FINAL,XAUUSD!,Opogroup-Server1,MVP_SIMPLE_EXPLICIT_ROBUST,trend-1,TREND_REFERENCE_UPDATED,,TREND_UP,,,,,4052.19,4059.41,0.00,0.00,0,0,0,N/A,N/A,N/A,High[1..3]/Low[1..3]
E903,2026.07.31 14:30:00.014,2.10-ROBUST-FINAL,XAUUSD!,Opogroup-Server1,MVP_SIMPLE_EXPLICIT_ROBUST,a-1/a-2/a-3,CANDLE_CLASSIFIED,,TREND_UP,,,,,4057.03,4058.48,4054.17,4061.04,0,0,0,N/A,N/A,N/A,bar=2026.07.31 14:15 class=BULLISH
E904,2026.07.31 14:30:00.014,2.10-ROBUST-FINAL,XAUUSD!,Opogroup-Server1,MVP_SIMPLE_EXPLICIT_ROBUST,trend-1,TREND_REFERENCE_UPDATED,,TREND_UP,,,,,4052.19,4061.04,0.00,0.00,0,0,0,N/A,N/A,N/A,High[1..3]/Low[1..3]
E905,2026.07.31 14:40:32.812,2.10-ROBUST-FINAL,XAUUSD!,Opogroup-Server1,MVP_SIMPLE_EXPLICIT_ROBUST,trend-1,TREND_STATE_CHANGED,,TREND_DOWN,,,,,4052.18,0.00,4052.19,4061.04,0,0,0,N/A,N/A,N/A,TREND_UP -> TREND_DOWN
E906,2026.07.31 14:45:00.198,2.10-ROBUST-FINAL,XAUUSD!,Opogroup-Server1,MVP_SIMPLE_EXPLICIT_ROBUST,a-1/a-2/a-3,CANDLE_CLASSIFIED,,TREND_DOWN,,,,,4058.49,4052.07,4050.72,4058.74,0,0,0,N/A,N/A,N/A,bar=2026.07.31 14:30 class=BEARISH
E907,2026.07.31 14:45:00.198,2.10-ROBUST-FINAL,XAUUSD!,Opogroup-Server1,MVP_SIMPLE_EXPLICIT_ROBUST,trend-1,TREND_REFERENCE_UPDATED,,TREND_DOWN,,,,,4050.72,4061.04,0.00,0.00,0,0,0,N/A,N/A,N/A,High[1..3]/Low[1..3]
E908,2026.07.31 15:00:00.001,2.10-ROBUST-FINAL,XAUUSD!,Opogroup-Server1,MVP_SIMPLE_EXPLICIT_ROBUST,a-1/a-2/a-3,CANDLE_CLASSIFIED,,TREND_DOWN,,,,,4052.05,4053.83,4051.26,4055.37,0,0,0,N/A,N/A,N/A,bar=2026.07.31 14:45 class=BULLISH
E909,2026.07.31 15:00:00.001,2.10-ROBUST-FINAL,XAUUSD!,Opogroup-Server1,MVP_SIMPLE_EXPLICIT_ROBUST,trend-1,TREND_REFERENCE_UPDATED,,TREND_DOWN,,,,,4050.72,4061.04,0.00,0.00,0,0,0,N/A,N/A,N/A,High[1..3]/Low[1..3]
E910,2026.07.31 15:15:00.111,2.10-ROBUST-FINAL,XAUUSD!,Opogroup-Server1,MVP_SIMPLE_EXPLICIT_ROBUST,a-1/a-2/a-3,CANDLE_CLASSIFIED,,TREND_DOWN,,,,,4053.75,4058.85,4052.48,4059.35,0,0,0,N/A,N/A,N/A,bar=2026.07.31 15:00 class=BULLISH
E911,2026.07.31 15:15:00.111,2.10-ROBUST-FINAL,XAUUSD!,Opogroup-Server1,MVP_SIMPLE_EXPLICIT_ROBUST,trend-1,TREND_REFERENCE_UPDATED,,TREND_DOWN,,,,,4050.72,4059.35,0.00,0.00,0,0,0,N/A,N/A,N/A,High[1..3]/Low[1..3]
E912,2026.07.31 15:30:00.281,2.10-ROBUST-FINAL,XAUUSD!,Opogroup-Server1,MVP_SIMPLE_EXPLICIT_ROBUST,a-1/a-2/a-3,CANDLE_CLASSIFIED,,TREND_DOWN,,,,,4058.91,4047.30,4047.10,4059.30,0,0,0,N/A,N/A,N/A,bar=2026.07.31 15:15 class=BEARISH
E913,2026.07.31 15:30:00.281,2.10-ROBUST-FINAL,XAUUSD!,Opogroup-Server1,MVP_SIMPLE_EXPLICIT_ROBUST,trend-1,TREND_REFERENCE_UPDATED,,TREND_DOWN,,,,,4047.10,4059.35,0.00,0.00,0,0,0,N/A,N/A,N/A,High[1..3]/Low[1..3]
E914,2026.07.31 15:45:00.145,2.10-ROBUST-FINAL,XAUUSD!,Opogroup-Server1,MVP_SIMPLE_EXPLICIT_ROBUST,a-1/a-2/a-3,CANDLE_CLASSIFIED,,TREND_DOWN,,,,,4047.12,4043.96,4042.50,4051.58,0,0,0,N/A,N/A,N/A,bar=2026.07.31 15:30 class=BEARISH
E915,2026.07.31 15:45:00.145,2.10-ROBUST-FINAL,XAUUSD!,Opogroup-Server1,MVP_SIMPLE_EXPLICIT_ROBUST,trend-1,TREND_REFERENCE_UPDATED,,TREND_DOWN,,,,,4042.50,4059.35,0.00,0.00,0,0,0,N/A,N/A,N/A,High[1..3]/Low[1..3]
E916,2026.07.31 16:00:00.003,2.10-ROBUST-FINAL,XAUUSD!,Opogroup-Server1,MVP_SIMPLE_EXPLICIT_ROBUST,a-1/a-2/a-3,CANDLE_CLASSIFIED,,TREND_DOWN,,,,,4043.95,4041.33,4040.23,4046.32,0,0,0,N/A,N/A,N/A,bar=2026.07.31 15:45 class=BEARISH
E917,2026.07.31 16:00:00.003,2.10-ROBUST-FINAL,XAUUSD!,Opogroup-Server1,MVP_SIMPLE_EXPLICIT_ROBUST,trend-1,TREND_REFERENCE_UPDATED,,TREND_DOWN,,,,,4040.23,4059.30,0.00,0.00,0,0,0,N/A,N/A,N/A,High[1..3]/Low[1..3]
E918,2026.07.31 16:00:11.440,2.10-ROBUST-FINAL,XAUUSD!,Opogroup-Server1,MVP_SIMPLE_EXPLICIT_ROBUST,b-3,ZONE_ENGAGED,R20,TREND_DOWN,,,,,4038.96,0.00,0.00,0.00,0,0,0,3.00,24.00,3.00,entered/crossed zone from above
E919,2026.07.31 16:00:11.440,2.10-ROBUST-FINAL,XAUUSD!,Opogroup-Server1,MVP_SIMPLE_EXPLICIT_ROBUST,trend-2/b-31,ZONE_TOUCH_DIRECTION_CONFIRMED,R20,TREND_DOWN,R-B,Market,,,4038.96,0.00,0.00,0.00,0,0,0,3.00,24.00,3.00,first valid R-B touch for this M15+zone+direction
E920,2026.07.31 16:00:11.440,2.10-ROBUST-FINAL,XAUUSD!,Opogroup-Server1,MVP_SIMPLE_EXPLICIT_ROBUST,b-29/b-30,RISK_MODEL_READY,R20,TREND_DOWN,BUY,,,,4039.18,0.00,4035.00,4063.00,0,0,0,3.00,24.00,3.00,R_CAP=6.00 R0=4.18000 target_zone=R21&R22
E921,2026.07.31 16:00:11.440,2.10-ROBUST-FINAL,XAUUSD!,Opogroup-Server1,MVP_SIMPLE_EXPLICIT_ROBUST,AR-RISK-01,PORTFOLIO_RISK_PRECHECK,R20,TREND_DOWN,R-B,Market,,,4039.18,0.00,4035.00,0.00,0,0,0,3.00,24.00,3.00,mode=GROSS_DAILY pct=30.00 budget=3000.00 realized=12.03 open=0.00 pending=0.00 used=12.03 remaining=2987.97 new=4.18 allowed=true
E922,2026.07.31 16:00:11.440,2.10-ROBUST-FINAL,XAUUSD!,Opogroup-Server1,MVP_SIMPLE_EXPLICIT_ROBUST,b-1/b-11/b-29/b-30,REVERSAL_SIGNAL,R20,TREND_DOWN,R-B,Market,,,4039.18,0.00,4035.00,4063.00,0,0,0,3.00,24.00,3.00,reversal_ordinal=1/1 directional touch + trend valid; R0=4.18000 target=R21&R22
E923,2026.07.31 16:00:11.440,2.10-ROBUST-FINAL,XAUUSD!,Opogroup-Server1,MVP_SIMPLE_EXPLICIT_ROBUST,MVP-RISK/TEST-HARNESS,MARGIN_PRECHECK,R20,TREND_DOWN,R-B,Telemetry,,,4039.18,0.00,0.00,0.00,0,0,0,3.00,24.00,3.00,lot=0.0100 required_new_margin=20.20 account_margin=0.00 free_margin=10077.13 margin_level=0.00
E924,2026.07.31 16:00:11.440,2.10-ROBUST-FINAL,XAUUSD!,Opogroup-Server1,MVP_SIMPLE_EXPLICIT_ROBUST,b-20,DEAL_COSTS_RECORDED,,TREND_DOWN,,,,,0.00,4039.18,0.00,0.00,0,36,36,N/A,N/A,N/A,profit=0.00 commission=0.00 swap=0.00 fee=0.00
E925,2026.07.31 16:00:11.440,2.10-ROBUST-FINAL,XAUUSD!,Opogroup-Server1,MVP_SIMPLE_EXPLICIT_ROBUST,b-1/b-26/b-29,ORDER_FILLED,R20,TREND_DOWN,R-B,Market,,,4039.18,4039.18,4035.00,4063.00,36,36,36,3.00,24.00,3.00,native fill; reversal_ordinal=1 R0=4.18000 target=R21&R22
E926,2026.07.31 16:00:11.440,2.10-ROBUST-FINAL,XAUUSD!,Opogroup-Server1,MVP_SIMPLE_EXPLICIT_ROBUST,MVP-RISK/TEST-HARNESS,MARGIN_POST_FILL,R20,TREND_DOWN,R-B,Telemetry,,,0.00,0.00,0.00,0.00,0,0,36,3.00,24.00,3.00,lot=0.0100 account_margin=20.20 free_margin=10056.71 margin_level=49885.69
E927,2026.07.31 16:00:11.440,2.10-ROBUST-FINAL,XAUUSD!,Opogroup-Server1,MVP_SIMPLE_EXPLICIT_ROBUST,AR-RISK-01,PORTFOLIO_RISK_POST_FILL,R20,TREND_DOWN,R-B,PostFill,,,0.00,0.00,0.00,0.00,0,0,0,3.00,24.00,3.00,mode=GROSS_DAILY pct=30.00 budget=3000.00 realized=12.03 open=4.18 pending=0.00 used=16.21 overflow=false
E928,2026.07.31 16:00:24.713,2.10-ROBUST-FINAL,XAUUSD!,Opogroup-Server1,MVP_SIMPLE_EXPLICIT_ROBUST,b-3,ZONE_ENGAGED,R20,TREND_DOWN,,,,,4038.03,0.00,0.00,0.00,0,0,0,3.00,24.00,3.00,entered/crossed zone from below
E929,2026.07.31 16:11:44.638,2.10-ROBUST-FINAL,XAUUSD!,Opogroup-Server1,MVP_SIMPLE_EXPLICIT_ROBUST,b-3,ZONE_ENGAGED,R19,TREND_DOWN,,,,,4034.82,0.00,0.00,0.00,0,0,0,22.00,3.00,3.00,entered/crossed zone from above
E930,2026.07.31 16:11:44.638,2.10-ROBUST-FINAL,XAUUSD!,Opogroup-Server1,MVP_SIMPLE_EXPLICIT_ROBUST,trend-2/b-31,ZONE_TOUCH_DIRECTION_CONFIRMED,R19,TREND_DOWN,R-B,Market,,,4034.82,0.00,0.00,0.00,0,0,0,22.00,3.00,3.00,first valid R-B touch for this M15+zone+direction
E931,2026.07.31 16:11:44.638,2.10-ROBUST-FINAL,XAUUSD!,Opogroup-Server1,MVP_SIMPLE_EXPLICIT_ROBUST,b-29/b-30,RISK_MODEL_READY,R19,TREND_DOWN,BUY,,,,4035.04,0.00,4029.04,4063.00,0,0,0,22.00,3.00,3.00,R_CAP=6.00 R0=6.00000 target_zone=R21&R22
E932,2026.07.31 16:11:44.638,2.10-ROBUST-FINAL,XAUUSD!,Opogroup-Server1,MVP_SIMPLE_EXPLICIT_ROBUST,AR-RISK-01,PORTFOLIO_RISK_PRECHECK,R19,TREND_DOWN,R-B,Market,,,4035.04,0.00,4029.04,0.00,0,0,0,22.00,3.00,3.00,mode=GROSS_DAILY pct=30.00 budget=3000.00 realized=12.03 open=0.00 pending=0.00 used=12.03 remaining=2987.97 new=6.00 allowed=true
E933,2026.07.31 16:11:44.638,2.10-ROBUST-FINAL,XAUUSD!,Opogroup-Server1,MVP_SIMPLE_EXPLICIT_ROBUST,b-1/b-11/b-29/b-30,REVERSAL_SIGNAL,R19,TREND_DOWN,R-B,Market,,,4035.04,0.00,4029.04,4063.00,0,0,0,22.00,3.00,3.00,reversal_ordinal=1/1 directional touch + trend valid; R0=6.00000 target=R21&R22
E934,2026.07.31 16:11:44.638,2.10-ROBUST-FINAL,XAUUSD!,Opogroup-Server1,MVP_SIMPLE_EXPLICIT_ROBUST,MVP-RISK/TEST-HARNESS,MARGIN_PRECHECK,R19,TREND_DOWN,R-B,Telemetry,,,4035.04,0.00,0.00,0.00,0,0,0,22.00,3.00,3.00,lot=0.0100 required_new_margin=20.18 account_margin=0.00 free_margin=10072.77 margin_level=0.00
E935,2026.07.31 16:11:44.638,2.10-ROBUST-FINAL,XAUUSD!,Opogroup-Server1,MVP_SIMPLE_EXPLICIT_ROBUST,b-20,DEAL_COSTS_RECORDED,,TREND_DOWN,,,,,0.00,4034.82,0.00,0.00,0,37,0,N/A,N/A,N/A,profit=-4.36 commission=0.00 swap=0.00 fee=0.00
E936,2026.07.31 16:11:44.638,2.10-ROBUST-FINAL,XAUUSD!,Opogroup-Server1,MVP_SIMPLE_EXPLICIT_ROBUST,TEST-HIGH-R/b-24/b-26,ZONE_CONSUMED,R20,TREND_DOWN,R,,,,0.00,0.00,0.00,0.00,0,0,0,3.00,24.00,3.00,reversal daily max reached; executed=1 allowed=1
E937,2026.07.31 16:11:44.638,2.10-ROBUST-FINAL,XAUUSD!,Opogroup-Server1,MVP_SIMPLE_EXPLICIT_ROBUST,b-20/b-23/b-26/b-29,POSITION_CLOSED,R20,TREND_DOWN,R-B,,,,0.00,4034.82,0.00,0.00,0,37,36,3.00,24.00,3.00,position_net=-4.36 daily_net=5.73 R0=4.18000 max_r_stage=0 stacked_pullback=false reversal_ordinal=1
E938,2026.07.31 16:11:44.638,2.10-ROBUST-FINAL,XAUUSD!,Opogroup-Server1,MVP_SIMPLE_EXPLICIT_ROBUST,b-20,DEAL_COSTS_RECORDED,,TREND_DOWN,,,,,0.00,4035.04,0.00,0.00,0,38,38,N/A,N/A,N/A,profit=0.00 commission=0.00 swap=0.00 fee=0.00
E939,2026.07.31 16:11:44.638,2.10-ROBUST-FINAL,XAUUSD!,Opogroup-Server1,MVP_SIMPLE_EXPLICIT_ROBUST,b-1/b-26/b-29,ORDER_FILLED,R19,TREND_DOWN,R-B,Market,,,4035.04,4035.04,4029.04,4063.00,38,38,38,22.00,3.00,3.00,native fill; reversal_ordinal=1 R0=6.00000 target=R21&R22
E940,2026.07.31 16:11:44.638,2.10-ROBUST-FINAL,XAUUSD!,Opogroup-Server1,MVP_SIMPLE_EXPLICIT_ROBUST,MVP-RISK/TEST-HARNESS,MARGIN_POST_FILL,R19,TREND_DOWN,R-B,Telemetry,,,0.00,0.00,0.00,0.00,0,0,38,22.00,3.00,3.00,lot=0.0100 account_margin=20.18 free_margin=10052.37 margin_level=49913.53
E941,2026.07.31 16:11:44.638,2.10-ROBUST-FINAL,XAUUSD!,Opogroup-Server1,MVP_SIMPLE_EXPLICIT_ROBUST,AR-RISK-01,PORTFOLIO_RISK_POST_FILL,R19,TREND_DOWN,R-B,PostFill,,,0.00,0.00,0.00,0.00,0,0,0,22.00,3.00,3.00,mode=GROSS_DAILY pct=30.00 budget=3000.00 realized=16.39 open=6.00 pending=0.00 used=22.39 overflow=false
E942,2026.07.31 16:15:00.053,2.10-ROBUST-FINAL,XAUUSD!,Opogroup-Server1,MVP_SIMPLE_EXPLICIT_ROBUST,a-1/a-2/a-3,CANDLE_CLASSIFIED,,TREND_DOWN,,,,,4041.39,4036.23,4034.59,4042.66,0,0,0,N/A,N/A,N/A,bar=2026.07.31 16:00 class=BEARISH
E943,2026.07.31 16:15:00.053,2.10-ROBUST-FINAL,XAUUSD!,Opogroup-Server1,MVP_SIMPLE_EXPLICIT_ROBUST,b-3/b-4/trend-1,BREAKOUT_SIGNAL,R20,TREND_DOWN,BO-S,Close,BO#05,,4036.23,0.00,0.00,0.00,0,0,0,3.00,24.00,3.00,BO#05; ZONE_ENGAGED + buffered close + trend snapshot
E944,2026.07.31 16:15:00.053,2.10-ROBUST-FINAL,XAUUSD!,Opogroup-Server1,MVP_SIMPLE_EXPLICIT_ROBUST,trend-1,TREND_REFERENCE_UPDATED,,TREND_DOWN,,,,,4034.59,4051.58,0.00,0.00,0,0,0,N/A,N/A,N/A,High[1..3]/Low[1..3]
E945,2026.07.31 16:17:15.489,2.10-ROBUST-FINAL,XAUUSD!,Opogroup-Server1,MVP_SIMPLE_EXPLICIT_ROBUST,b-3,ZONE_ENGAGED,R20,TREND_DOWN,,,,,4038.01,0.00,0.00,0.00,0,0,0,3.00,24.00,3.00,entered/crossed zone from below
E946,2026.07.31 16:22:12.617,2.10-ROBUST-FINAL,XAUUSD!,Opogroup-Server1,MVP_SIMPLE_EXPLICIT_ROBUST,b-29,R_STAGE_CHANGED,R19,TREND_DOWN,R,,,,4035.04,0.00,0.00,4063.00,0,0,38,22.00,3.00,3.00,stage=1 >=1R risk-zero eligible
E947,2026.07.31 16:22:12.617,2.10-ROBUST-FINAL,XAUUSD!,Opogroup-Server1,MVP_SIMPLE_EXPLICIT_ROBUST,b-29,SL_MOVE_REQUESTED,R19,TREND_DOWN,R,ModifySL,,,0.00,0.00,4035.04,4063.00,0,0,38,22.00,3.00,3.00,stage=1 BE actual_fill + known_native_costs=-0.00
E948,2026.07.31 16:22:12.617,2.10-ROBUST-FINAL,XAUUSD!,Opogroup-Server1,MVP_SIMPLE_EXPLICIT_ROBUST,b-29,SL_MOVE_CONFIRMED,R19,TREND_DOWN,R,ModifySL,,,0.00,0.00,4035.04,4063.00,0,0,38,22.00,3.00,3.00,stage=1 BE actual_fill + known_native_costs=-0.00
E949,2026.07.31 16:22:16.510,2.10-ROBUST-FINAL,XAUUSD!,Opogroup-Server1,MVP_SIMPLE_EXPLICIT_ROBUST,b-29,R_STAGE_CHANGED,R19,TREND_DOWN,R,,,,4035.04,0.00,0.00,4063.00,0,0,38,22.00,3.00,3.00,stage=2 >=1.5R lock +0.5R
E950,2026.07.31 16:22:16.510,2.10-ROBUST-FINAL,XAUUSD!,Opogroup-Server1,MVP_SIMPLE_EXPLICIT_ROBUST,b-29,SL_MOVE_REQUESTED,R19,TREND_DOWN,R,ModifySL,,,0.00,0.00,4038.04,4063.00,0,0,38,22.00,3.00,3.00,stage=2 lock +0.5R
E951,2026.07.31 16:22:16.510,2.10-ROBUST-FINAL,XAUUSD!,Opogroup-Server1,MVP_SIMPLE_EXPLICIT_ROBUST,b-29,SL_MOVE_CONFIRMED,R19,TREND_DOWN,R,ModifySL,,,0.00,0.00,4038.04,4063.00,0,0,38,22.00,3.00,3.00,stage=2 lock +0.5R
E952,2026.07.31 16:30:00.006,2.10-ROBUST-FINAL,XAUUSD!,Opogroup-Server1,MVP_SIMPLE_EXPLICIT_ROBUST,a-1/a-2/a-3,CANDLE_CLASSIFIED,,TREND_DOWN,,,,,4036.22,4042.33,4035.58,4046.89,0,0,0,N/A,N/A,N/A,bar=2026.07.31 16:15 class=BULLISH
E953,2026.07.31 16:30:00.006,2.10-ROBUST-FINAL,XAUUSD!,Opogroup-Server1,MVP_SIMPLE_EXPLICIT_ROBUST,trend-1,TREND_REFERENCE_UPDATED,,TREND_DOWN,,,,,4034.59,4046.89,0.00,0.00,0,0,0,N/A,N/A,N/A,High[1..3]/Low[1..3]
E954,2026.07.31 16:31:00.033,2.10-ROBUST-FINAL,XAUUSD!,Opogroup-Server1,MVP_SIMPLE_EXPLICIT_ROBUST,b-3,ZONE_ENGAGED,R20,TREND_DOWN,,,,,4038.95,0.00,0.00,0.00,0,0,0,3.00,24.00,3.00,entered/crossed zone from above
E955,2026.07.31 16:31:00.033,2.10-ROBUST-FINAL,XAUUSD!,Opogroup-Server1,MVP_SIMPLE_EXPLICIT_ROBUST,trend-2/b-31,ZONE_TOUCH_DIRECTION_CONFIRMED,R20,TREND_DOWN,R-B,Market,,,4038.95,0.00,0.00,0.00,0,0,0,3.00,24.00,3.00,first valid R-B touch for this M15+zone+direction
E956,2026.07.31 16:31:00.033,2.10-ROBUST-FINAL,XAUUSD!,Opogroup-Server1,MVP_SIMPLE_EXPLICIT_ROBUST,TEST-HIGH-R/b-24,ZONE_USAGE_BLOCKED,R20,TREND_DOWN,R,Market,,,0.00,0.00,0.00,0.00,0,0,0,3.00,24.00,3.00,daily reversal max reached: allowed=1 executed=1
E957,2026.07.31 16:31:22.463,2.10-ROBUST-FINAL,XAUUSD!,Opogroup-Server1,MVP_SIMPLE_EXPLICIT_ROBUST,b-20,DEAL_COSTS_RECORDED,,TREND_DOWN,,,,,0.00,4037.92,0.00,0.00,0,39,0,N/A,N/A,N/A,profit=2.88 commission=0.00 swap=0.00 fee=0.00
E958,2026.07.31 16:31:22.463,2.10-ROBUST-FINAL,XAUUSD!,Opogroup-Server1,MVP_SIMPLE_EXPLICIT_ROBUST,TEST-HIGH-R/b-24/b-26,ZONE_CONSUMED,R19,TREND_DOWN,R,,,,0.00,0.00,0.00,0.00,0,0,0,22.00,3.00,3.00,reversal daily max reached; executed=1 allowed=1
E959,2026.07.31 16:31:22.463,2.10-ROBUST-FINAL,XAUUSD!,Opogroup-Server1,MVP_SIMPLE_EXPLICIT_ROBUST,b-20/b-23/b-26/b-29,POSITION_CLOSED,R19,TREND_DOWN,R-B,,,,0.00,4037.92,0.00,0.00,0,39,38,22.00,3.00,3.00,position_net=2.88 daily_net=8.61 R0=6.00000 max_r_stage=2 stacked_pullback=false reversal_ordinal=1
E960,2026.07.31 16:31:34.170,2.10-ROBUST-FINAL,XAUUSD!,Opogroup-Server1,MVP_SIMPLE_EXPLICIT_ROBUST,b-3,ZONE_ENGAGED,R20,TREND_DOWN,,,,,4038.07,0.00,0.00,0.00,0,0,0,3.00,24.00,3.00,entered/crossed zone from below
E961,2026.07.31 16:35:00.043,2.10-ROBUST-FINAL,XAUUSD!,Opogroup-Server1,MVP_SIMPLE_EXPLICIT_ROBUST,b-3,ZONE_ENGAGED,R19,TREND_DOWN,,,,,4034.97,0.00,0.00,0.00,0,0,0,22.00,3.00,3.00,entered/crossed zone from above
E962,2026.07.31 16:35:00.043,2.10-ROBUST-FINAL,XAUUSD!,Opogroup-Server1,MVP_SIMPLE_EXPLICIT_ROBUST,trend-2/b-31,ZONE_TOUCH_DIRECTION_CONFIRMED,R19,TREND_DOWN,R-B,Market,,,4034.97,0.00,0.00,0.00,0,0,0,22.00,3.00,3.00,first valid R-B touch for this M15+zone+direction
E963,2026.07.31 16:35:00.043,2.10-ROBUST-FINAL,XAUUSD!,Opogroup-Server1,MVP_SIMPLE_EXPLICIT_ROBUST,TEST-HIGH-R/b-24,ZONE_USAGE_BLOCKED,R19,TREND_DOWN,R,Market,,,0.00,0.00,0.00,0.00,0,0,0,22.00,3.00,3.00,daily reversal max reached: allowed=1 executed=1
E964,2026.07.31 16:36:14.022,2.10-ROBUST-FINAL,XAUUSD!,Opogroup-Server1,MVP_SIMPLE_EXPLICIT_ROBUST,b-3,ZONE_ENGAGED,R19,TREND_DOWN,,,,,4032.00,0.00,0.00,0.00,0,0,0,22.00,3.00,3.00,entered/crossed zone from below
E965,2026.07.31 16:45:00.028,2.10-ROBUST-FINAL,XAUUSD!,Opogroup-Server1,MVP_SIMPLE_EXPLICIT_ROBUST,a-1/a-2/a-3,CANDLE_CLASSIFIED,,TREND_DOWN,,,,,4042.39,4025.67,4022.37,4043.83,0,0,0,N/A,N/A,N/A,bar=2026.07.31 16:30 class=BEARISH
E966,2026.07.31 16:45:00.028,2.10-ROBUST-FINAL,XAUUSD!,Opogroup-Server1,MVP_SIMPLE_EXPLICIT_ROBUST,b-3/b-4/trend-1,BREAKOUT_SIGNAL,R19,TREND_DOWN,BO-S,Close,BO#06,,4025.67,0.00,0.00,0.00,0,0,0,22.00,3.00,3.00,BO#06; ZONE_ENGAGED + buffered close + trend snapshot
E967,2026.07.31 16:45:00.028,2.10-ROBUST-FINAL,XAUUSD!,Opogroup-Server1,MVP_SIMPLE_EXPLICIT_ROBUST,b-8/b-25,PULLBACK_CYCLE_CREATED,R19,TREND_DOWN,PB-S,Stop,,BO#06,0.00,0.00,0.00,0.00,0,0,0,22.00,3.00,3.00,valid t+1..t+5 window; pullback does not consume zone in v9
E968,2026.07.31 16:45:00.028,2.10-ROBUST-FINAL,XAUUSD!,Opogroup-Server1,MVP_SIMPLE_EXPLICIT_ROBUST,b-3/b-4/trend-1,BREAKOUT_SIGNAL,R20,TREND_DOWN,BO-S,Close,BO#07,,4025.67,0.00,0.00,0.00,0,0,0,3.00,24.00,3.00,BO#07; ZONE_ENGAGED + buffered close + trend snapshot
E969,2026.07.31 16:45:00.028,2.10-ROBUST-FINAL,XAUUSD!,Opogroup-Server1,MVP_SIMPLE_EXPLICIT_ROBUST,trend-1,TREND_REFERENCE_UPDATED,,TREND_DOWN,,,,,4022.37,4046.89,0.00,0.00,0,0,0,N/A,N/A,N/A,High[1..3]/Low[1..3]
E970,2026.07.31 16:57:08.607,2.10-ROBUST-FINAL,XAUUSD!,Opogroup-Server1,MVP_SIMPLE_EXPLICIT_ROBUST,b-3,ZONE_ENGAGED,R19,TREND_DOWN,,,,,4032.00,0.00,0.00,0.00,0,0,0,22.00,3.00,3.00,entered/crossed zone from below
E971,2026.07.31 17:00:00.046,2.10-ROBUST-FINAL,XAUUSD!,Opogroup-Server1,MVP_SIMPLE_EXPLICIT_ROBUST,a-1/a-2/a-3,CANDLE_CLASSIFIED,,TREND_DOWN,,,,,4025.65,4025.63,4022.01,4032.07,0,0,0,N/A,N/A,N/A,bar=2026.07.31 16:45 class=BEARISH
E972,2026.07.31 17:00:00.046,2.10-ROBUST-FINAL,XAUUSD!,Opogroup-Server1,MVP_SIMPLE_EXPLICIT_ROBUST,trend-1,TREND_REFERENCE_UPDATED,,TREND_DOWN,,,,,4022.01,4046.89,0.00,0.00,0,0,0,N/A,N/A,N/A,High[1..3]/Low[1..3]
E973,2026.07.31 17:01:47.740,2.10-ROBUST-FINAL,XAUUSD!,Opogroup-Server1,MVP_SIMPLE_EXPLICIT_ROBUST,b-3,ZONE_ENGAGED,R19,TREND_DOWN,,,,,4032.23,0.00,0.00,0.00,0,0,0,22.00,3.00,3.00,entered/crossed zone from below
E974,2026.07.31 17:01:47.740,2.10-ROBUST-FINAL,XAUUSD!,Opogroup-Server1,MVP_SIMPLE_EXPLICIT_ROBUST,b-8,PULLBACK_PENETRATION_LATCHED,R19,TREND_DOWN,PB-S,Stop,,BO#06,4032.23,0.00,0.00,0.00,0,0,0,22.00,3.00,3.00,no maximum penetration in S1; first tick t+1 valid
E975,2026.07.31 17:01:47.740,2.10-ROBUST-FINAL,XAUUSD!,Opogroup-Server1,MVP_SIMPLE_EXPLICIT_ROBUST,b-29/b-30,RISK_MODEL_READY,R19,TREND_DOWN,SELL,,,,4032.00,0.00,4038.00,4010.00,0,0,0,22.00,3.00,3.00,R_CAP=6.00 R0=6.00000 target_zone=R17&R18
E976,2026.07.31 17:01:47.740,2.10-ROBUST-FINAL,XAUUSD!,Opogroup-Server1,MVP_SIMPLE_EXPLICIT_ROBUST,AR-RISK-01,PORTFOLIO_RISK_PRECHECK,R19,TREND_DOWN,PB-S,Stop,,BO#06,4032.00,0.00,4038.00,0.00,0,0,0,22.00,3.00,3.00,mode=GROSS_DAILY pct=30.00 budget=3000.00 realized=16.39 open=0.00 pending=0.00 used=16.39 remaining=2983.61 new=6.00 allowed=true
E977,2026.07.31 17:01:47.740,2.10-ROBUST-FINAL,XAUUSD!,Opogroup-Server1,MVP_SIMPLE_EXPLICIT_ROBUST,MVP-RISK/TEST-HARNESS,MARGIN_PRECHECK,R19,TREND_DOWN,PB-S,Telemetry,,BO#06,4032.00,0.00,0.00,0.00,0,0,0,22.00,3.00,3.00,lot=0.0100 required_new_margin=20.16 account_margin=0.00 free_margin=10075.65 margin_level=0.00
E978,2026.07.31 17:01:47.740,2.10-ROBUST-FINAL,XAUUSD!,Opogroup-Server1,MVP_SIMPLE_EXPLICIT_ROBUST,b-8/b-11/b-29/b-30,PENDING_PLACED,R19,TREND_DOWN,PB-S,Stop,,BO#06,4032.00,0.00,4038.00,4010.00,40,0,0,22.00,3.00,3.00,exact zone edge; native MT5 activation; R0=6.00000 target=R17&R18
E979,2026.07.31 17:01:49.022,2.10-ROBUST-FINAL,XAUUSD!,Opogroup-Server1,MVP_SIMPLE_EXPLICIT_ROBUST,b-20,DEAL_COSTS_RECORDED,,TREND_DOWN,,,,,0.00,4031.99,0.00,0.00,0,40,40,N/A,N/A,N/A,profit=0.00 commission=0.00 swap=0.00 fee=0.00
E980,2026.07.31 17:01:49.022,2.10-ROBUST-FINAL,XAUUSD!,Opogroup-Server1,MVP_SIMPLE_EXPLICIT_ROBUST,b-8/b-25/b-29,ORDER_FILLED,R19,TREND_DOWN,PB-S,Stop,,BO#06,4032.00,4031.99,4038.00,4010.00,40,40,40,22.00,3.00,3.00,native fill; R0=6.00000 target=R17&R18
E981,2026.07.31 17:01:49.022,2.10-ROBUST-FINAL,XAUUSD!,Opogroup-Server1,MVP_SIMPLE_EXPLICIT_ROBUST,MVP-RISK/TEST-HARNESS,MARGIN_POST_FILL,R19,TREND_DOWN,PB-S,Telemetry,,BO#06,0.00,0.00,0.00,0.00,0,0,40,22.00,3.00,3.00,lot=0.0100 account_margin=20.16 free_margin=10055.27 margin_level=49977.33
E982,2026.07.31 17:01:49.022,2.10-ROBUST-FINAL,XAUUSD!,Opogroup-Server1,MVP_SIMPLE_EXPLICIT_ROBUST,AR-RISK-01,PORTFOLIO_RISK_POST_FILL,R19,TREND_DOWN,PB-S,PostFill,,BO#06,0.00,0.00,0.00,0.00,0,0,0,22.00,3.00,3.00,mode=GROSS_DAILY pct=30.00 budget=3000.00 realized=16.39 open=6.01 pending=0.00 used=22.40 overflow=false
E983,2026.07.31 17:07:39.517,2.10-ROBUST-FINAL,XAUUSD!,Opogroup-Server1,MVP_SIMPLE_EXPLICIT_ROBUST,b-29,R_STAGE_CHANGED,R19,TREND_DOWN,P,,,,4032.00,0.00,0.00,4010.00,0,0,40,22.00,3.00,3.00,stage=1 >=1R risk-zero eligible
E984,2026.07.31 17:07:39.517,2.10-ROBUST-FINAL,XAUUSD!,Opogroup-Server1,MVP_SIMPLE_EXPLICIT_ROBUST,b-29,SL_MOVE_REQUESTED,R19,TREND_DOWN,P,ModifySL,,,0.00,0.00,4031.99,4010.00,0,0,40,22.00,3.00,3.00,stage=1 BE actual_fill + known_native_costs=-0.00
E985,2026.07.31 17:07:39.517,2.10-ROBUST-FINAL,XAUUSD!,Opogroup-Server1,MVP_SIMPLE_EXPLICIT_ROBUST,b-29,SL_MOVE_CONFIRMED,R19,TREND_DOWN,P,ModifySL,,,0.00,0.00,4031.99,4010.00,0,0,40,22.00,3.00,3.00,stage=1 BE actual_fill + known_native_costs=-0.00
E986,2026.07.31 17:08:22.767,2.10-ROBUST-FINAL,XAUUSD!,Opogroup-Server1,MVP_SIMPLE_EXPLICIT_ROBUST,b-29,R_STAGE_CHANGED,R19,TREND_DOWN,P,,,,4032.00,0.00,0.00,4010.00,0,0,40,22.00,3.00,3.00,stage=2 >=1.5R lock +0.5R
E987,2026.07.31 17:08:22.767,2.10-ROBUST-FINAL,XAUUSD!,Opogroup-Server1,MVP_SIMPLE_EXPLICIT_ROBUST,b-29,SL_MOVE_REQUESTED,R19,TREND_DOWN,P,ModifySL,,,0.00,0.00,4029.00,4010.00,0,0,40,22.00,3.00,3.00,stage=2 lock +0.5R
E988,2026.07.31 17:08:22.767,2.10-ROBUST-FINAL,XAUUSD!,Opogroup-Server1,MVP_SIMPLE_EXPLICIT_ROBUST,b-29,SL_MOVE_CONFIRMED,R19,TREND_DOWN,P,ModifySL,,,0.00,0.00,4029.00,4010.00,0,0,40,22.00,3.00,3.00,stage=2 lock +0.5R
E989,2026.07.31 17:11:41.213,2.10-ROBUST-FINAL,XAUUSD!,Opogroup-Server1,MVP_SIMPLE_EXPLICIT_ROBUST,b-20,DEAL_COSTS_RECORDED,,TREND_DOWN,,,,,0.00,4029.00,0.00,0.00,0,41,0,N/A,N/A,N/A,profit=2.99 commission=0.00 swap=0.00 fee=0.00
E990,2026.07.31 17:11:41.213,2.10-ROBUST-FINAL,XAUUSD!,Opogroup-Server1,MVP_SIMPLE_EXPLICIT_ROBUST,b-20/b-23/b-26/b-29,POSITION_CLOSED,R19,TREND_DOWN,PB-S,,,BO#06,0.00,4029.00,0.00,0.00,0,41,40,22.00,3.00,3.00,position_net=2.99 daily_net=11.60 R0=6.00000 max_r_stage=2 stacked_pullback=false reversal_ordinal=0
E991,2026.07.31 17:15:00.018,2.10-ROBUST-FINAL,XAUUSD!,Opogroup-Server1,MVP_SIMPLE_EXPLICIT_ROBUST,a-1/a-2/a-3,CANDLE_CLASSIFIED,,TREND_DOWN,,,,,4025.58,4031.89,4020.88,4032.48,0,0,0,N/A,N/A,N/A,bar=2026.07.31 17:00 class=BULLISH
E992,2026.07.31 17:15:00.018,2.10-ROBUST-FINAL,XAUUSD!,Opogroup-Server1,MVP_SIMPLE_EXPLICIT_ROBUST,trend-1,TREND_REFERENCE_UPDATED,,TREND_DOWN,,,,,4020.88,4043.83,0.00,0.00,0,0,0,N/A,N/A,N/A,High[1..3]/Low[1..3]
E993,2026.07.31 17:15:00.925,2.10-ROBUST-FINAL,XAUUSD!,Opogroup-Server1,MVP_SIMPLE_EXPLICIT_ROBUST,b-3,ZONE_ENGAGED,R19,TREND_DOWN,,,,,4032.06,0.00,0.00,0.00,0,0,0,22.00,3.00,3.00,entered/crossed zone from below
E994,2026.07.31 17:17:30.884,2.10-ROBUST-FINAL,XAUUSD!,Opogroup-Server1,MVP_SIMPLE_EXPLICIT_ROBUST,b-3,ZONE_ENGAGED,R19,TREND_DOWN,,,,,4034.95,0.00,0.00,0.00,0,0,0,22.00,3.00,3.00,entered/crossed zone from above
E995,2026.07.31 17:17:30.884,2.10-ROBUST-FINAL,XAUUSD!,Opogroup-Server1,MVP_SIMPLE_EXPLICIT_ROBUST,trend-2/b-31,ZONE_TOUCH_DIRECTION_CONFIRMED,R19,TREND_DOWN,R-B,Market,,,4034.95,0.00,0.00,0.00,0,0,0,22.00,3.00,3.00,first valid R-B touch for this M15+zone+direction
E996,2026.07.31 17:17:30.884,2.10-ROBUST-FINAL,XAUUSD!,Opogroup-Server1,MVP_SIMPLE_EXPLICIT_ROBUST,TEST-HIGH-R/b-24,ZONE_USAGE_BLOCKED,R19,TREND_DOWN,R,Market,,,0.00,0.00,0.00,0.00,0,0,0,22.00,3.00,3.00,daily reversal max reached: allowed=1 executed=1
E997,2026.07.31 17:22:22.747,2.10-ROBUST-FINAL,XAUUSD!,Opogroup-Server1,MVP_SIMPLE_EXPLICIT_ROBUST,b-3,ZONE_ENGAGED,R20,TREND_DOWN,,,,,4038.06,0.00,0.00,0.00,0,0,0,3.00,24.00,3.00,entered/crossed zone from below
E998,2026.07.31 17:26:42.904,2.10-ROBUST-FINAL,XAUUSD!,Opogroup-Server1,MVP_SIMPLE_EXPLICIT_ROBUST,b-3,ZONE_ENGAGED,R20,TREND_DOWN,,,,,4038.98,0.00,0.00,0.00,0,0,0,3.00,24.00,3.00,entered/crossed zone from above
E999,2026.07.31 17:26:42.904,2.10-ROBUST-FINAL,XAUUSD!,Opogroup-Server1,MVP_SIMPLE_EXPLICIT_ROBUST,trend-2/b-31,ZONE_TOUCH_DIRECTION_CONFIRMED,R20,TREND_DOWN,R-B,Market,,,4038.98,0.00,0.00,0.00,0,0,0,3.00,24.00,3.00,first valid R-B touch for this M15+zone+direction
E1000,2026.07.31 17:26:42.904,2.10-ROBUST-FINAL,XAUUSD!,Opogroup-Server1,MVP_SIMPLE_EXPLICIT_ROBUST,TEST-HIGH-R/b-24,ZONE_USAGE_BLOCKED,R20,TREND_DOWN,R,Market,,,0.00,0.00,0.00,0.00,0,0,0,3.00,24.00,3.00,daily reversal max reached: allowed=1 executed=1
E1001,2026.07.31 17:30:00.549,2.10-ROBUST-FINAL,XAUUSD!,Opogroup-Server1,MVP_SIMPLE_EXPLICIT_ROBUST,a-1/a-2/a-3,CANDLE_CLASSIFIED,,TREND_DOWN,,,,,4031.93,4039.01,4029.92,4040.16,0,0,0,N/A,N/A,N/A,bar=2026.07.31 17:15 class=BULLISH
E1002,2026.07.31 17:30:00.549,2.10-ROBUST-FINAL,XAUUSD!,Opogroup-Server1,MVP_SIMPLE_EXPLICIT_ROBUST,trend-1,TREND_REFERENCE_UPDATED,,TREND_DOWN,,,,,4020.88,4040.16,0.00,0.00,0,0,0,N/A,N/A,N/A,High[1..3]/Low[1..3]
E1003,2026.07.31 17:30:00.549,2.10-ROBUST-FINAL,XAUUSD!,Opogroup-Server1,MVP_SIMPLE_EXPLICIT_ROBUST,b-3,ZONE_ENGAGED,R20,TREND_DOWN,,,,,4039.00,0.00,0.00,0.00,0,0,0,3.00,24.00,3.00,bar opened inside zone
E1004,2026.07.31 17:30:00.549,2.10-ROBUST-FINAL,XAUUSD!,Opogroup-Server1,MVP_SIMPLE_EXPLICIT_ROBUST,trend-2/b-31,ZONE_TOUCH_DIRECTION_CONFIRMED,R20,TREND_DOWN,R-B,Market,,,4039.00,0.00,0.00,0.00,0,0,0,3.00,24.00,3.00,first valid R-B touch for this M15+zone+direction
E1005,2026.07.31 17:30:00.549,2.10-ROBUST-FINAL,XAUUSD!,Opogroup-Server1,MVP_SIMPLE_EXPLICIT_ROBUST,TEST-HIGH-R/b-24,ZONE_USAGE_BLOCKED,R20,TREND_DOWN,R,Market,,,0.00,0.00,0.00,0.00,0,0,0,3.00,24.00,3.00,daily reversal max reached: allowed=1 executed=1
E1006,2026.07.31 17:34:25.870,2.10-ROBUST-FINAL,XAUUSD!,Opogroup-Server1,MVP_SIMPLE_EXPLICIT_ROBUST,trend-1,TREND_STATE_CHANGED,,TREND_UP,,,,,4040.20,0.00,4020.88,4040.16,0,0,0,N/A,N/A,N/A,TREND_DOWN -> TREND_UP
E1007,2026.07.31 17:45:00.134,2.10-ROBUST-FINAL,XAUUSD!,Opogroup-Server1,MVP_SIMPLE_EXPLICIT_ROBUST,a-1/a-2/a-3,CANDLE_CLASSIFIED,,TREND_UP,,,,,4039.00,4041.55,4036.59,4043.00,0,0,0,N/A,N/A,N/A,bar=2026.07.31 17:30 class=BULLISH
E1008,2026.07.31 17:45:00.134,2.10-ROBUST-FINAL,XAUUSD!,Opogroup-Server1,MVP_SIMPLE_EXPLICIT_ROBUST,b-3/b-4/trend-1,BREAKOUT_SIGNAL,R20,TREND_UP,BO-B,Close,BO#08,,4041.55,0.00,0.00,0.00,0,0,0,3.00,24.00,3.00,BO#08; ZONE_ENGAGED + buffered close + trend snapshot
E1009,2026.07.31 17:45:00.134,2.10-ROBUST-FINAL,XAUUSD!,Opogroup-Server1,MVP_SIMPLE_EXPLICIT_ROBUST,b-8/b-25,PULLBACK_CYCLE_CREATED,R20,TREND_UP,PB-B,Stop,,BO#08,0.00,0.00,0.00,0.00,0,0,0,3.00,24.00,3.00,valid t+1..t+5 window; pullback does not consume zone in v9
E1010,2026.07.31 17:45:00.134,2.10-ROBUST-FINAL,XAUUSD!,Opogroup-Server1,MVP_SIMPLE_EXPLICIT_ROBUST,trend-1,TREND_REFERENCE_UPDATED,,TREND_UP,,,,,4020.88,4043.00,0.00,0.00,0,0,0,N/A,N/A,N/A,High[1..3]/Low[1..3]
E1011,2026.07.31 18:00:00.027,2.10-ROBUST-FINAL,XAUUSD!,Opogroup-Server1,MVP_SIMPLE_EXPLICIT_ROBUST,a-1/a-2/a-3,CANDLE_CLASSIFIED,,TREND_UP,,,,,4041.53,4048.86,4040.87,4050.36,0,0,0,N/A,N/A,N/A,bar=2026.07.31 17:45 class=BULLISH
E1012,2026.07.31 18:00:00.027,2.10-ROBUST-FINAL,XAUUSD!,Opogroup-Server1,MVP_SIMPLE_EXPLICIT_ROBUST,trend-1,TREND_REFERENCE_UPDATED,,TREND_UP,,,,,4029.92,4050.36,0.00,0.00,0,0,0,N/A,N/A,N/A,High[1..3]/Low[1..3]
E1013,2026.07.31 18:15:00.065,2.10-ROBUST-FINAL,XAUUSD!,Opogroup-Server1,MVP_SIMPLE_EXPLICIT_ROBUST,a-1/a-2/a-3,CANDLE_CLASSIFIED,,TREND_UP,,,,,4048.71,4046.72,4042.77,4050.80,0,0,0,N/A,N/A,N/A,bar=2026.07.31 18:00 class=BEARISH
E1014,2026.07.31 18:15:00.065,2.10-ROBUST-FINAL,XAUUSD!,Opogroup-Server1,MVP_SIMPLE_EXPLICIT_ROBUST,trend-1,TREND_REFERENCE_UPDATED,,TREND_UP,,,,,4036.59,4050.80,0.00,0.00,0,0,0,N/A,N/A,N/A,High[1..3]/Low[1..3]
E1015,2026.07.31 18:30:00.118,2.10-ROBUST-FINAL,XAUUSD!,Opogroup-Server1,MVP_SIMPLE_EXPLICIT_ROBUST,a-1/a-2/a-3,CANDLE_CLASSIFIED,,TREND_UP,,,,,4046.73,4041.08,4040.26,4052.69,0,0,0,N/A,N/A,N/A,bar=2026.07.31 18:15 class=BEARISH
E1016,2026.07.31 18:30:00.118,2.10-ROBUST-FINAL,XAUUSD!,Opogroup-Server1,MVP_SIMPLE_EXPLICIT_ROBUST,trend-1,TREND_REFERENCE_UPDATED,,TREND_UP,,,,,4040.26,4052.69,0.00,0.00,0,0,0,N/A,N/A,N/A,High[1..3]/Low[1..3]
E1017,2026.07.31 18:30:35.362,2.10-ROBUST-FINAL,XAUUSD!,Opogroup-Server1,MVP_SIMPLE_EXPLICIT_ROBUST,trend-1,TREND_STATE_CHANGED,,TREND_DOWN,,,,,4040.15,0.00,4040.26,4052.69,0,0,0,N/A,N/A,N/A,TREND_UP -> TREND_DOWN
E1018,2026.07.31 18:32:13.713,2.10-ROBUST-FINAL,XAUUSD!,Opogroup-Server1,MVP_SIMPLE_EXPLICIT_ROBUST,b-3,ZONE_ENGAGED,R20,TREND_DOWN,,,,,4039.00,0.00,0.00,0.00,0,0,0,3.00,24.00,3.00,entered/crossed zone from above
E1019,2026.07.31 18:32:13.713,2.10-ROBUST-FINAL,XAUUSD!,Opogroup-Server1,MVP_SIMPLE_EXPLICIT_ROBUST,trend-2/b-31,ZONE_TOUCH_DIRECTION_CONFIRMED,R20,TREND_DOWN,R-B,Market,,,4039.00,0.00,0.00,0.00,0,0,0,3.00,24.00,3.00,first valid R-B touch for this M15+zone+direction
E1020,2026.07.31 18:32:13.713,2.10-ROBUST-FINAL,XAUUSD!,Opogroup-Server1,MVP_SIMPLE_EXPLICIT_ROBUST,TEST-HIGH-R/b-24,ZONE_USAGE_BLOCKED,R20,TREND_DOWN,R,Market,,,0.00,0.00,0.00,0.00,0,0,0,3.00,24.00,3.00,daily reversal max reached: allowed=1 executed=1
E1021,2026.07.31 18:32:14.925,2.10-ROBUST-FINAL,XAUUSD!,Opogroup-Server1,MVP_SIMPLE_EXPLICIT_ROBUST,b-8,PULLBACK_PENETRATION_LATCHED,R20,TREND_DOWN,PB-B,Stop,,BO#08,4038.80,0.00,0.00,0.00,0,0,0,3.00,24.00,3.00,no maximum penetration in S1; first tick t+1 valid
E1022,2026.07.31 18:32:14.925,2.10-ROBUST-FINAL,XAUUSD!,Opogroup-Server1,MVP_SIMPLE_EXPLICIT_ROBUST,b-8,PENDING_WAITING_NATIVE_VALIDITY,R20,TREND_DOWN,PB-B,Stop,,BO#08,4039.00,0.00,0.00,0.00,0,0,0,3.00,24.00,3.00,exact Rule price temporarily invalid due market/Stops Level
E1023,2026.07.31 18:32:14.933,2.10-ROBUST-FINAL,XAUUSD!,Opogroup-Server1,MVP_SIMPLE_EXPLICIT_ROBUST,b-29/b-30,RISK_MODEL_READY,R20,TREND_DOWN,BUY,,,,4039.00,0.00,4035.00,4063.00,0,0,0,3.00,24.00,3.00,R_CAP=6.00 R0=4.00000 target_zone=R21&R22
E1024,2026.07.31 18:32:14.933,2.10-ROBUST-FINAL,XAUUSD!,Opogroup-Server1,MVP_SIMPLE_EXPLICIT_ROBUST,AR-RISK-01,PORTFOLIO_RISK_PRECHECK,R20,TREND_DOWN,PB-B,Stop,,BO#08,4039.00,0.00,4035.00,0.00,0,0,0,3.00,24.00,3.00,mode=GROSS_DAILY pct=30.00 budget=3000.00 realized=16.39 open=0.00 pending=0.00 used=16.39 remaining=2983.61 new=4.00 allowed=true
E1025,2026.07.31 18:32:14.933,2.10-ROBUST-FINAL,XAUUSD!,Opogroup-Server1,MVP_SIMPLE_EXPLICIT_ROBUST,MVP-RISK/TEST-HARNESS,MARGIN_PRECHECK,R20,TREND_DOWN,PB-B,Telemetry,,BO#08,4039.00,0.00,0.00,0.00,0,0,0,3.00,24.00,3.00,lot=0.0100 required_new_margin=20.20 account_margin=0.00 free_margin=10078.64 margin_level=0.00
E1026,2026.07.31 18:32:14.933,2.10-ROBUST-FINAL,XAUUSD!,Opogroup-Server1,MVP_SIMPLE_EXPLICIT_ROBUST,b-8/b-11/b-29/b-30,PENDING_PLACED,R20,TREND_DOWN,PB-B,Stop,,BO#08,4039.00,0.00,4035.00,4063.00,42,0,0,3.00,24.00,3.00,exact zone edge; native MT5 activation; R0=4.00000 target=R21&R22
E1027,2026.07.31 18:32:14.944,2.10-ROBUST-FINAL,XAUUSD!,Opogroup-Server1,MVP_SIMPLE_EXPLICIT_ROBUST,b-20,DEAL_COSTS_RECORDED,,TREND_DOWN,,,,,0.00,4039.00,0.00,0.00,0,42,42,N/A,N/A,N/A,profit=0.00 commission=0.00 swap=0.00 fee=0.00
E1028,2026.07.31 18:32:14.944,2.10-ROBUST-FINAL,XAUUSD!,Opogroup-Server1,MVP_SIMPLE_EXPLICIT_ROBUST,b-8/b-25/b-29,ORDER_FILLED,R20,TREND_DOWN,PB-B,Stop,,BO#08,4039.00,4039.00,4035.00,4063.00,42,42,42,3.00,24.00,3.00,native fill; R0=4.00000 target=R21&R22
E1029,2026.07.31 18:32:14.944,2.10-ROBUST-FINAL,XAUUSD!,Opogroup-Server1,MVP_SIMPLE_EXPLICIT_ROBUST,MVP-RISK/TEST-HARNESS,MARGIN_POST_FILL,R20,TREND_DOWN,PB-B,Telemetry,,BO#08,0.00,0.00,0.00,0.00,0,0,42,3.00,24.00,3.00,lot=0.0100 account_margin=20.20 free_margin=10058.22 margin_level=49893.17
E1030,2026.07.31 18:32:14.944,2.10-ROBUST-FINAL,XAUUSD!,Opogroup-Server1,MVP_SIMPLE_EXPLICIT_ROBUST,AR-RISK-01,PORTFOLIO_RISK_POST_FILL,R20,TREND_DOWN,PB-B,PostFill,,BO#08,0.00,0.00,0.00,0.00,0,0,0,3.00,24.00,3.00,mode=GROSS_DAILY pct=30.00 budget=3000.00 realized=16.39 open=4.00 pending=0.00 used=20.39 overflow=false
E1031,2026.07.31 18:33:38.112,2.10-ROBUST-FINAL,XAUUSD!,Opogroup-Server1,MVP_SIMPLE_EXPLICIT_ROBUST,b-3,ZONE_ENGAGED,R20,TREND_DOWN,,,,,4038.16,0.00,0.00,0.00,0,0,0,3.00,24.00,3.00,entered/crossed zone from below
E1032,2026.07.31 18:39:30.545,2.10-ROBUST-FINAL,XAUUSD!,Opogroup-Server1,MVP_SIMPLE_EXPLICIT_ROBUST,b-29,R_STAGE_CHANGED,R20,TREND_DOWN,P,,,,4039.00,0.00,0.00,4063.00,0,0,42,3.00,24.00,3.00,stage=1 >=1R risk-zero eligible
E1033,2026.07.31 18:39:30.545,2.10-ROBUST-FINAL,XAUUSD!,Opogroup-Server1,MVP_SIMPLE_EXPLICIT_ROBUST,b-29,SL_MOVE_REQUESTED,R20,TREND_DOWN,P,ModifySL,,,0.00,0.00,4039.00,4063.00,0,0,42,3.00,24.00,3.00,stage=1 BE actual_fill + known_native_costs=-0.00
E1034,2026.07.31 18:39:30.545,2.10-ROBUST-FINAL,XAUUSD!,Opogroup-Server1,MVP_SIMPLE_EXPLICIT_ROBUST,b-29,SL_MOVE_CONFIRMED,R20,TREND_DOWN,P,ModifySL,,,0.00,0.00,4039.00,4063.00,0,0,42,3.00,24.00,3.00,stage=1 BE actual_fill + known_native_costs=-0.00
E1035,2026.07.31 18:45:00.006,2.10-ROBUST-FINAL,XAUUSD!,Opogroup-Server1,MVP_SIMPLE_EXPLICIT_ROBUST,a-1/a-2/a-3,CANDLE_CLASSIFIED,,TREND_DOWN,,,,,4041.00,4042.13,4036.68,4043.54,0,0,0,N/A,N/A,N/A,bar=2026.07.31 18:30 class=BULLISH
E1036,2026.07.31 18:45:00.006,2.10-ROBUST-FINAL,XAUUSD!,Opogroup-Server1,MVP_SIMPLE_EXPLICIT_ROBUST,trend-1,TREND_REFERENCE_UPDATED,,TREND_DOWN,,,,,4036.68,4052.69,0.00,0.00,0,0,0,N/A,N/A,N/A,High[1..3]/Low[1..3]
E1037,2026.07.31 18:51:57.007,2.10-ROBUST-FINAL,XAUUSD!,Opogroup-Server1,MVP_SIMPLE_EXPLICIT_ROBUST,b-29,R_STAGE_CHANGED,R20,TREND_DOWN,P,,,,4039.00,0.00,0.00,4063.00,0,0,42,3.00,24.00,3.00,stage=2 >=1.5R lock +0.5R
E1038,2026.07.31 18:51:57.007,2.10-ROBUST-FINAL,XAUUSD!,Opogroup-Server1,MVP_SIMPLE_EXPLICIT_ROBUST,b-29,SL_MOVE_REQUESTED,R20,TREND_DOWN,P,ModifySL,,,0.00,0.00,4041.00,4063.00,0,0,42,3.00,24.00,3.00,stage=2 lock +0.5R
E1039,2026.07.31 18:51:57.007,2.10-ROBUST-FINAL,XAUUSD!,Opogroup-Server1,MVP_SIMPLE_EXPLICIT_ROBUST,b-29,SL_MOVE_CONFIRMED,R20,TREND_DOWN,P,ModifySL,,,0.00,0.00,4041.00,4063.00,0,0,42,3.00,24.00,3.00,stage=2 lock +0.5R
E1040,2026.07.31 19:00:00.148,2.10-ROBUST-FINAL,XAUUSD!,Opogroup-Server1,MVP_SIMPLE_EXPLICIT_ROBUST,a-1/a-2/a-3,CANDLE_CLASSIFIED,,TREND_DOWN,,,,,4042.16,4045.63,4039.74,4046.67,0,0,0,N/A,N/A,N/A,bar=2026.07.31 18:45 class=BULLISH
E1041,2026.07.31 19:00:00.148,2.10-ROBUST-FINAL,XAUUSD!,Opogroup-Server1,MVP_SIMPLE_EXPLICIT_ROBUST,trend-1,TREND_REFERENCE_UPDATED,,TREND_DOWN,,,,,4036.68,4052.69,0.00,0.00,0,0,0,N/A,N/A,N/A,High[1..3]/Low[1..3]
E1042,2026.07.31 19:15:00.018,2.10-ROBUST-FINAL,XAUUSD!,Opogroup-Server1,MVP_SIMPLE_EXPLICIT_ROBUST,a-1/a-2/a-3,CANDLE_CLASSIFIED,,TREND_DOWN,,,,,4045.57,4046.25,4041.27,4046.87,0,0,0,N/A,N/A,N/A,bar=2026.07.31 19:00 class=BULLISH
E1043,2026.07.31 19:15:00.018,2.10-ROBUST-FINAL,XAUUSD!,Opogroup-Server1,MVP_SIMPLE_EXPLICIT_ROBUST,trend-1,TREND_REFERENCE_UPDATED,,TREND_DOWN,,,,,4036.68,4046.87,0.00,0.00,0,0,0,N/A,N/A,N/A,High[1..3]/Low[1..3]
E1044,2026.07.31 19:24:20.569,2.10-ROBUST-FINAL,XAUUSD!,Opogroup-Server1,MVP_SIMPLE_EXPLICIT_ROBUST,trend-1,TREND_STATE_CHANGED,,TREND_UP,,,,,4046.88,0.00,4036.68,4046.87,0,0,0,N/A,N/A,N/A,TREND_DOWN -> TREND_UP
E1045,2026.07.31 19:24:23.378,2.10-ROBUST-FINAL,XAUUSD!,Opogroup-Server1,MVP_SIMPLE_EXPLICIT_ROBUST,b-29,R_STAGE_CHANGED,R20,TREND_UP,P,,,,4039.00,0.00,0.00,4063.00,0,0,42,3.00,24.00,3.00,stage=3 >=2R structural trail active
E1046,2026.07.31 19:30:00.086,2.10-ROBUST-FINAL,XAUUSD!,Opogroup-Server1,MVP_SIMPLE_EXPLICIT_ROBUST,a-1/a-2/a-3,CANDLE_CLASSIFIED,,TREND_UP,,,,,4046.22,4047.76,4042.93,4048.43,0,0,0,N/A,N/A,N/A,bar=2026.07.31 19:15 class=BULLISH
E1047,2026.07.31 19:30:00.086,2.10-ROBUST-FINAL,XAUUSD!,Opogroup-Server1,MVP_SIMPLE_EXPLICIT_ROBUST,trend-1,TREND_REFERENCE_UPDATED,,TREND_UP,,,,,4039.74,4048.43,0.00,0.00,0,0,0,N/A,N/A,N/A,High[1..3]/Low[1..3]
E1048,2026.07.31 19:45:00.005,2.10-ROBUST-FINAL,XAUUSD!,Opogroup-Server1,MVP_SIMPLE_EXPLICIT_ROBUST,a-1/a-2/a-3,CANDLE_CLASSIFIED,,TREND_UP,,,,,4047.77,4042.42,4041.17,4049.86,0,0,0,N/A,N/A,N/A,bar=2026.07.31 19:30 class=BEARISH
E1049,2026.07.31 19:45:00.005,2.10-ROBUST-FINAL,XAUUSD!,Opogroup-Server1,MVP_SIMPLE_EXPLICIT_ROBUST,trend-1,TREND_REFERENCE_UPDATED,,TREND_UP,,,,,4041.17,4049.86,0.00,0.00,0,0,0,N/A,N/A,N/A,High[1..3]/Low[1..3]
E1050,2026.07.31 20:00:00.226,2.10-ROBUST-FINAL,XAUUSD!,Opogroup-Server1,MVP_SIMPLE_EXPLICIT_ROBUST,a-1/a-2/a-3,CANDLE_CLASSIFIED,,TREND_UP,,,,,4042.38,4043.50,4042.13,4045.03,0,0,0,N/A,N/A,N/A,bar=2026.07.31 19:45 class=BULLISH
E1051,2026.07.31 20:00:00.226,2.10-ROBUST-FINAL,XAUUSD!,Opogroup-Server1,MVP_SIMPLE_EXPLICIT_ROBUST,trend-1,TREND_REFERENCE_UPDATED,,TREND_UP,,,,,4041.17,4049.86,0.00,0.00,0,0,0,N/A,N/A,N/A,High[1..3]/Low[1..3]
E1052,2026.07.31 20:00:00.226,2.10-ROBUST-FINAL,XAUUSD!,Opogroup-Server1,MVP_SIMPLE_EXPLICIT_ROBUST,b-29,STRUCTURE_TRAIL_CANDIDATE,R20,TREND_UP,P,,,,0.00,0.00,4041.17,4063.00,0,0,42,3.00,24.00,3.00,stage=3 structure pivot=4041.17 time=2026.07.31 19:30
E1053,2026.07.31 20:00:00.226,2.10-ROBUST-FINAL,XAUUSD!,Opogroup-Server1,MVP_SIMPLE_EXPLICIT_ROBUST,b-29,SL_MOVE_REQUESTED,R20,TREND_UP,P,ModifySL,,,0.00,0.00,4041.17,4063.00,0,0,42,3.00,24.00,3.00,stage=3 structure pivot=4041.17 time=2026.07.31 19:30
E1054,2026.07.31 20:00:00.226,2.10-ROBUST-FINAL,XAUUSD!,Opogroup-Server1,MVP_SIMPLE_EXPLICIT_ROBUST,b-29,SL_MOVE_CONFIRMED,R20,TREND_UP,P,ModifySL,,,0.00,0.00,4041.17,4063.00,0,0,42,3.00,24.00,3.00,stage=3 structure pivot=4041.17 time=2026.07.31 19:30
E1055,2026.07.31 20:15:00.314,2.10-ROBUST-FINAL,XAUUSD!,Opogroup-Server1,MVP_SIMPLE_EXPLICIT_ROBUST,a-1/a-2/a-3,CANDLE_CLASSIFIED,,TREND_UP,,,,,4043.51,4045.25,4041.43,4046.35,0,0,0,N/A,N/A,N/A,bar=2026.07.31 20:00 class=BULLISH
E1056,2026.07.31 20:15:00.314,2.10-ROBUST-FINAL,XAUUSD!,Opogroup-Server1,MVP_SIMPLE_EXPLICIT_ROBUST,trend-1,TREND_REFERENCE_UPDATED,,TREND_UP,,,,,4041.17,4049.86,0.00,0.00,0,0,0,N/A,N/A,N/A,High[1..3]/Low[1..3]
E1057,2026.07.31 20:30:00.015,2.10-ROBUST-FINAL,XAUUSD!,Opogroup-Server1,MVP_SIMPLE_EXPLICIT_ROBUST,a-1/a-2/a-3,CANDLE_CLASSIFIED,,TREND_UP,,,,,4045.24,4050.90,4044.70,4053.35,0,0,0,N/A,N/A,N/A,bar=2026.07.31 20:15 class=BULLISH
E1058,2026.07.31 20:30:00.015,2.10-ROBUST-FINAL,XAUUSD!,Opogroup-Server1,MVP_SIMPLE_EXPLICIT_ROBUST,trend-1,TREND_REFERENCE_UPDATED,,TREND_UP,,,,,4041.43,4053.35,0.00,0.00,0,0,0,N/A,N/A,N/A,High[1..3]/Low[1..3]
E1059,2026.07.31 20:30:00.015,2.10-ROBUST-FINAL,XAUUSD!,Opogroup-Server1,MVP_SIMPLE_EXPLICIT_ROBUST,b-29,STRUCTURE_TRAIL_CANDIDATE,R20,TREND_UP,P,,,,0.00,0.00,4041.43,4063.00,0,0,42,3.00,24.00,3.00,stage=3 structure pivot=4041.43 time=2026.07.31 20:00
E1060,2026.07.31 20:30:00.015,2.10-ROBUST-FINAL,XAUUSD!,Opogroup-Server1,MVP_SIMPLE_EXPLICIT_ROBUST,b-29,SL_MOVE_REQUESTED,R20,TREND_UP,P,ModifySL,,,0.00,0.00,4041.43,4063.00,0,0,42,3.00,24.00,3.00,stage=3 structure pivot=4041.43 time=2026.07.31 20:00
E1061,2026.07.31 20:30:00.015,2.10-ROBUST-FINAL,XAUUSD!,Opogroup-Server1,MVP_SIMPLE_EXPLICIT_ROBUST,b-29,SL_MOVE_CONFIRMED,R20,TREND_UP,P,ModifySL,,,0.00,0.00,4041.43,4063.00,0,0,42,3.00,24.00,3.00,stage=3 structure pivot=4041.43 time=2026.07.31 20:00
E1062,2026.07.31 20:45:00.049,2.10-ROBUST-FINAL,XAUUSD!,Opogroup-Server1,MVP_SIMPLE_EXPLICIT_ROBUST,a-1/a-2/a-3,CANDLE_CLASSIFIED,,TREND_UP,,,,,4050.91,4051.87,4047.61,4053.20,0,0,0,N/A,N/A,N/A,bar=2026.07.31 20:30 class=BULLISH
E1063,2026.07.31 20:45:00.049,2.10-ROBUST-FINAL,XAUUSD!,Opogroup-Server1,MVP_SIMPLE_EXPLICIT_ROBUST,trend-1,TREND_REFERENCE_UPDATED,,TREND_UP,,,,,4041.43,4053.35,0.00,0.00,0,0,0,N/A,N/A,N/A,High[1..3]/Low[1..3]
E1064,2026.07.31 21:00:06.837,2.10-ROBUST-FINAL,XAUUSD!,Opogroup-Server1,MVP_SIMPLE_EXPLICIT_ROBUST,a-1/a-2/a-3,CANDLE_CLASSIFIED,,TREND_UP,,,,,4051.86,4053.73,4050.19,4054.80,0,0,0,N/A,N/A,N/A,bar=2026.07.31 20:45 class=BULLISH
E1065,2026.07.31 21:00:06.837,2.10-ROBUST-FINAL,XAUUSD!,Opogroup-Server1,MVP_SIMPLE_EXPLICIT_ROBUST,trend-1,TREND_REFERENCE_UPDATED,,TREND_UP,,,,,4044.70,4054.80,0.00,0.00,0,0,0,N/A,N/A,N/A,High[1..3]/Low[1..3]
E1066,2026.07.31 21:15:00.169,2.10-ROBUST-FINAL,XAUUSD!,Opogroup-Server1,MVP_SIMPLE_EXPLICIT_ROBUST,a-1/a-2/a-3,CANDLE_CLASSIFIED,,TREND_UP,,,,,4053.50,4048.11,4047.08,4055.11,0,0,0,N/A,N/A,N/A,bar=2026.07.31 21:00 class=BEARISH
E1067,2026.07.31 21:15:00.169,2.10-ROBUST-FINAL,XAUUSD!,Opogroup-Server1,MVP_SIMPLE_EXPLICIT_ROBUST,trend-1,TREND_REFERENCE_UPDATED,,TREND_UP,,,,,4047.08,4055.11,0.00,0.00,0,0,0,N/A,N/A,N/A,High[1..3]/Low[1..3]
E1068,2026.07.31 21:30:00.237,2.10-ROBUST-FINAL,XAUUSD!,Opogroup-Server1,MVP_SIMPLE_EXPLICIT_ROBUST,a-1/a-2/a-3,CANDLE_CLASSIFIED,,TREND_UP,,,,,4048.12,4050.86,4047.57,4051.69,0,0,0,N/A,N/A,N/A,bar=2026.07.31 21:15 class=BULLISH
E1069,2026.07.31 21:30:00.237,2.10-ROBUST-FINAL,XAUUSD!,Opogroup-Server1,MVP_SIMPLE_EXPLICIT_ROBUST,trend-1,TREND_REFERENCE_UPDATED,,TREND_UP,,,,,4047.08,4055.11,0.00,0.00,0,0,0,N/A,N/A,N/A,High[1..3]/Low[1..3]
E1070,2026.07.31 21:30:00.237,2.10-ROBUST-FINAL,XAUUSD!,Opogroup-Server1,MVP_SIMPLE_EXPLICIT_ROBUST,b-29,STRUCTURE_TRAIL_CANDIDATE,R20,TREND_UP,P,,,,0.00,0.00,4047.08,4063.00,0,0,42,3.00,24.00,3.00,stage=3 structure pivot=4047.08 time=2026.07.31 21:00
E1071,2026.07.31 21:30:00.237,2.10-ROBUST-FINAL,XAUUSD!,Opogroup-Server1,MVP_SIMPLE_EXPLICIT_ROBUST,b-29,SL_MOVE_REQUESTED,R20,TREND_UP,P,ModifySL,,,0.00,0.00,4047.08,4063.00,0,0,42,3.00,24.00,3.00,stage=3 structure pivot=4047.08 time=2026.07.31 21:00
E1072,2026.07.31 21:30:00.237,2.10-ROBUST-FINAL,XAUUSD!,Opogroup-Server1,MVP_SIMPLE_EXPLICIT_ROBUST,b-29,SL_MOVE_CONFIRMED,R20,TREND_UP,P,ModifySL,,,0.00,0.00,4047.08,4063.00,0,0,42,3.00,24.00,3.00,stage=3 structure pivot=4047.08 time=2026.07.31 21:00
E1073,2026.07.31 21:45:00.082,2.10-ROBUST-FINAL,XAUUSD!,Opogroup-Server1,MVP_SIMPLE_EXPLICIT_ROBUST,a-1/a-2/a-3,CANDLE_CLASSIFIED,,TREND_UP,,,,,4050.87,4049.35,4048.01,4051.68,0,0,0,N/A,N/A,N/A,bar=2026.07.31 21:30 class=BEARISH
E1074,2026.07.31 21:45:00.082,2.10-ROBUST-FINAL,XAUUSD!,Opogroup-Server1,MVP_SIMPLE_EXPLICIT_ROBUST,trend-1,TREND_REFERENCE_UPDATED,,TREND_UP,,,,,4047.08,4055.11,0.00,0.00,0,0,0,N/A,N/A,N/A,High[1..3]/Low[1..3]
E1075,2026.07.31 22:00:00.047,2.10-ROBUST-FINAL,XAUUSD!,Opogroup-Server1,MVP_SIMPLE_EXPLICIT_ROBUST,a-1/a-2/a-3,CANDLE_CLASSIFIED,,TREND_UP,,,,,4049.34,4051.01,4048.12,4051.60,0,0,0,N/A,N/A,N/A,bar=2026.07.31 21:45 class=BULLISH
E1076,2026.07.31 22:00:00.047,2.10-ROBUST-FINAL,XAUUSD!,Opogroup-Server1,MVP_SIMPLE_EXPLICIT_ROBUST,trend-1,TREND_REFERENCE_UPDATED,,TREND_UP,,,,,4047.57,4051.69,0.00,0.00,0,0,0,N/A,N/A,N/A,High[1..3]/Low[1..3]
E1077,2026.07.31 22:11:54.417,2.10-ROBUST-FINAL,XAUUSD!,Opogroup-Server1,MVP_SIMPLE_EXPLICIT_ROBUST,trend-1,TREND_STATE_CHANGED,,TREND_DOWN,,,,,4047.49,0.00,4047.57,4051.69,0,0,0,N/A,N/A,N/A,TREND_UP -> TREND_DOWN
E1078,2026.07.31 22:12:01.308,2.10-ROBUST-FINAL,XAUUSD!,Opogroup-Server1,MVP_SIMPLE_EXPLICIT_ROBUST,b-20,DEAL_COSTS_RECORDED,,TREND_DOWN,,,,,0.00,4047.02,0.00,0.00,0,43,0,N/A,N/A,N/A,profit=8.02 commission=0.00 swap=0.00 fee=0.00
E1079,2026.07.31 22:12:01.308,2.10-ROBUST-FINAL,XAUUSD!,Opogroup-Server1,MVP_SIMPLE_EXPLICIT_ROBUST,b-20/b-23/b-26/b-29,POSITION_CLOSED,R20,TREND_DOWN,PB-B,,,BO#08,0.00,4047.02,0.00,0.00,0,43,42,3.00,24.00,3.00,position_net=8.02 daily_net=19.62 R0=4.00000 max_r_stage=3 stacked_pullback=false reversal_ordinal=0
E1080,2026.07.31 22:15:00.796,2.10-ROBUST-FINAL,XAUUSD!,Opogroup-Server1,MVP_SIMPLE_EXPLICIT_ROBUST,a-1/a-2/a-3,CANDLE_CLASSIFIED,,TREND_DOWN,,,,,4051.00,4048.00,4046.85,4052.91,0,0,0,N/A,N/A,N/A,bar=2026.07.31 22:00 class=BEARISH
E1081,2026.07.31 22:15:00.796,2.10-ROBUST-FINAL,XAUUSD!,Opogroup-Server1,MVP_SIMPLE_EXPLICIT_ROBUST,trend-1,TREND_REFERENCE_UPDATED,,TREND_DOWN,,,,,4046.85,4052.91,0.00,0.00,0,0,0,N/A,N/A,N/A,High[1..3]/Low[1..3]
E1082,2026.07.31 22:30:00.052,2.10-ROBUST-FINAL,XAUUSD!,Opogroup-Server1,MVP_SIMPLE_EXPLICIT_ROBUST,a-1/a-2/a-3,CANDLE_CLASSIFIED,,TREND_DOWN,,,,,4047.99,4050.54,4047.09,4050.55,0,0,0,N/A,N/A,N/A,bar=2026.07.31 22:15 class=BULLISH
E1083,2026.07.31 22:30:00.052,2.10-ROBUST-FINAL,XAUUSD!,Opogroup-Server1,MVP_SIMPLE_EXPLICIT_ROBUST,trend-1,TREND_REFERENCE_UPDATED,,TREND_DOWN,,,,,4046.85,4052.91,0.00,0.00,0,0,0,N/A,N/A,N/A,High[1..3]/Low[1..3]
E1084,2026.07.31 22:43:56.352,2.10-ROBUST-FINAL,XAUUSD!,Opogroup-Server1,MVP_SIMPLE_EXPLICIT_ROBUST,trend-1,TREND_STATE_CHANGED,,TREND_UP,,,,,4052.93,0.00,4046.85,4052.91,0,0,0,N/A,N/A,N/A,TREND_DOWN -> TREND_UP
E1085,2026.07.31 22:45:00.107,2.10-ROBUST-FINAL,XAUUSD!,Opogroup-Server1,MVP_SIMPLE_EXPLICIT_ROBUST,a-1/a-2/a-3,CANDLE_CLASSIFIED,,TREND_UP,,,,,4050.53,4054.11,4048.90,4054.68,0,0,0,N/A,N/A,N/A,bar=2026.07.31 22:30 class=BULLISH
E1086,2026.07.31 22:45:00.107,2.10-ROBUST-FINAL,XAUUSD!,Opogroup-Server1,MVP_SIMPLE_EXPLICIT_ROBUST,trend-1,TREND_REFERENCE_UPDATED,,TREND_UP,,,,,4046.85,4054.68,0.00,0.00,0,0,0,N/A,N/A,N/A,High[1..3]/Low[1..3]
E1087,2026.07.31 23:00:00.009,2.10-ROBUST-FINAL,XAUUSD!,Opogroup-Server1,MVP_SIMPLE_EXPLICIT_ROBUST,a-1/a-2/a-3,CANDLE_CLASSIFIED,,TREND_UP,,,,,4054.08,4051.03,4050.09,4055.65,0,0,0,N/A,N/A,N/A,bar=2026.07.31 22:45 class=BEARISH
E1088,2026.07.31 23:00:00.009,2.10-ROBUST-FINAL,XAUUSD!,Opogroup-Server1,MVP_SIMPLE_EXPLICIT_ROBUST,trend-1,TREND_REFERENCE_UPDATED,,TREND_UP,,,,,4047.09,4055.65,0.00,0.00,0,0,0,N/A,N/A,N/A,High[1..3]/Low[1..3]
E1089,2026.07.31 23:05:26.409,2.10-ROBUST-FINAL,XAUUSD!,Opogroup-Server1,MVP_SIMPLE_EXPLICIT_ROBUST,trend-1,TREND_STATE_CHANGED,,TREND_DOWN,,,,,4047.08,0.00,4047.09,4055.65,0,0,0,N/A,N/A,N/A,TREND_UP -> TREND_DOWN
E1090,2026.07.31 23:15:00.054,2.10-ROBUST-FINAL,XAUUSD!,Opogroup-Server1,MVP_SIMPLE_EXPLICIT_ROBUST,a-1/a-2/a-3,CANDLE_CLASSIFIED,,TREND_DOWN,,,,,4051.04,4047.76,4045.21,4051.82,0,0,0,N/A,N/A,N/A,bar=2026.07.31 23:00 class=BEARISH
E1091,2026.07.31 23:15:00.054,2.10-ROBUST-FINAL,XAUUSD!,Opogroup-Server1,MVP_SIMPLE_EXPLICIT_ROBUST,trend-1,TREND_REFERENCE_UPDATED,,TREND_DOWN,,,,,4045.21,4055.65,0.00,0.00,0,0,0,N/A,N/A,N/A,High[1..3]/Low[1..3]
E1092,2026.07.31 23:30:00.008,2.10-ROBUST-FINAL,XAUUSD!,Opogroup-Server1,MVP_SIMPLE_EXPLICIT_ROBUST,a-1/a-2/a-3,CANDLE_CLASSIFIED,,TREND_DOWN,,,,,4047.74,4047.59,4046.41,4048.92,0,0,0,N/A,N/A,N/A,bar=2026.07.31 23:15 class=BEARISH
E1093,2026.07.31 23:30:00.008,2.10-ROBUST-FINAL,XAUUSD!,Opogroup-Server1,MVP_SIMPLE_EXPLICIT_ROBUST,trend-1,TREND_REFERENCE_UPDATED,,TREND_DOWN,,,,,4045.21,4055.65,0.00,0.00,0,0,0,N/A,N/A,N/A,High[1..3]/Low[1..3]
E1094,2026.07.31 23:45:00.016,2.10-ROBUST-FINAL,XAUUSD!,Opogroup-Server1,MVP_SIMPLE_EXPLICIT_ROBUST,a-1/a-2/a-3,CANDLE_CLASSIFIED,,TREND_DOWN,,,,,4047.60,4051.51,4047.20,4052.99,0,0,0,N/A,N/A,N/A,bar=2026.07.31 23:30 class=BULLISH
E1095,2026.07.31 23:45:00.016,2.10-ROBUST-FINAL,XAUUSD!,Opogroup-Server1,MVP_SIMPLE_EXPLICIT_ROBUST,trend-1,TREND_REFERENCE_UPDATED,,TREND_DOWN,,,,,4045.21,4052.99,0.00,0.00,0,0,0,N/A,N/A,N/A,High[1..3]/Low[1..3]
E1096,2026.07.31 23:50:00.046,2.10-ROBUST-FINAL,XAUUSD!,Opogroup-Server1,MVP_SIMPLE_EXPLICIT_ROBUST,AR-SESSION-01,SESSION_PRE_CLOSE_CUTOFF_ENTERED,,TREND_DOWN,,Telemetry,,,0.00,0.00,0.00,0.00,0,0,0,N/A,N/A,N/A,mode=ALL_FLAT broker_session_end=2026.07.31 23:55:00 cutoff=2026.07.31 23:50:00 minutes=5.00 window=2026.07.31 01:00:00->2026.07.31 23:55:00
E1097,2026.08.03 01:00:00.943,2.10-ROBUST-FINAL,XAUUSD!,Opogroup-Server1,MVP_SIMPLE_EXPLICIT_ROBUST,AR-SESSION-01,SESSION_WINDOW_ACTIVE,,TREND_DOWN,,Telemetry,,,0.00,0.00,0.00,0.00,0,0,0,N/A,N/A,N/A,mode=ALL_FLAT day=MONDAY session_index=0 from=2026.08.03 01:00:00 to=2026.08.04 00:00:00
E1098,2026.08.03 01:00:00.943,2.10-ROBUST-FINAL,XAUUSD!,Opogroup-Server1,MVP_SIMPLE_EXPLICIT_ROBUST,a-1/a-2/a-3,CANDLE_CLASSIFIED,,TREND_DOWN,,,,,4051.40,4046.66,4044.83,4052.29,0,0,0,N/A,N/A,N/A,bar=2026.07.31 23:45 class=BEARISH
E1099,2026.08.03 01:00:00.943,2.10-ROBUST-FINAL,XAUUSD!,Opogroup-Server1,MVP_SIMPLE_EXPLICIT_ROBUST,a-5/a-11,ZONES_LOADED,,TREND_DOWN,,,,,0.00,0.00,0.00,0.00,0,0,0,N/A,N/A,N/A,day=2026.08.03 final_zone_count=19
E1100,2026.08.03 01:00:00.943,2.10-ROBUST-FINAL,XAUUSD!,Opogroup-Server1,MVP_SIMPLE_EXPLICIT_ROBUST,trend-1,TREND_REFERENCE_UPDATED,,TREND_DOWN,,,,,4044.83,4052.99,0.00,0.00,0,0,0,N/A,N/A,N/A,High[1..3]/Low[1..3]
E1101,2026.08.03 01:00:00.943,2.10-ROBUST-FINAL,XAUUSD!,Opogroup-Server1,MVP_SIMPLE_EXPLICIT_ROBUST,trend-1,TREND_STATE_CHANGED,,TREND_UP,,,,,4081.72,0.00,4044.83,4052.99,0,0,0,N/A,N/A,N/A,TREND_DOWN -> TREND_UP
E1102,2026.08.03 01:00:00.943,2.10-ROBUST-FINAL,XAUUSD!,Opogroup-Server1,MVP_SIMPLE_EXPLICIT_ROBUST,trend-2/b-1,MULTI_ZONE_TICK_GAP,,TREND_UP,,,,,4046.66,4081.72,0.00,0.00,0,0,0,N/A,N/A,N/A,crossed_zones=2; no synthetic path/signals
E1103,2026.08.03 01:00:01.104,2.10-ROBUST-FINAL,XAUUSD!,Opogroup-Server1,MVP_SIMPLE_EXPLICIT_ROBUST,b-3,ZONE_ENGAGED,R11,TREND_UP,,,,,4082.32,0.00,0.00,0.00,0,0,0,15.00,12.00,12.00,entered/crossed zone from below
E1104,2026.08.03 01:00:01.104,2.10-ROBUST-FINAL,XAUUSD!,Opogroup-Server1,MVP_SIMPLE_EXPLICIT_ROBUST,trend-2/b-31,ZONE_TOUCH_DIRECTION_CONFIRMED,R11,TREND_UP,R-S,Market,,,4082.32,0.00,0.00,0.00,0,0,0,15.00,12.00,12.00,first valid R-S touch for this M15+zone+direction
E1105,2026.08.03 01:00:01.104,2.10-ROBUST-FINAL,XAUUSD!,Opogroup-Server1,MVP_SIMPLE_EXPLICIT_ROBUST,b-29/b-30,RISK_MODEL_READY,R11,TREND_UP,SELL,,,,4082.32,0.00,4088.32,4067.00,0,0,0,15.00,12.00,12.00,R_CAP=6.00 R0=6.00000 target_zone=R10
E1106,2026.08.03 01:00:01.104,2.10-ROBUST-FINAL,XAUUSD!,Opogroup-Server1,MVP_SIMPLE_EXPLICIT_ROBUST,AR-RISK-01,PORTFOLIO_RISK_PRECHECK,R11,TREND_UP,R-S,Market,,,4082.32,0.00,4088.32,0.00,0,0,0,15.00,12.00,12.00,mode=GROSS_DAILY pct=30.00 budget=3000.00 realized=0.00 open=0.00 pending=0.00 used=0.00 remaining=3000.00 new=6.00 allowed=true
E1107,2026.08.03 01:00:01.104,2.10-ROBUST-FINAL,XAUUSD!,Opogroup-Server1,MVP_SIMPLE_EXPLICIT_ROBUST,b-1/b-11/b-29/b-30,REVERSAL_SIGNAL,R11,TREND_UP,R-S,Market,,,4082.32,0.00,4088.32,4067.00,0,0,0,15.00,12.00,12.00,reversal_ordinal=1/1 directional touch + trend valid; R0=6.00000 target=R10
E1108,2026.08.03 01:00:01.104,2.10-ROBUST-FINAL,XAUUSD!,Opogroup-Server1,MVP_SIMPLE_EXPLICIT_ROBUST,MVP-RISK/TEST-HARNESS,MARGIN_PRECHECK,R11,TREND_UP,R-S,Telemetry,,,4082.32,0.00,0.00,0.00,0,0,0,15.00,12.00,12.00,lot=0.0100 required_new_margin=20.41 account_margin=0.00 free_margin=10086.66 margin_level=0.00
E1109,2026.08.03 01:00:01.104,2.10-ROBUST-FINAL,XAUUSD!,Opogroup-Server1,MVP_SIMPLE_EXPLICIT_ROBUST,b-20,DEAL_COSTS_RECORDED,,TREND_UP,,,,,0.00,4082.32,0.00,0.00,0,44,44,N/A,N/A,N/A,profit=0.00 commission=0.00 swap=0.00 fee=0.00
E1110,2026.08.03 01:00:01.104,2.10-ROBUST-FINAL,XAUUSD!,Opogroup-Server1,MVP_SIMPLE_EXPLICIT_ROBUST,b-1/b-26/b-29,ORDER_FILLED,R11,TREND_UP,R-S,Market,,,4082.32,4082.32,4088.32,4067.00,44,44,44,15.00,12.00,12.00,native fill; reversal_ordinal=1 R0=6.00000 target=R10
E1111,2026.08.03 01:00:01.104,2.10-ROBUST-FINAL,XAUUSD!,Opogroup-Server1,MVP_SIMPLE_EXPLICIT_ROBUST,MVP-RISK/TEST-HARNESS,MARGIN_POST_FILL,R11,TREND_UP,R-S,Telemetry,,,0.00,0.00,0.00,0.00,0,0,44,15.00,12.00,12.00,lot=0.0100 account_margin=20.41 free_margin=10064.05 margin_level=49409.41
E1112,2026.08.03 01:00:01.104,2.10-ROBUST-FINAL,XAUUSD!,Opogroup-Server1,MVP_SIMPLE_EXPLICIT_ROBUST,AR-RISK-01,PORTFOLIO_RISK_POST_FILL,R11,TREND_UP,R-S,PostFill,,,0.00,0.00,0.00,0.00,0,0,0,15.00,12.00,12.00,mode=GROSS_DAILY pct=30.00 budget=3000.00 realized=0.00 open=6.00 pending=0.00 used=6.00 overflow=false
E1113,2026.08.03 01:00:24.225,2.10-ROBUST-FINAL,XAUUSD!,Opogroup-Server1,MVP_SIMPLE_EXPLICIT_ROBUST,b-29,R_STAGE_CHANGED,R11,TREND_UP,R,,,,4082.32,0.00,0.00,4067.00,0,0,44,15.00,12.00,12.00,stage=1 >=1R risk-zero eligible
E1114,2026.08.03 01:00:24.225,2.10-ROBUST-FINAL,XAUUSD!,Opogroup-Server1,MVP_SIMPLE_EXPLICIT_ROBUST,b-29,SL_MOVE_REQUESTED,R11,TREND_UP,R,ModifySL,,,0.00,0.00,4082.32,4067.00,0,0,44,15.00,12.00,12.00,stage=1 BE actual_fill + known_native_costs=-0.00
E1115,2026.08.03 01:00:24.225,2.10-ROBUST-FINAL,XAUUSD!,Opogroup-Server1,MVP_SIMPLE_EXPLICIT_ROBUST,b-29,SL_MOVE_CONFIRMED,R11,TREND_UP,R,ModifySL,,,0.00,0.00,4082.32,4067.00,0,0,44,15.00,12.00,12.00,stage=1 BE actual_fill + known_native_costs=-0.00
E1116,2026.08.03 01:00:46.589,2.10-ROBUST-FINAL,XAUUSD!,Opogroup-Server1,MVP_SIMPLE_EXPLICIT_ROBUST,b-29,R_STAGE_CHANGED,R11,TREND_UP,R,,,,4082.32,0.00,0.00,4067.00,0,0,44,15.00,12.00,12.00,stage=2 >=1.5R lock +0.5R
E1117,2026.08.03 01:00:46.589,2.10-ROBUST-FINAL,XAUUSD!,Opogroup-Server1,MVP_SIMPLE_EXPLICIT_ROBUST,b-29,SL_MOVE_REQUESTED,R11,TREND_UP,R,ModifySL,,,0.00,0.00,4079.32,4067.00,0,0,44,15.00,12.00,12.00,stage=2 lock +0.5R
E1118,2026.08.03 01:00:46.589,2.10-ROBUST-FINAL,XAUUSD!,Opogroup-Server1,MVP_SIMPLE_EXPLICIT_ROBUST,b-29,SL_MOVE_CONFIRMED,R11,TREND_UP,R,ModifySL,,,0.00,0.00,4079.32,4067.00,0,0,44,15.00,12.00,12.00,stage=2 lock +0.5R
E1119,2026.08.03 01:02:07.608,2.10-ROBUST-FINAL,XAUUSD!,Opogroup-Server1,MVP_SIMPLE_EXPLICIT_ROBUST,b-29,R_STAGE_CHANGED,R11,TREND_UP,R,,,,4082.32,0.00,0.00,4067.00,0,0,44,15.00,12.00,12.00,stage=3 >=2R structural trail active
E1120,2026.08.03 01:02:07.608,2.10-ROBUST-FINAL,XAUUSD!,Opogroup-Server1,MVP_SIMPLE_EXPLICIT_ROBUST,b-29,STRUCTURE_TRAIL_CANDIDATE,R11,TREND_UP,R,,,,0.00,0.00,4052.99,4067.00,0,0,44,15.00,12.00,12.00,stage=3 structure pivot=4052.99 time=2026.07.31 23:30
E1121,2026.08.03 01:02:07.608,2.10-ROBUST-FINAL,XAUUSD!,Opogroup-Server1,MVP_SIMPLE_EXPLICIT_ROBUST,b-29,SL_MOVE_RETRY,R11,TREND_UP,R,ModifySL,,,0.00,0.00,4052.99,4067.00,0,0,44,15.00,12.00,12.00,stage=3 structure pivot=4052.99 time=2026.07.31 23:30; exact level temporarily invalid by Stops Level/market
E1122,2026.08.03 01:02:07.657,2.10-ROBUST-FINAL,XAUUSD!,Opogroup-Server1,MVP_SIMPLE_EXPLICIT_ROBUST,b-29,STRUCTURE_TRAIL_CANDIDATE,R11,TREND_UP,R,,,,0.00,0.00,4052.99,4067.00,0,0,44,15.00,12.00,12.00,stage=3 structure pivot=4052.99 time=2026.07.31 23:30
E1123,2026.08.03 01:02:07.748,2.10-ROBUST-FINAL,XAUUSD!,Opogroup-Server1,MVP_SIMPLE_EXPLICIT_ROBUST,b-29,STRUCTURE_TRAIL_CANDIDATE,R11,TREND_UP,R,,,,0.00,0.00,4052.99,4067.00,0,0,44,15.00,12.00,12.00,stage=3 structure pivot=4052.99 time=2026.07.31 23:30
E1124,2026.08.03 01:02:07.816,2.10-ROBUST-FINAL,XAUUSD!,Opogroup-Server1,MVP_SIMPLE_EXPLICIT_ROBUST,b-29,STRUCTURE_TRAIL_CANDIDATE,R11,TREND_UP,R,,,,0.00,0.00,4052.99,4067.00,0,0,44,15.00,12.00,12.00,stage=3 structure pivot=4052.99 time=2026.07.31 23:30
E1125,2026.08.03 01:02:07.827,2.10-ROBUST-FINAL,XAUUSD!,Opogroup-Server1,MVP_SIMPLE_EXPLICIT_ROBUST,b-29,STRUCTURE_TRAIL_CANDIDATE,R11,TREND_UP,R,,,,0.00,0.00,4052.99,4067.00,0,0,44,15.00,12.00,12.00,stage=3 structure pivot=4052.99 time=2026.07.31 23:30
E1126,2026.08.03 01:02:07.836,2.10-ROBUST-FINAL,XAUUSD!,Opogroup-Server1,MVP_SIMPLE_EXPLICIT_ROBUST,b-29,STRUCTURE_TRAIL_CANDIDATE,R11,TREND_UP,R,,,,0.00,0.00,4052.99,4067.00,0,0,44,15.00,12.00,12.00,stage=3 structure pivot=4052.99 time=2026.07.31 23:30
E1127,2026.08.03 01:02:07.847,2.10-ROBUST-FINAL,XAUUSD!,Opogroup-Server1,MVP_SIMPLE_EXPLICIT_ROBUST,b-29,STRUCTURE_TRAIL_CANDIDATE,R11,TREND_UP,R,,,,0.00,0.00,4052.99,4067.00,0,0,44,15.00,12.00,12.00,stage=3 structure pivot=4052.99 time=2026.07.31 23:30
E1128,2026.08.03 01:02:07.877,2.10-ROBUST-FINAL,XAUUSD!,Opogroup-Server1,MVP_SIMPLE_EXPLICIT_ROBUST,b-29,STRUCTURE_TRAIL_CANDIDATE,R11,TREND_UP,R,,,,0.00,0.00,4052.99,4067.00,0,0,44,15.00,12.00,12.00,stage=3 structure pivot=4052.99 time=2026.07.31 23:30
E1129,2026.08.03 01:02:08.005,2.10-ROBUST-FINAL,XAUUSD!,Opogroup-Server1,MVP_SIMPLE_EXPLICIT_ROBUST,b-29,STRUCTURE_TRAIL_CANDIDATE,R11,TREND_UP,R,,,,0.00,0.00,4052.99,4067.00,0,0,44,15.00,12.00,12.00,stage=3 structure pivot=4052.99 time=2026.07.31 23:30
E1130,2026.08.03 01:02:08.108,2.10-ROBUST-FINAL,XAUUSD!,Opogroup-Server1,MVP_SIMPLE_EXPLICIT_ROBUST,b-29,STRUCTURE_TRAIL_CANDIDATE,R11,TREND_UP,R,,,,0.00,0.00,4052.99,4067.00,0,0,44,15.00,12.00,12.00,stage=3 structure pivot=4052.99 time=2026.07.31 23:30
E1131,2026.08.03 01:02:08.118,2.10-ROBUST-FINAL,XAUUSD!,Opogroup-Server1,MVP_SIMPLE_EXPLICIT_ROBUST,b-29,STRUCTURE_TRAIL_CANDIDATE,R11,TREND_UP,R,,,,0.00,0.00,4052.99,4067.00,0,0,44,15.00,12.00,12.00,stage=3 structure pivot=4052.99 time=2026.07.31 23:30
E1132,2026.08.03 01:02:08.129,2.10-ROBUST-FINAL,XAUUSD!,Opogroup-Server1,MVP_SIMPLE_EXPLICIT_ROBUST,b-29,STRUCTURE_TRAIL_CANDIDATE,R11,TREND_UP,R,,,,0.00,0.00,4052.99,4067.00,0,0,44,15.00,12.00,12.00,stage=3 structure pivot=4052.99 time=2026.07.31 23:30
E1133,2026.08.03 01:02:08.148,2.10-ROBUST-FINAL,XAUUSD!,Opogroup-Server1,MVP_SIMPLE_EXPLICIT_ROBUST,b-29,STRUCTURE_TRAIL_CANDIDATE,R11,TREND_UP,R,,,,0.00,0.00,4052.99,4067.00,0,0,44,15.00,12.00,12.00,stage=3 structure pivot=4052.99 time=2026.07.31 23:30
E1134,2026.08.03 01:02:08.221,2.10-ROBUST-FINAL,XAUUSD!,Opogroup-Server1,MVP_SIMPLE_EXPLICIT_ROBUST,b-29,STRUCTURE_TRAIL_CANDIDATE,R11,TREND_UP,R,,,,0.00,0.00,4052.99,4067.00,0,0,44,15.00,12.00,12.00,stage=3 structure pivot=4052.99 time=2026.07.31 23:30
E1135,2026.08.03 01:02:08.243,2.10-ROBUST-FINAL,XAUUSD!,Opogroup-Server1,MVP_SIMPLE_EXPLICIT_ROBUST,b-29,STRUCTURE_TRAIL_CANDIDATE,R11,TREND_UP,R,,,,0.00,0.00,4052.99,4067.00,0,0,44,15.00,12.00,12.00,stage=3 structure pivot=4052.99 time=2026.07.31 23:30
E1136,2026.08.03 01:02:08.300,2.10-ROBUST-FINAL,XAUUSD!,Opogroup-Server1,MVP_SIMPLE_EXPLICIT_ROBUST,b-29,STRUCTURE_TRAIL_CANDIDATE,R11,TREND_UP,R,,,,0.00,0.00,4052.99,4067.00,0,0,44,15.00,12.00,12.00,stage=3 structure pivot=4052.99 time=2026.07.31 23:30
E1137,2026.08.03 01:02:08.459,2.10-ROBUST-FINAL,XAUUSD!,Opogroup-Server1,MVP_SIMPLE_EXPLICIT_ROBUST,b-29,STRUCTURE_TRAIL_CANDIDATE,R11,TREND_UP,R,,,,0.00,0.00,4052.99,4067.00,0,0,44,15.00,12.00,12.00,stage=3 structure pivot=4052.99 time=2026.07.31 23:30
E1138,2026.08.03 01:02:08.529,2.10-ROBUST-FINAL,XAUUSD!,Opogroup-Server1,MVP_SIMPLE_EXPLICIT_ROBUST,b-29,STRUCTURE_TRAIL_CANDIDATE,R11,TREND_UP,R,,,,0.00,0.00,4052.99,4067.00,0,0,44,15.00,12.00,12.00,stage=3 structure pivot=4052.99 time=2026.07.31 23:30
E1139,2026.08.03 01:02:08.569,2.10-ROBUST-FINAL,XAUUSD!,Opogroup-Server1,MVP_SIMPLE_EXPLICIT_ROBUST,b-29,STRUCTURE_TRAIL_CANDIDATE,R11,TREND_UP,R,,,,0.00,0.00,4052.99,4067.00,0,0,44,15.00,12.00,12.00,stage=3 structure pivot=4052.99 time=2026.07.31 23:30
E1140,2026.08.03 01:02:08.599,2.10-ROBUST-FINAL,XAUUSD!,Opogroup-Server1,MVP_SIMPLE_EXPLICIT_ROBUST,b-29,STRUCTURE_TRAIL_CANDIDATE,R11,TREND_UP,R,,,,0.00,0.00,4052.99,4067.00,0,0,44,15.00,12.00,12.00,stage=3 structure pivot=4052.99 time=2026.07.31 23:30
E1141,2026.08.03 01:02:08.965,2.10-ROBUST-FINAL,XAUUSD!,Opogroup-Server1,MVP_SIMPLE_EXPLICIT_ROBUST,b-29,STRUCTURE_TRAIL_CANDIDATE,R11,TREND_UP,R,,,,0.00,0.00,4052.99,4067.00,0,0,44,15.00,12.00,12.00,stage=3 structure pivot=4052.99 time=2026.07.31 23:30
E1142,2026.08.03 01:02:09.117,2.10-ROBUST-FINAL,XAUUSD!,Opogroup-Server1,MVP_SIMPLE_EXPLICIT_ROBUST,b-29,STRUCTURE_TRAIL_CANDIDATE,R11,TREND_UP,R,,,,0.00,0.00,4052.99,4067.00,0,0,44,15.00,12.00,12.00,stage=3 structure pivot=4052.99 time=2026.07.31 23:30
E1143,2026.08.03 01:02:09.212,2.10-ROBUST-FINAL,XAUUSD!,Opogroup-Server1,MVP_SIMPLE_EXPLICIT_ROBUST,b-29,STRUCTURE_TRAIL_CANDIDATE,R11,TREND_UP,R,,,,0.00,0.00,4052.99,4067.00,0,0,44,15.00,12.00,12.00,stage=3 structure pivot=4052.99 time=2026.07.31 23:30
E1144,2026.08.03 01:02:09.342,2.10-ROBUST-FINAL,XAUUSD!,Opogroup-Server1,MVP_SIMPLE_EXPLICIT_ROBUST,b-29,STRUCTURE_TRAIL_CANDIDATE,R11,TREND_UP,R,,,,0.00,0.00,4052.99,4067.00,0,0,44,15.00,12.00,12.00,stage=3 structure pivot=4052.99 time=2026.07.31 23:30
E1145,2026.08.03 01:02:10.380,2.10-ROBUST-FINAL,XAUUSD!,Opogroup-Server1,MVP_SIMPLE_EXPLICIT_ROBUST,b-29,STRUCTURE_TRAIL_CANDIDATE,R11,TREND_UP,R,,,,0.00,0.00,4052.99,4067.00,0,0,44,15.00,12.00,12.00,stage=3 structure pivot=4052.99 time=2026.07.31 23:30
E1146,2026.08.03 01:02:10.390,2.10-ROBUST-FINAL,XAUUSD!,Opogroup-Server1,MVP_SIMPLE_EXPLICIT_ROBUST,b-29,STRUCTURE_TRAIL_CANDIDATE,R11,TREND_UP,R,,,,0.00,0.00,4052.99,4067.00,0,0,44,15.00,12.00,12.00,stage=3 structure pivot=4052.99 time=2026.07.31 23:30
E1147,2026.08.03 01:02:10.410,2.10-ROBUST-FINAL,XAUUSD!,Opogroup-Server1,MVP_SIMPLE_EXPLICIT_ROBUST,b-29,STRUCTURE_TRAIL_CANDIDATE,R11,TREND_UP,R,,,,0.00,0.00,4052.99,4067.00,0,0,44,15.00,12.00,12.00,stage=3 structure pivot=4052.99 time=2026.07.31 23:30
E1148,2026.08.03 01:02:10.432,2.10-ROBUST-FINAL,XAUUSD!,Opogroup-Server1,MVP_SIMPLE_EXPLICIT_ROBUST,b-29,STRUCTURE_TRAIL_CANDIDATE,R11,TREND_UP,R,,,,0.00,0.00,4052.99,4067.00,0,0,44,15.00,12.00,12.00,stage=3 structure pivot=4052.99 time=2026.07.31 23:30
E1149,2026.08.03 01:02:10.443,2.10-ROBUST-FINAL,XAUUSD!,Opogroup-Server1,MVP_SIMPLE_EXPLICIT_ROBUST,b-29,STRUCTURE_TRAIL_CANDIDATE,R11,TREND_UP,R,,,,0.00,0.00,4052.99,4067.00,0,0,44,15.00,12.00,12.00,stage=3 structure pivot=4052.99 time=2026.07.31 23:30
E1150,2026.08.03 01:02:10.463,2.10-ROBUST-FINAL,XAUUSD!,Opogroup-Server1,MVP_SIMPLE_EXPLICIT_ROBUST,b-29,STRUCTURE_TRAIL_CANDIDATE,R11,TREND_UP,R,,,,0.00,0.00,4052.99,4067.00,0,0,44,15.00,12.00,12.00,stage=3 structure pivot=4052.99 time=2026.07.31 23:30
E1151,2026.08.03 01:02:10.526,2.10-ROBUST-FINAL,XAUUSD!,Opogroup-Server1,MVP_SIMPLE_EXPLICIT_ROBUST,b-29,STRUCTURE_TRAIL_CANDIDATE,R11,TREND_UP,R,,,,0.00,0.00,4052.99,4067.00,0,0,44,15.00,12.00,12.00,stage=3 structure pivot=4052.99 time=2026.07.31 23:30
E1152,2026.08.03 01:02:10.672,2.10-ROBUST-FINAL,XAUUSD!,Opogroup-Server1,MVP_SIMPLE_EXPLICIT_ROBUST,b-29,STRUCTURE_TRAIL_CANDIDATE,R11,TREND_UP,R,,,,0.00,0.00,4052.99,4067.00,0,0,44,15.00,12.00,12.00,stage=3 structure pivot=4052.99 time=2026.07.31 23:30
E1153,2026.08.03 01:02:10.733,2.10-ROBUST-FINAL,XAUUSD!,Opogroup-Server1,MVP_SIMPLE_EXPLICIT_ROBUST,b-29,STRUCTURE_TRAIL_CANDIDATE,R11,TREND_UP,R,,,,0.00,0.00,4052.99,4067.00,0,0,44,15.00,12.00,12.00,stage=3 structure pivot=4052.99 time=2026.07.31 23:30
E1154,2026.08.03 01:02:10.793,2.10-ROBUST-FINAL,XAUUSD!,Opogroup-Server1,MVP_SIMPLE_EXPLICIT_ROBUST,b-29,STRUCTURE_TRAIL_CANDIDATE,R11,TREND_UP,R,,,,0.00,0.00,4052.99,4067.00,0,0,44,15.00,12.00,12.00,stage=3 structure pivot=4052.99 time=2026.07.31 23:30
E1155,2026.08.03 01:02:10.843,2.10-ROBUST-FINAL,XAUUSD!,Opogroup-Server1,MVP_SIMPLE_EXPLICIT_ROBUST,b-29,STRUCTURE_TRAIL_CANDIDATE,R11,TREND_UP,R,,,,0.00,0.00,4052.99,4067.00,0,0,44,15.00,12.00,12.00,stage=3 structure pivot=4052.99 time=2026.07.31 23:30
E1156,2026.08.03 01:02:10.863,2.10-ROBUST-FINAL,XAUUSD!,Opogroup-Server1,MVP_SIMPLE_EXPLICIT_ROBUST,b-29,STRUCTURE_TRAIL_CANDIDATE,R11,TREND_UP,R,,,,0.00,0.00,4052.99,4067.00,0,0,44,15.00,12.00,12.00,stage=3 structure pivot=4052.99 time=2026.07.31 23:30
E1157,2026.08.03 01:02:10.875,2.10-ROBUST-FINAL,XAUUSD!,Opogroup-Server1,MVP_SIMPLE_EXPLICIT_ROBUST,b-29,STRUCTURE_TRAIL_CANDIDATE,R11,TREND_UP,R,,,,0.00,0.00,4052.99,4067.00,0,0,44,15.00,12.00,12.00,stage=3 structure pivot=4052.99 time=2026.07.31 23:30
E1158,2026.08.03 01:02:11.078,2.10-ROBUST-FINAL,XAUUSD!,Opogroup-Server1,MVP_SIMPLE_EXPLICIT_ROBUST,b-29,STRUCTURE_TRAIL_CANDIDATE,R11,TREND_UP,R,,,,0.00,0.00,4052.99,4067.00,0,0,44,15.00,12.00,12.00,stage=3 structure pivot=4052.99 time=2026.07.31 23:30
E1159,2026.08.03 01:02:11.148,2.10-ROBUST-FINAL,XAUUSD!,Opogroup-Server1,MVP_SIMPLE_EXPLICIT_ROBUST,b-29,STRUCTURE_TRAIL_CANDIDATE,R11,TREND_UP,R,,,,0.00,0.00,4052.99,4067.00,0,0,44,15.00,12.00,12.00,stage=3 structure pivot=4052.99 time=2026.07.31 23:30
E1160,2026.08.03 01:02:11.238,2.10-ROBUST-FINAL,XAUUSD!,Opogroup-Server1,MVP_SIMPLE_EXPLICIT_ROBUST,b-29,STRUCTURE_TRAIL_CANDIDATE,R11,TREND_UP,R,,,,0.00,0.00,4052.99,4067.00,0,0,44,15.00,12.00,12.00,stage=3 structure pivot=4052.99 time=2026.07.31 23:30
E1161,2026.08.03 01:02:11.541,2.10-ROBUST-FINAL,XAUUSD!,Opogroup-Server1,MVP_SIMPLE_EXPLICIT_ROBUST,b-29,STRUCTURE_TRAIL_CANDIDATE,R11,TREND_UP,R,,,,0.00,0.00,4052.99,4067.00,0,0,44,15.00,12.00,12.00,stage=3 structure pivot=4052.99 time=2026.07.31 23:30
E1162,2026.08.03 01:02:11.861,2.10-ROBUST-FINAL,XAUUSD!,Opogroup-Server1,MVP_SIMPLE_EXPLICIT_ROBUST,b-29,STRUCTURE_TRAIL_CANDIDATE,R11,TREND_UP,R,,,,0.00,0.00,4052.99,4067.00,0,0,44,15.00,12.00,12.00,stage=3 structure pivot=4052.99 time=2026.07.31 23:30
E1163,2026.08.03 01:02:11.871,2.10-ROBUST-FINAL,XAUUSD!,Opogroup-Server1,MVP_SIMPLE_EXPLICIT_ROBUST,b-29,STRUCTURE_TRAIL_CANDIDATE,R11,TREND_UP,R,,,,0.00,0.00,4052.99,4067.00,0,0,44,15.00,12.00,12.00,stage=3 structure pivot=4052.99 time=2026.07.31 23:30
E1164,2026.08.03 01:02:11.913,2.10-ROBUST-FINAL,XAUUSD!,Opogroup-Server1,MVP_SIMPLE_EXPLICIT_ROBUST,b-29,STRUCTURE_TRAIL_CANDIDATE,R11,TREND_UP,R,,,,0.00,0.00,4052.99,4067.00,0,0,44,15.00,12.00,12.00,stage=3 structure pivot=4052.99 time=2026.07.31 23:30
E1165,2026.08.03 01:02:12.019,2.10-ROBUST-FINAL,XAUUSD!,Opogroup-Server1,MVP_SIMPLE_EXPLICIT_ROBUST,b-29,STRUCTURE_TRAIL_CANDIDATE,R11,TREND_UP,R,,,,0.00,0.00,4052.99,4067.00,0,0,44,15.00,12.00,12.00,stage=3 structure pivot=4052.99 time=2026.07.31 23:30
E1166,2026.08.03 01:02:12.094,2.10-ROBUST-FINAL,XAUUSD!,Opogroup-Server1,MVP_SIMPLE_EXPLICIT_ROBUST,b-29,STRUCTURE_TRAIL_CANDIDATE,R11,TREND_UP,R,,,,0.00,0.00,4052.99,4067.00,0,0,44,15.00,12.00,12.00,stage=3 structure pivot=4052.99 time=2026.07.31 23:30
E1167,2026.08.03 01:02:12.104,2.10-ROBUST-FINAL,XAUUSD!,Opogroup-Server1,MVP_SIMPLE_EXPLICIT_ROBUST,b-29,STRUCTURE_TRAIL_CANDIDATE,R11,TREND_UP,R,,,,0.00,0.00,4052.99,4067.00,0,0,44,15.00,12.00,12.00,stage=3 structure pivot=4052.99 time=2026.07.31 23:30
E1168,2026.08.03 01:02:12.114,2.10-ROBUST-FINAL,XAUUSD!,Opogroup-Server1,MVP_SIMPLE_EXPLICIT_ROBUST,b-29,STRUCTURE_TRAIL_CANDIDATE,R11,TREND_UP,R,,,,0.00,0.00,4052.99,4067.00,0,0,44,15.00,12.00,12.00,stage=3 structure pivot=4052.99 time=2026.07.31 23:30
E1169,2026.08.03 01:02:12.124,2.10-ROBUST-FINAL,XAUUSD!,Opogroup-Server1,MVP_SIMPLE_EXPLICIT_ROBUST,b-29,STRUCTURE_TRAIL_CANDIDATE,R11,TREND_UP,R,,,,0.00,0.00,4052.99,4067.00,0,0,44,15.00,12.00,12.00,stage=3 structure pivot=4052.99 time=2026.07.31 23:30
E1170,2026.08.03 01:02:12.135,2.10-ROBUST-FINAL,XAUUSD!,Opogroup-Server1,MVP_SIMPLE_EXPLICIT_ROBUST,b-29,STRUCTURE_TRAIL_CANDIDATE,R11,TREND_UP,R,,,,0.00,0.00,4052.99,4067.00,0,0,44,15.00,12.00,12.00,stage=3 structure pivot=4052.99 time=2026.07.31 23:30
E1171,2026.08.03 01:02:12.388,2.10-ROBUST-FINAL,XAUUSD!,Opogroup-Server1,MVP_SIMPLE_EXPLICIT_ROBUST,b-29,STRUCTURE_TRAIL_CANDIDATE,R11,TREND_UP,R,,,,0.00,0.00,4052.99,4067.00,0,0,44,15.00,12.00,12.00,stage=3 structure pivot=4052.99 time=2026.07.31 23:30
E1172,2026.08.03 01:02:12.409,2.10-ROBUST-FINAL,XAUUSD!,Opogroup-Server1,MVP_SIMPLE_EXPLICIT_ROBUST,b-29,STRUCTURE_TRAIL_CANDIDATE,R11,TREND_UP,R,,,,0.00,0.00,4052.99,4067.00,0,0,44,15.00,12.00,12.00,stage=3 structure pivot=4052.99 time=2026.07.31 23:30
E1173,2026.08.03 01:02:12.444,2.10-ROBUST-FINAL,XAUUSD!,Opogroup-Server1,MVP_SIMPLE_EXPLICIT_ROBUST,b-29,STRUCTURE_TRAIL_CANDIDATE,R11,TREND_UP,R,,,,0.00,0.00,4052.99,4067.00,0,0,44,15.00,12.00,12.00,stage=3 structure pivot=4052.99 time=2026.07.31 23:30
E1174,2026.08.03 01:02:12.463,2.10-ROBUST-FINAL,XAUUSD!,Opogroup-Server1,MVP_SIMPLE_EXPLICIT_ROBUST,b-29,STRUCTURE_TRAIL_CANDIDATE,R11,TREND_UP,R,,,,0.00,0.00,4052.99,4067.00,0,0,44,15.00,12.00,12.00,stage=3 structure pivot=4052.99 time=2026.07.31 23:30
E1175,2026.08.03 01:02:13.167,2.10-ROBUST-FINAL,XAUUSD!,Opogroup-Server1,MVP_SIMPLE_EXPLICIT_ROBUST,b-29,STRUCTURE_TRAIL_CANDIDATE,R11,TREND_UP,R,,,,0.00,0.00,4052.99,4067.00,0,0,44,15.00,12.00,12.00,stage=3 structure pivot=4052.99 time=2026.07.31 23:30
E1176,2026.08.03 01:02:13.178,2.10-ROBUST-FINAL,XAUUSD!,Opogroup-Server1,MVP_SIMPLE_EXPLICIT_ROBUST,b-29,STRUCTURE_TRAIL_CANDIDATE,R11,TREND_UP,R,,,,0.00,0.00,4052.99,4067.00,0,0,44,15.00,12.00,12.00,stage=3 structure pivot=4052.99 time=2026.07.31 23:30
E1177,2026.08.03 01:02:13.226,2.10-ROBUST-FINAL,XAUUSD!,Opogroup-Server1,MVP_SIMPLE_EXPLICIT_ROBUST,b-29,STRUCTURE_TRAIL_CANDIDATE,R11,TREND_UP,R,,,,0.00,0.00,4052.99,4067.00,0,0,44,15.00,12.00,12.00,stage=3 structure pivot=4052.99 time=2026.07.31 23:30
E1178,2026.08.03 01:02:13.267,2.10-ROBUST-FINAL,XAUUSD!,Opogroup-Server1,MVP_SIMPLE_EXPLICIT_ROBUST,b-29,STRUCTURE_TRAIL_CANDIDATE,R11,TREND_UP,R,,,,0.00,0.00,4052.99,4067.00,0,0,44,15.00,12.00,12.00,stage=3 structure pivot=4052.99 time=2026.07.31 23:30
E1179,2026.08.03 01:02:13.278,2.10-ROBUST-FINAL,XAUUSD!,Opogroup-Server1,MVP_SIMPLE_EXPLICIT_ROBUST,b-29,STRUCTURE_TRAIL_CANDIDATE,R11,TREND_UP,R,,,,0.00,0.00,4052.99,4067.00,0,0,44,15.00,12.00,12.00,stage=3 structure pivot=4052.99 time=2026.07.31 23:30
E1180,2026.08.03 01:02:13.317,2.10-ROBUST-FINAL,XAUUSD!,Opogroup-Server1,MVP_SIMPLE_EXPLICIT_ROBUST,b-29,STRUCTURE_TRAIL_CANDIDATE,R11,TREND_UP,R,,,,0.00,0.00,4052.99,4067.00,0,0,44,15.00,12.00,12.00,stage=3 structure pivot=4052.99 time=2026.07.31 23:30
E1181,2026.08.03 01:02:13.378,2.10-ROBUST-FINAL,XAUUSD!,Opogroup-Server1,MVP_SIMPLE_EXPLICIT_ROBUST,b-29,STRUCTURE_TRAIL_CANDIDATE,R11,TREND_UP,R,,,,0.00,0.00,4052.99,4067.00,0,0,44,15.00,12.00,12.00,stage=3 structure pivot=4052.99 time=2026.07.31 23:30
E1182,2026.08.03 01:02:13.497,2.10-ROBUST-FINAL,XAUUSD!,Opogroup-Server1,MVP_SIMPLE_EXPLICIT_ROBUST,b-29,STRUCTURE_TRAIL_CANDIDATE,R11,TREND_UP,R,,,,0.00,0.00,4052.99,4067.00,0,0,44,15.00,12.00,12.00,stage=3 structure pivot=4052.99 time=2026.07.31 23:30
E1183,2026.08.03 01:02:13.519,2.10-ROBUST-FINAL,XAUUSD!,Opogroup-Server1,MVP_SIMPLE_EXPLICIT_ROBUST,b-29,STRUCTURE_TRAIL_CANDIDATE,R11,TREND_UP,R,,,,0.00,0.00,4052.99,4067.00,0,0,44,15.00,12.00,12.00,stage=3 structure pivot=4052.99 time=2026.07.31 23:30
E1184,2026.08.03 01:02:13.531,2.10-ROBUST-FINAL,XAUUSD!,Opogroup-Server1,MVP_SIMPLE_EXPLICIT_ROBUST,b-29,STRUCTURE_TRAIL_CANDIDATE,R11,TREND_UP,R,,,,0.00,0.00,4052.99,4067.00,0,0,44,15.00,12.00,12.00,stage=3 structure pivot=4052.99 time=2026.07.31 23:30
E1185,2026.08.03 01:02:13.559,2.10-ROBUST-FINAL,XAUUSD!,Opogroup-Server1,MVP_SIMPLE_EXPLICIT_ROBUST,b-29,STRUCTURE_TRAIL_CANDIDATE,R11,TREND_UP,R,,,,0.00,0.00,4052.99,4067.00,0,0,44,15.00,12.00,12.00,stage=3 structure pivot=4052.99 time=2026.07.31 23:30
E1186,2026.08.03 01:02:13.619,2.10-ROBUST-FINAL,XAUUSD!,Opogroup-Server1,MVP_SIMPLE_EXPLICIT_ROBUST,b-29,STRUCTURE_TRAIL_CANDIDATE,R11,TREND_UP,R,,,,0.00,0.00,4052.99,4067.00,0,0,44,15.00,12.00,12.00,stage=3 structure pivot=4052.99 time=2026.07.31 23:30
E1187,2026.08.03 01:02:13.753,2.10-ROBUST-FINAL,XAUUSD!,Opogroup-Server1,MVP_SIMPLE_EXPLICIT_ROBUST,b-29,STRUCTURE_TRAIL_CANDIDATE,R11,TREND_UP,R,,,,0.00,0.00,4052.99,4067.00,0,0,44,15.00,12.00,12.00,stage=3 structure pivot=4052.99 time=2026.07.31 23:30
E1188,2026.08.03 01:02:14.020,2.10-ROBUST-FINAL,XAUUSD!,Opogroup-Server1,MVP_SIMPLE_EXPLICIT_ROBUST,b-29,STRUCTURE_TRAIL_CANDIDATE,R11,TREND_UP,R,,,,0.00,0.00,4052.99,4067.00,0,0,44,15.00,12.00,12.00,stage=3 structure pivot=4052.99 time=2026.07.31 23:30
E1189,2026.08.03 01:02:14.042,2.10-ROBUST-FINAL,XAUUSD!,Opogroup-Server1,MVP_SIMPLE_EXPLICIT_ROBUST,b-29,STRUCTURE_TRAIL_CANDIDATE,R11,TREND_UP,R,,,,0.00,0.00,4052.99,4067.00,0,0,44,15.00,12.00,12.00,stage=3 structure pivot=4052.99 time=2026.07.31 23:30
E1190,2026.08.03 01:02:14.080,2.10-ROBUST-FINAL,XAUUSD!,Opogroup-Server1,MVP_SIMPLE_EXPLICIT_ROBUST,b-29,STRUCTURE_TRAIL_CANDIDATE,R11,TREND_UP,R,,,,0.00,0.00,4052.99,4067.00,0,0,44,15.00,12.00,12.00,stage=3 structure pivot=4052.99 time=2026.07.31 23:30
E1191,2026.08.03 01:02:14.091,2.10-ROBUST-FINAL,XAUUSD!,Opogroup-Server1,MVP_SIMPLE_EXPLICIT_ROBUST,b-29,STRUCTURE_TRAIL_CANDIDATE,R11,TREND_UP,R,,,,0.00,0.00,4052.99,4067.00,0,0,44,15.00,12.00,12.00,stage=3 structure pivot=4052.99 time=2026.07.31 23:30
E1192,2026.08.03 01:02:14.110,2.10-ROBUST-FINAL,XAUUSD!,Opogroup-Server1,MVP_SIMPLE_EXPLICIT_ROBUST,b-29,STRUCTURE_TRAIL_CANDIDATE,R11,TREND_UP,R,,,,0.00,0.00,4052.99,4067.00,0,0,44,15.00,12.00,12.00,stage=3 structure pivot=4052.99 time=2026.07.31 23:30
E1193,2026.08.03 01:02:14.121,2.10-ROBUST-FINAL,XAUUSD!,Opogroup-Server1,MVP_SIMPLE_EXPLICIT_ROBUST,b-29,STRUCTURE_TRAIL_CANDIDATE,R11,TREND_UP,R,,,,0.00,0.00,4052.99,4067.00,0,0,44,15.00,12.00,12.00,stage=3 structure pivot=4052.99 time=2026.07.31 23:30
E1194,2026.08.03 01:02:14.160,2.10-ROBUST-FINAL,XAUUSD!,Opogroup-Server1,MVP_SIMPLE_EXPLICIT_ROBUST,b-29,STRUCTURE_TRAIL_CANDIDATE,R11,TREND_UP,R,,,,0.00,0.00,4052.99,4067.00,0,0,44,15.00,12.00,12.00,stage=3 structure pivot=4052.99 time=2026.07.31 23:30
E1195,2026.08.03 01:02:14.170,2.10-ROBUST-FINAL,XAUUSD!,Opogroup-Server1,MVP_SIMPLE_EXPLICIT_ROBUST,b-29,STRUCTURE_TRAIL_CANDIDATE,R11,TREND_UP,R,,,,0.00,0.00,4052.99,4067.00,0,0,44,15.00,12.00,12.00,stage=3 structure pivot=4052.99 time=2026.07.31 23:30
E1196,2026.08.03 01:02:14.489,2.10-ROBUST-FINAL,XAUUSD!,Opogroup-Server1,MVP_SIMPLE_EXPLICIT_ROBUST,b-29,STRUCTURE_TRAIL_CANDIDATE,R11,TREND_UP,R,,,,0.00,0.00,4052.99,4067.00,0,0,44,15.00,12.00,12.00,stage=3 structure pivot=4052.99 time=2026.07.31 23:30
E1197,2026.08.03 01:02:14.499,2.10-ROBUST-FINAL,XAUUSD!,Opogroup-Server1,MVP_SIMPLE_EXPLICIT_ROBUST,b-29,STRUCTURE_TRAIL_CANDIDATE,R11,TREND_UP,R,,,,0.00,0.00,4052.99,4067.00,0,0,44,15.00,12.00,12.00,stage=3 structure pivot=4052.99 time=2026.07.31 23:30
E1198,2026.08.03 01:02:14.558,2.10-ROBUST-FINAL,XAUUSD!,Opogroup-Server1,MVP_SIMPLE_EXPLICIT_ROBUST,b-29,STRUCTURE_TRAIL_CANDIDATE,R11,TREND_UP,R,,,,0.00,0.00,4052.99,4067.00,0,0,44,15.00,12.00,12.00,stage=3 structure pivot=4052.99 time=2026.07.31 23:30
E1199,2026.08.03 01:02:14.569,2.10-ROBUST-FINAL,XAUUSD!,Opogroup-Server1,MVP_SIMPLE_EXPLICIT_ROBUST,b-29,STRUCTURE_TRAIL_CANDIDATE,R11,TREND_UP,R,,,,0.00,0.00,4052.99,4067.00,0,0,44,15.00,12.00,12.00,stage=3 structure pivot=4052.99 time=2026.07.31 23:30
E1200,2026.08.03 01:02:14.581,2.10-ROBUST-FINAL,XAUUSD!,Opogroup-Server1,MVP_SIMPLE_EXPLICIT_ROBUST,b-29,STRUCTURE_TRAIL_CANDIDATE,R11,TREND_UP,R,,,,0.00,0.00,4052.99,4067.00,0,0,44,15.00,12.00,12.00,stage=3 structure pivot=4052.99 time=2026.07.31 23:30
E1201,2026.08.03 01:02:14.590,2.10-ROBUST-FINAL,XAUUSD!,Opogroup-Server1,MVP_SIMPLE_EXPLICIT_ROBUST,b-29,STRUCTURE_TRAIL_CANDIDATE,R11,TREND_UP,R,,,,0.00,0.00,4052.99,4067.00,0,0,44,15.00,12.00,12.00,stage=3 structure pivot=4052.99 time=2026.07.31 23:30
E1202,2026.08.03 01:02:14.619,2.10-ROBUST-FINAL,XAUUSD!,Opogroup-Server1,MVP_SIMPLE_EXPLICIT_ROBUST,b-29,STRUCTURE_TRAIL_CANDIDATE,R11,TREND_UP,R,,,,0.00,0.00,4052.99,4067.00,0,0,44,15.00,12.00,12.00,stage=3 structure pivot=4052.99 time=2026.07.31 23:30
E1203,2026.08.03 01:02:15.465,2.10-ROBUST-FINAL,XAUUSD!,Opogroup-Server1,MVP_SIMPLE_EXPLICIT_ROBUST,b-29,STRUCTURE_TRAIL_CANDIDATE,R11,TREND_UP,R,,,,0.00,0.00,4052.99,4067.00,0,0,44,15.00,12.00,12.00,stage=3 structure pivot=4052.99 time=2026.07.31 23:30
E1204,2026.08.03 01:02:15.484,2.10-ROBUST-FINAL,XAUUSD!,Opogroup-Server1,MVP_SIMPLE_EXPLICIT_ROBUST,b-29,STRUCTURE_TRAIL_CANDIDATE,R11,TREND_UP,R,,,,0.00,0.00,4052.99,4067.00,0,0,44,15.00,12.00,12.00,stage=3 structure pivot=4052.99 time=2026.07.31 23:30
E1205,2026.08.03 01:02:15.524,2.10-ROBUST-FINAL,XAUUSD!,Opogroup-Server1,MVP_SIMPLE_EXPLICIT_ROBUST,b-29,STRUCTURE_TRAIL_CANDIDATE,R11,TREND_UP,R,,,,0.00,0.00,4052.99,4067.00,0,0,44,15.00,12.00,12.00,stage=3 structure pivot=4052.99 time=2026.07.31 23:30
E1206,2026.08.03 01:02:15.802,2.10-ROBUST-FINAL,XAUUSD!,Opogroup-Server1,MVP_SIMPLE_EXPLICIT_ROBUST,b-29,STRUCTURE_TRAIL_CANDIDATE,R11,TREND_UP,R,,,,0.00,0.00,4052.99,4067.00,0,0,44,15.00,12.00,12.00,stage=3 structure pivot=4052.99 time=2026.07.31 23:30
E1207,2026.08.03 01:02:15.822,2.10-ROBUST-FINAL,XAUUSD!,Opogroup-Server1,MVP_SIMPLE_EXPLICIT_ROBUST,b-29,STRUCTURE_TRAIL_CANDIDATE,R11,TREND_UP,R,,,,0.00,0.00,4052.99,4067.00,0,0,44,15.00,12.00,12.00,stage=3 structure pivot=4052.99 time=2026.07.31 23:30
E1208,2026.08.03 01:02:15.852,2.10-ROBUST-FINAL,XAUUSD!,Opogroup-Server1,MVP_SIMPLE_EXPLICIT_ROBUST,b-29,STRUCTURE_TRAIL_CANDIDATE,R11,TREND_UP,R,,,,0.00,0.00,4052.99,4067.00,0,0,44,15.00,12.00,12.00,stage=3 structure pivot=4052.99 time=2026.07.31 23:30
E1209,2026.08.03 01:02:15.920,2.10-ROBUST-FINAL,XAUUSD!,Opogroup-Server1,MVP_SIMPLE_EXPLICIT_ROBUST,b-29,STRUCTURE_TRAIL_CANDIDATE,R11,TREND_UP,R,,,,0.00,0.00,4052.99,4067.00,0,0,44,15.00,12.00,12.00,stage=3 structure pivot=4052.99 time=2026.07.31 23:30
E1210,2026.08.03 01:02:15.940,2.10-ROBUST-FINAL,XAUUSD!,Opogroup-Server1,MVP_SIMPLE_EXPLICIT_ROBUST,b-29,STRUCTURE_TRAIL_CANDIDATE,R11,TREND_UP,R,,,,0.00,0.00,4052.99,4067.00,0,0,44,15.00,12.00,12.00,stage=3 structure pivot=4052.99 time=2026.07.31 23:30
E1211,2026.08.03 01:02:15.952,2.10-ROBUST-FINAL,XAUUSD!,Opogroup-Server1,MVP_SIMPLE_EXPLICIT_ROBUST,b-29,STRUCTURE_TRAIL_CANDIDATE,R11,TREND_UP,R,,,,0.00,0.00,4052.99,4067.00,0,0,44,15.00,12.00,12.00,stage=3 structure pivot=4052.99 time=2026.07.31 23:30
E1212,2026.08.03 01:02:15.980,2.10-ROBUST-FINAL,XAUUSD!,Opogroup-Server1,MVP_SIMPLE_EXPLICIT_ROBUST,b-29,STRUCTURE_TRAIL_CANDIDATE,R11,TREND_UP,R,,,,0.00,0.00,4052.99,4067.00,0,0,44,15.00,12.00,12.00,stage=3 structure pivot=4052.99 time=2026.07.31 23:30
E1213,2026.08.03 01:02:16.006,2.10-ROBUST-FINAL,XAUUSD!,Opogroup-Server1,MVP_SIMPLE_EXPLICIT_ROBUST,b-29,STRUCTURE_TRAIL_CANDIDATE,R11,TREND_UP,R,,,,0.00,0.00,4052.99,4067.00,0,0,44,15.00,12.00,12.00,stage=3 structure pivot=4052.99 time=2026.07.31 23:30
E1214,2026.08.03 01:02:16.049,2.10-ROBUST-FINAL,XAUUSD!,Opogroup-Server1,MVP_SIMPLE_EXPLICIT_ROBUST,b-29,STRUCTURE_TRAIL_CANDIDATE,R11,TREND_UP,R,,,,0.00,0.00,4052.99,4067.00,0,0,44,15.00,12.00,12.00,stage=3 structure pivot=4052.99 time=2026.07.31 23:30
E1215,2026.08.03 01:02:16.336,2.10-ROBUST-FINAL,XAUUSD!,Opogroup-Server1,MVP_SIMPLE_EXPLICIT_ROBUST,b-29,STRUCTURE_TRAIL_CANDIDATE,R11,TREND_UP,R,,,,0.00,0.00,4052.99,4067.00,0,0,44,15.00,12.00,12.00,stage=3 structure pivot=4052.99 time=2026.07.31 23:30
E1216,2026.08.03 01:02:16.788,2.10-ROBUST-FINAL,XAUUSD!,Opogroup-Server1,MVP_SIMPLE_EXPLICIT_ROBUST,b-29,STRUCTURE_TRAIL_CANDIDATE,R11,TREND_UP,R,,,,0.00,0.00,4052.99,4067.00,0,0,44,15.00,12.00,12.00,stage=3 structure pivot=4052.99 time=2026.07.31 23:30
E1217,2026.08.03 01:02:17.009,2.10-ROBUST-FINAL,XAUUSD!,Opogroup-Server1,MVP_SIMPLE_EXPLICIT_ROBUST,b-29,STRUCTURE_TRAIL_CANDIDATE,R11,TREND_UP,R,,,,0.00,0.00,4052.99,4067.00,0,0,44,15.00,12.00,12.00,stage=3 structure pivot=4052.99 time=2026.07.31 23:30
E1218,2026.08.03 01:02:17.020,2.10-ROBUST-FINAL,XAUUSD!,Opogroup-Server1,MVP_SIMPLE_EXPLICIT_ROBUST,b-29,STRUCTURE_TRAIL_CANDIDATE,R11,TREND_UP,R,,,,0.00,0.00,4052.99,4067.00,0,0,44,15.00,12.00,12.00,stage=3 structure pivot=4052.99 time=2026.07.31 23:30
E1219,2026.08.03 01:02:17.029,2.10-ROBUST-FINAL,XAUUSD!,Opogroup-Server1,MVP_SIMPLE_EXPLICIT_ROBUST,b-29,STRUCTURE_TRAIL_CANDIDATE,R11,TREND_UP,R,,,,0.00,0.00,4052.99,4067.00,0,0,44,15.00,12.00,12.00,stage=3 structure pivot=4052.99 time=2026.07.31 23:30
E1220,2026.08.03 01:02:17.040,2.10-ROBUST-FINAL,XAUUSD!,Opogroup-Server1,MVP_SIMPLE_EXPLICIT_ROBUST,b-29,STRUCTURE_TRAIL_CANDIDATE,R11,TREND_UP,R,,,,0.00,0.00,4052.99,4067.00,0,0,44,15.00,12.00,12.00,stage=3 structure pivot=4052.99 time=2026.07.31 23:30
E1221,2026.08.03 01:02:17.049,2.10-ROBUST-FINAL,XAUUSD!,Opogroup-Server1,MVP_SIMPLE_EXPLICIT_ROBUST,b-29,STRUCTURE_TRAIL_CANDIDATE,R11,TREND_UP,R,,,,0.00,0.00,4052.99,4067.00,0,0,44,15.00,12.00,12.00,stage=3 structure pivot=4052.99 time=2026.07.31 23:30
E1222,2026.08.03 01:02:17.058,2.10-ROBUST-FINAL,XAUUSD!,Opogroup-Server1,MVP_SIMPLE_EXPLICIT_ROBUST,b-29,STRUCTURE_TRAIL_CANDIDATE,R11,TREND_UP,R,,,,0.00,0.00,4052.99,4067.00,0,0,44,15.00,12.00,12.00,stage=3 structure pivot=4052.99 time=2026.07.31 23:30
E1223,2026.08.03 01:02:17.078,2.10-ROBUST-FINAL,XAUUSD!,Opogroup-Server1,MVP_SIMPLE_EXPLICIT_ROBUST,b-29,STRUCTURE_TRAIL_CANDIDATE,R11,TREND_UP,R,,,,0.00,0.00,4052.99,4067.00,0,0,44,15.00,12.00,12.00,stage=3 structure pivot=4052.99 time=2026.07.31 23:30
E1224,2026.08.03 01:02:17.117,2.10-ROBUST-FINAL,XAUUSD!,Opogroup-Server1,MVP_SIMPLE_EXPLICIT_ROBUST,b-29,STRUCTURE_TRAIL_CANDIDATE,R11,TREND_UP,R,,,,0.00,0.00,4052.99,4067.00,0,0,44,15.00,12.00,12.00,stage=3 structure pivot=4052.99 time=2026.07.31 23:30
E1225,2026.08.03 01:02:17.138,2.10-ROBUST-FINAL,XAUUSD!,Opogroup-Server1,MVP_SIMPLE_EXPLICIT_ROBUST,b-29,STRUCTURE_TRAIL_CANDIDATE,R11,TREND_UP,R,,,,0.00,0.00,4052.99,4067.00,0,0,44,15.00,12.00,12.00,stage=3 structure pivot=4052.99 time=2026.07.31 23:30
E1226,2026.08.03 01:02:17.148,2.10-ROBUST-FINAL,XAUUSD!,Opogroup-Server1,MVP_SIMPLE_EXPLICIT_ROBUST,b-29,STRUCTURE_TRAIL_CANDIDATE,R11,TREND_UP,R,,,,0.00,0.00,4052.99,4067.00,0,0,44,15.00,12.00,12.00,stage=3 structure pivot=4052.99 time=2026.07.31 23:30
E1227,2026.08.03 01:02:17.159,2.10-ROBUST-FINAL,XAUUSD!,Opogroup-Server1,MVP_SIMPLE_EXPLICIT_ROBUST,b-29,STRUCTURE_TRAIL_CANDIDATE,R11,TREND_UP,R,,,,0.00,0.00,4052.99,4067.00,0,0,44,15.00,12.00,12.00,stage=3 structure pivot=4052.99 time=2026.07.31 23:30
E1228,2026.08.03 01:02:17.168,2.10-ROBUST-FINAL,XAUUSD!,Opogroup-Server1,MVP_SIMPLE_EXPLICIT_ROBUST,b-29,STRUCTURE_TRAIL_CANDIDATE,R11,TREND_UP,R,,,,0.00,0.00,4052.99,4067.00,0,0,44,15.00,12.00,12.00,stage=3 structure pivot=4052.99 time=2026.07.31 23:30
E1229,2026.08.03 01:02:17.179,2.10-ROBUST-FINAL,XAUUSD!,Opogroup-Server1,MVP_SIMPLE_EXPLICIT_ROBUST,b-29,STRUCTURE_TRAIL_CANDIDATE,R11,TREND_UP,R,,,,0.00,0.00,4052.99,4067.00,0,0,44,15.00,12.00,12.00,stage=3 structure pivot=4052.99 time=2026.07.31 23:30
E1230,2026.08.03 01:02:17.188,2.10-ROBUST-FINAL,XAUUSD!,Opogroup-Server1,MVP_SIMPLE_EXPLICIT_ROBUST,b-29,STRUCTURE_TRAIL_CANDIDATE,R11,TREND_UP,R,,,,0.00,0.00,4052.99,4067.00,0,0,44,15.00,12.00,12.00,stage=3 structure pivot=4052.99 time=2026.07.31 23:30
E1231,2026.08.03 01:02:17.198,2.10-ROBUST-FINAL,XAUUSD!,Opogroup-Server1,MVP_SIMPLE_EXPLICIT_ROBUST,b-29,STRUCTURE_TRAIL_CANDIDATE,R11,TREND_UP,R,,,,0.00,0.00,4052.99,4067.00,0,0,44,15.00,12.00,12.00,stage=3 structure pivot=4052.99 time=2026.07.31 23:30
E1232,2026.08.03 01:02:17.208,2.10-ROBUST-FINAL,XAUUSD!,Opogroup-Server1,MVP_SIMPLE_EXPLICIT_ROBUST,b-29,STRUCTURE_TRAIL_CANDIDATE,R11,TREND_UP,R,,,,0.00,0.00,4052.99,4067.00,0,0,44,15.00,12.00,12.00,stage=3 structure pivot=4052.99 time=2026.07.31 23:30
E1233,2026.08.03 01:02:17.238,2.10-ROBUST-FINAL,XAUUSD!,Opogroup-Server1,MVP_SIMPLE_EXPLICIT_ROBUST,b-29,STRUCTURE_TRAIL_CANDIDATE,R11,TREND_UP,R,,,,0.00,0.00,4052.99,4067.00,0,0,44,15.00,12.00,12.00,stage=3 structure pivot=4052.99 time=2026.07.31 23:30
E1234,2026.08.03 01:02:17.248,2.10-ROBUST-FINAL,XAUUSD!,Opogroup-Server1,MVP_SIMPLE_EXPLICIT_ROBUST,b-29,STRUCTURE_TRAIL_CANDIDATE,R11,TREND_UP,R,,,,0.00,0.00,4052.99,4067.00,0,0,44,15.00,12.00,12.00,stage=3 structure pivot=4052.99 time=2026.07.31 23:30
E1235,2026.08.03 01:02:17.259,2.10-ROBUST-FINAL,XAUUSD!,Opogroup-Server1,MVP_SIMPLE_EXPLICIT_ROBUST,b-29,STRUCTURE_TRAIL_CANDIDATE,R11,TREND_UP,R,,,,0.00,0.00,4052.99,4067.00,0,0,44,15.00,12.00,12.00,stage=3 structure pivot=4052.99 time=2026.07.31 23:30
E1236,2026.08.03 01:02:17.268,2.10-ROBUST-FINAL,XAUUSD!,Opogroup-Server1,MVP_SIMPLE_EXPLICIT_ROBUST,b-29,STRUCTURE_TRAIL_CANDIDATE,R11,TREND_UP,R,,,,0.00,0.00,4052.99,4067.00,0,0,44,15.00,12.00,12.00,stage=3 structure pivot=4052.99 time=2026.07.31 23:30
E1237,2026.08.03 01:02:17.279,2.10-ROBUST-FINAL,XAUUSD!,Opogroup-Server1,MVP_SIMPLE_EXPLICIT_ROBUST,b-29,STRUCTURE_TRAIL_CANDIDATE,R11,TREND_UP,R,,,,0.00,0.00,4052.99,4067.00,0,0,44,15.00,12.00,12.00,stage=3 structure pivot=4052.99 time=2026.07.31 23:30
E1238,2026.08.03 01:02:17.288,2.10-ROBUST-FINAL,XAUUSD!,Opogroup-Server1,MVP_SIMPLE_EXPLICIT_ROBUST,b-29,STRUCTURE_TRAIL_CANDIDATE,R11,TREND_UP,R,,,,0.00,0.00,4052.99,4067.00,0,0,44,15.00,12.00,12.00,stage=3 structure pivot=4052.99 time=2026.07.31 23:30
E1239,2026.08.03 01:02:17.298,2.10-ROBUST-FINAL,XAUUSD!,Opogroup-Server1,MVP_SIMPLE_EXPLICIT_ROBUST,b-29,STRUCTURE_TRAIL_CANDIDATE,R11,TREND_UP,R,,,,0.00,0.00,4052.99,4067.00,0,0,44,15.00,12.00,12.00,stage=3 structure pivot=4052.99 time=2026.07.31 23:30
E1240,2026.08.03 01:02:17.308,2.10-ROBUST-FINAL,XAUUSD!,Opogroup-Server1,MVP_SIMPLE_EXPLICIT_ROBUST,b-29,STRUCTURE_TRAIL_CANDIDATE,R11,TREND_UP,R,,,,0.00,0.00,4052.99,4067.00,0,0,44,15.00,12.00,12.00,stage=3 structure pivot=4052.99 time=2026.07.31 23:30
E1241,2026.08.03 01:02:17.317,2.10-ROBUST-FINAL,XAUUSD!,Opogroup-Server1,MVP_SIMPLE_EXPLICIT_ROBUST,b-29,STRUCTURE_TRAIL_CANDIDATE,R11,TREND_UP,R,,,,0.00,0.00,4052.99,4067.00,0,0,44,15.00,12.00,12.00,stage=3 structure pivot=4052.99 time=2026.07.31 23:30
E1242,2026.08.03 01:02:17.327,2.10-ROBUST-FINAL,XAUUSD!,Opogroup-Server1,MVP_SIMPLE_EXPLICIT_ROBUST,b-29,STRUCTURE_TRAIL_CANDIDATE,R11,TREND_UP,R,,,,0.00,0.00,4052.99,4067.00,0,0,44,15.00,12.00,12.00,stage=3 structure pivot=4052.99 time=2026.07.31 23:30
E1243,2026.08.03 01:02:17.769,2.10-ROBUST-FINAL,XAUUSD!,Opogroup-Server1,MVP_SIMPLE_EXPLICIT_ROBUST,b-29,STRUCTURE_TRAIL_CANDIDATE,R11,TREND_UP,R,,,,0.00,0.00,4052.99,4067.00,0,0,44,15.00,12.00,12.00,stage=3 structure pivot=4052.99 time=2026.07.31 23:30
E1244,2026.08.03 01:02:18.173,2.10-ROBUST-FINAL,XAUUSD!,Opogroup-Server1,MVP_SIMPLE_EXPLICIT_ROBUST,b-29,STRUCTURE_TRAIL_CANDIDATE,R11,TREND_UP,R,,,,0.00,0.00,4052.99,4067.00,0,0,44,15.00,12.00,12.00,stage=3 structure pivot=4052.99 time=2026.07.31 23:30
E1245,2026.08.03 01:02:18.193,2.10-ROBUST-FINAL,XAUUSD!,Opogroup-Server1,MVP_SIMPLE_EXPLICIT_ROBUST,b-29,STRUCTURE_TRAIL_CANDIDATE,R11,TREND_UP,R,,,,0.00,0.00,4052.99,4067.00,0,0,44,15.00,12.00,12.00,stage=3 structure pivot=4052.99 time=2026.07.31 23:30
E1246,2026.08.03 01:02:18.235,2.10-ROBUST-FINAL,XAUUSD!,Opogroup-Server1,MVP_SIMPLE_EXPLICIT_ROBUST,b-29,STRUCTURE_TRAIL_CANDIDATE,R11,TREND_UP,R,,,,0.00,0.00,4052.99,4067.00,0,0,44,15.00,12.00,12.00,stage=3 structure pivot=4052.99 time=2026.07.31 23:30
E1247,2026.08.03 01:02:18.305,2.10-ROBUST-FINAL,XAUUSD!,Opogroup-Server1,MVP_SIMPLE_EXPLICIT_ROBUST,b-29,STRUCTURE_TRAIL_CANDIDATE,R11,TREND_UP,R,,,,0.00,0.00,4052.99,4067.00,0,0,44,15.00,12.00,12.00,stage=3 structure pivot=4052.99 time=2026.07.31 23:30
E1248,2026.08.03 01:02:19.185,2.10-ROBUST-FINAL,XAUUSD!,Opogroup-Server1,MVP_SIMPLE_EXPLICIT_ROBUST,b-29,STRUCTURE_TRAIL_CANDIDATE,R11,TREND_UP,R,,,,0.00,0.00,4052.99,4067.00,0,0,44,15.00,12.00,12.00,stage=3 structure pivot=4052.99 time=2026.07.31 23:30
E1249,2026.08.03 01:02:19.255,2.10-ROBUST-FINAL,XAUUSD!,Opogroup-Server1,MVP_SIMPLE_EXPLICIT_ROBUST,b-29,STRUCTURE_TRAIL_CANDIDATE,R11,TREND_UP,R,,,,0.00,0.00,4052.99,4067.00,0,0,44,15.00,12.00,12.00,stage=3 structure pivot=4052.99 time=2026.07.31 23:30
E1250,2026.08.03 01:02:19.275,2.10-ROBUST-FINAL,XAUUSD!,Opogroup-Server1,MVP_SIMPLE_EXPLICIT_ROBUST,b-29,STRUCTURE_TRAIL_CANDIDATE,R11,TREND_UP,R,,,,0.00,0.00,4052.99,4067.00,0,0,44,15.00,12.00,12.00,stage=3 structure pivot=4052.99 time=2026.07.31 23:30
E1251,2026.08.03 01:02:19.305,2.10-ROBUST-FINAL,XAUUSD!,Opogroup-Server1,MVP_SIMPLE_EXPLICIT_ROBUST,b-29,STRUCTURE_TRAIL_CANDIDATE,R11,TREND_UP,R,,,,0.00,0.00,4052.99,4067.00,0,0,44,15.00,12.00,12.00,stage=3 structure pivot=4052.99 time=2026.07.31 23:30
E1252,2026.08.03 01:02:19.316,2.10-ROBUST-FINAL,XAUUSD!,Opogroup-Server1,MVP_SIMPLE_EXPLICIT_ROBUST,b-29,STRUCTURE_TRAIL_CANDIDATE,R11,TREND_UP,R,,,,0.00,0.00,4052.99,4067.00,0,0,44,15.00,12.00,12.00,stage=3 structure pivot=4052.99 time=2026.07.31 23:30
E1253,2026.08.03 01:02:19.337,2.10-ROBUST-FINAL,XAUUSD!,Opogroup-Server1,MVP_SIMPLE_EXPLICIT_ROBUST,b-29,STRUCTURE_TRAIL_CANDIDATE,R11,TREND_UP,R,,,,0.00,0.00,4052.99,4067.00,0,0,44,15.00,12.00,12.00,stage=3 structure pivot=4052.99 time=2026.07.31 23:30
E1254,2026.08.03 01:02:19.368,2.10-ROBUST-FINAL,XAUUSD!,Opogroup-Server1,MVP_SIMPLE_EXPLICIT_ROBUST,b-29,STRUCTURE_TRAIL_CANDIDATE,R11,TREND_UP,R,,,,0.00,0.00,4052.99,4067.00,0,0,44,15.00,12.00,12.00,stage=3 structure pivot=4052.99 time=2026.07.31 23:30
E1255,2026.08.03 01:02:19.387,2.10-ROBUST-FINAL,XAUUSD!,Opogroup-Server1,MVP_SIMPLE_EXPLICIT_ROBUST,b-29,STRUCTURE_TRAIL_CANDIDATE,R11,TREND_UP,R,,,,0.00,0.00,4052.99,4067.00,0,0,44,15.00,12.00,12.00,stage=3 structure pivot=4052.99 time=2026.07.31 23:30
E1256,2026.08.03 01:02:19.435,2.10-ROBUST-FINAL,XAUUSD!,Opogroup-Server1,MVP_SIMPLE_EXPLICIT_ROBUST,b-29,STRUCTURE_TRAIL_CANDIDATE,R11,TREND_UP,R,,,,0.00,0.00,4052.99,4067.00,0,0,44,15.00,12.00,12.00,stage=3 structure pivot=4052.99 time=2026.07.31 23:30
E1257,2026.08.03 01:02:19.439,2.10-ROBUST-FINAL,XAUUSD!,Opogroup-Server1,MVP_SIMPLE_EXPLICIT_ROBUST,b-29,STRUCTURE_TRAIL_CANDIDATE,R11,TREND_UP,R,,,,0.00,0.00,4052.99,4067.00,0,0,44,15.00,12.00,12.00,stage=3 structure pivot=4052.99 time=2026.07.31 23:30
E1258,2026.08.03 01:02:19.488,2.10-ROBUST-FINAL,XAUUSD!,Opogroup-Server1,MVP_SIMPLE_EXPLICIT_ROBUST,b-29,STRUCTURE_TRAIL_CANDIDATE,R11,TREND_UP,R,,,,0.00,0.00,4052.99,4067.00,0,0,44,15.00,12.00,12.00,stage=3 structure pivot=4052.99 time=2026.07.31 23:30
E1259,2026.08.03 01:02:19.528,2.10-ROBUST-FINAL,XAUUSD!,Opogroup-Server1,MVP_SIMPLE_EXPLICIT_ROBUST,b-29,STRUCTURE_TRAIL_CANDIDATE,R11,TREND_UP,R,,,,0.00,0.00,4052.99,4067.00,0,0,44,15.00,12.00,12.00,stage=3 structure pivot=4052.99 time=2026.07.31 23:30
E1260,2026.08.03 01:02:20.167,2.10-ROBUST-FINAL,XAUUSD!,Opogroup-Server1,MVP_SIMPLE_EXPLICIT_ROBUST,b-29,STRUCTURE_TRAIL_CANDIDATE,R11,TREND_UP,R,,,,0.00,0.00,4052.99,4067.00,0,0,44,15.00,12.00,12.00,stage=3 structure pivot=4052.99 time=2026.07.31 23:30
E1261,2026.08.03 01:02:20.235,2.10-ROBUST-FINAL,XAUUSD!,Opogroup-Server1,MVP_SIMPLE_EXPLICIT_ROBUST,b-29,STRUCTURE_TRAIL_CANDIDATE,R11,TREND_UP,R,,,,0.00,0.00,4052.99,4067.00,0,0,44,15.00,12.00,12.00,stage=3 structure pivot=4052.99 time=2026.07.31 23:30
E1262,2026.08.03 01:02:20.285,2.10-ROBUST-FINAL,XAUUSD!,Opogroup-Server1,MVP_SIMPLE_EXPLICIT_ROBUST,b-29,STRUCTURE_TRAIL_CANDIDATE,R11,TREND_UP,R,,,,0.00,0.00,4052.99,4067.00,0,0,44,15.00,12.00,12.00,stage=3 structure pivot=4052.99 time=2026.07.31 23:30
E1263,2026.08.03 01:02:20.616,2.10-ROBUST-FINAL,XAUUSD!,Opogroup-Server1,MVP_SIMPLE_EXPLICIT_ROBUST,b-29,STRUCTURE_TRAIL_CANDIDATE,R11,TREND_UP,R,,,,0.00,0.00,4052.99,4067.00,0,0,44,15.00,12.00,12.00,stage=3 structure pivot=4052.99 time=2026.07.31 23:30
E1264,2026.08.03 01:02:20.873,2.10-ROBUST-FINAL,XAUUSD!,Opogroup-Server1,MVP_SIMPLE_EXPLICIT_ROBUST,b-29,STRUCTURE_TRAIL_CANDIDATE,R11,TREND_UP,R,,,,0.00,0.00,4052.99,4067.00,0,0,44,15.00,12.00,12.00,stage=3 structure pivot=4052.99 time=2026.07.31 23:30
E1265,2026.08.03 01:02:21.038,2.10-ROBUST-FINAL,XAUUSD!,Opogroup-Server1,MVP_SIMPLE_EXPLICIT_ROBUST,b-29,STRUCTURE_TRAIL_CANDIDATE,R11,TREND_UP,R,,,,0.00,0.00,4052.99,4067.00,0,0,44,15.00,12.00,12.00,stage=3 structure pivot=4052.99 time=2026.07.31 23:30
E1266,2026.08.03 01:02:21.406,2.10-ROBUST-FINAL,XAUUSD!,Opogroup-Server1,MVP_SIMPLE_EXPLICIT_ROBUST,b-29,STRUCTURE_TRAIL_CANDIDATE,R11,TREND_UP,R,,,,0.00,0.00,4052.99,4067.00,0,0,44,15.00,12.00,12.00,stage=3 structure pivot=4052.99 time=2026.07.31 23:30
E1267,2026.08.03 01:02:21.416,2.10-ROBUST-FINAL,XAUUSD!,Opogroup-Server1,MVP_SIMPLE_EXPLICIT_ROBUST,b-29,STRUCTURE_TRAIL_CANDIDATE,R11,TREND_UP,R,,,,0.00,0.00,4052.99,4067.00,0,0,44,15.00,12.00,12.00,stage=3 structure pivot=4052.99 time=2026.07.31 23:30
E1268,2026.08.03 01:02:21.426,2.10-ROBUST-FINAL,XAUUSD!,Opogroup-Server1,MVP_SIMPLE_EXPLICIT_ROBUST,b-29,STRUCTURE_TRAIL_CANDIDATE,R11,TREND_UP,R,,,,0.00,0.00,4052.99,4067.00,0,0,44,15.00,12.00,12.00,stage=3 structure pivot=4052.99 time=2026.07.31 23:30
E1269,2026.08.03 01:02:21.437,2.10-ROBUST-FINAL,XAUUSD!,Opogroup-Server1,MVP_SIMPLE_EXPLICIT_ROBUST,b-29,STRUCTURE_TRAIL_CANDIDATE,R11,TREND_UP,R,,,,0.00,0.00,4052.99,4067.00,0,0,44,15.00,12.00,12.00,stage=3 structure pivot=4052.99 time=2026.07.31 23:30
E1270,2026.08.03 01:02:21.447,2.10-ROBUST-FINAL,XAUUSD!,Opogroup-Server1,MVP_SIMPLE_EXPLICIT_ROBUST,b-29,STRUCTURE_TRAIL_CANDIDATE,R11,TREND_UP,R,,,,0.00,0.00,4052.99,4067.00,0,0,44,15.00,12.00,12.00,stage=3 structure pivot=4052.99 time=2026.07.31 23:30
E1271,2026.08.03 01:02:21.457,2.10-ROBUST-FINAL,XAUUSD!,Opogroup-Server1,MVP_SIMPLE_EXPLICIT_ROBUST,b-29,STRUCTURE_TRAIL_CANDIDATE,R11,TREND_UP,R,,,,0.00,0.00,4052.99,4067.00,0,0,44,15.00,12.00,12.00,stage=3 structure pivot=4052.99 time=2026.07.31 23:30
E1272,2026.08.03 01:02:21.467,2.10-ROBUST-FINAL,XAUUSD!,Opogroup-Server1,MVP_SIMPLE_EXPLICIT_ROBUST,b-29,STRUCTURE_TRAIL_CANDIDATE,R11,TREND_UP,R,,,,0.00,0.00,4052.99,4067.00,0,0,44,15.00,12.00,12.00,stage=3 structure pivot=4052.99 time=2026.07.31 23:30
E1273,2026.08.03 01:02:21.477,2.10-ROBUST-FINAL,XAUUSD!,Opogroup-Server1,MVP_SIMPLE_EXPLICIT_ROBUST,b-29,STRUCTURE_TRAIL_CANDIDATE,R11,TREND_UP,R,,,,0.00,0.00,4052.99,4067.00,0,0,44,15.00,12.00,12.00,stage=3 structure pivot=4052.99 time=2026.07.31 23:30
E1274,2026.08.03 01:02:21.487,2.10-ROBUST-FINAL,XAUUSD!,Opogroup-Server1,MVP_SIMPLE_EXPLICIT_ROBUST,b-29,STRUCTURE_TRAIL_CANDIDATE,R11,TREND_UP,R,,,,0.00,0.00,4052.99,4067.00,0,0,44,15.00,12.00,12.00,stage=3 structure pivot=4052.99 time=2026.07.31 23:30
E1275,2026.08.03 01:02:21.497,2.10-ROBUST-FINAL,XAUUSD!,Opogroup-Server1,MVP_SIMPLE_EXPLICIT_ROBUST,b-29,STRUCTURE_TRAIL_CANDIDATE,R11,TREND_UP,R,,,,0.00,0.00,4052.99,4067.00,0,0,44,15.00,12.00,12.00,stage=3 structure pivot=4052.99 time=2026.07.31 23:30
E1276,2026.08.03 01:02:21.517,2.10-ROBUST-FINAL,XAUUSD!,Opogroup-Server1,MVP_SIMPLE_EXPLICIT_ROBUST,b-29,STRUCTURE_TRAIL_CANDIDATE,R11,TREND_UP,R,,,,0.00,0.00,4052.99,4067.00,0,0,44,15.00,12.00,12.00,stage=3 structure pivot=4052.99 time=2026.07.31 23:30
E1277,2026.08.03 01:02:21.527,2.10-ROBUST-FINAL,XAUUSD!,Opogroup-Server1,MVP_SIMPLE_EXPLICIT_ROBUST,b-29,STRUCTURE_TRAIL_CANDIDATE,R11,TREND_UP,R,,,,0.00,0.00,4052.99,4067.00,0,0,44,15.00,12.00,12.00,stage=3 structure pivot=4052.99 time=2026.07.31 23:30
E1278,2026.08.03 01:02:21.989,2.10-ROBUST-FINAL,XAUUSD!,Opogroup-Server1,MVP_SIMPLE_EXPLICIT_ROBUST,b-29,STRUCTURE_TRAIL_CANDIDATE,R11,TREND_UP,R,,,,0.00,0.00,4052.99,4067.00,0,0,44,15.00,12.00,12.00,stage=3 structure pivot=4052.99 time=2026.07.31 23:30
E1279,2026.08.03 01:02:22.588,2.10-ROBUST-FINAL,XAUUSD!,Opogroup-Server1,MVP_SIMPLE_EXPLICIT_ROBUST,b-29,STRUCTURE_TRAIL_CANDIDATE,R11,TREND_UP,R,,,,0.00,0.00,4052.99,4067.00,0,0,44,15.00,12.00,12.00,stage=3 structure pivot=4052.99 time=2026.07.31 23:30
E1280,2026.08.03 01:02:23.225,2.10-ROBUST-FINAL,XAUUSD!,Opogroup-Server1,MVP_SIMPLE_EXPLICIT_ROBUST,b-29,STRUCTURE_TRAIL_CANDIDATE,R11,TREND_UP,R,,,,0.00,0.00,4052.99,4067.00,0,0,44,15.00,12.00,12.00,stage=3 structure pivot=4052.99 time=2026.07.31 23:30
E1281,2026.08.03 01:02:23.485,2.10-ROBUST-FINAL,XAUUSD!,Opogroup-Server1,MVP_SIMPLE_EXPLICIT_ROBUST,b-29,STRUCTURE_TRAIL_CANDIDATE,R11,TREND_UP,R,,,,0.00,0.00,4052.99,4067.00,0,0,44,15.00,12.00,12.00,stage=3 structure pivot=4052.99 time=2026.07.31 23:30
E1282,2026.08.03 01:02:24.263,2.10-ROBUST-FINAL,XAUUSD!,Opogroup-Server1,MVP_SIMPLE_EXPLICIT_ROBUST,b-29,STRUCTURE_TRAIL_CANDIDATE,R11,TREND_UP,R,,,,0.00,0.00,4052.99,4067.00,0,0,44,15.00,12.00,12.00,stage=3 structure pivot=4052.99 time=2026.07.31 23:30
E1283,2026.08.03 01:02:24.274,2.10-ROBUST-FINAL,XAUUSD!,Opogroup-Server1,MVP_SIMPLE_EXPLICIT_ROBUST,b-29,STRUCTURE_TRAIL_CANDIDATE,R11,TREND_UP,R,,,,0.00,0.00,4052.99,4067.00,0,0,44,15.00,12.00,12.00,stage=3 structure pivot=4052.99 time=2026.07.31 23:30
E1284,2026.08.03 01:02:24.324,2.10-ROBUST-FINAL,XAUUSD!,Opogroup-Server1,MVP_SIMPLE_EXPLICIT_ROBUST,b-29,STRUCTURE_TRAIL_CANDIDATE,R11,TREND_UP,R,,,,0.00,0.00,4052.99,4067.00,0,0,44,15.00,12.00,12.00,stage=3 structure pivot=4052.99 time=2026.07.31 23:30
E1285,2026.08.03 01:02:24.420,2.10-ROBUST-FINAL,XAUUSD!,Opogroup-Server1,MVP_SIMPLE_EXPLICIT_ROBUST,b-29,STRUCTURE_TRAIL_CANDIDATE,R11,TREND_UP,R,,,,0.00,0.00,4052.99,4067.00,0,0,44,15.00,12.00,12.00,stage=3 structure pivot=4052.99 time=2026.07.31 23:30
E1286,2026.08.03 01:02:25.117,2.10-ROBUST-FINAL,XAUUSD!,Opogroup-Server1,MVP_SIMPLE_EXPLICIT_ROBUST,b-29,STRUCTURE_TRAIL_CANDIDATE,R11,TREND_UP,R,,,,0.00,0.00,4052.99,4067.00,0,0,44,15.00,12.00,12.00,stage=3 structure pivot=4052.99 time=2026.07.31 23:30
E1287,2026.08.03 01:02:25.608,2.10-ROBUST-FINAL,XAUUSD!,Opogroup-Server1,MVP_SIMPLE_EXPLICIT_ROBUST,b-29,STRUCTURE_TRAIL_CANDIDATE,R11,TREND_UP,R,,,,0.00,0.00,4052.99,4067.00,0,0,44,15.00,12.00,12.00,stage=3 structure pivot=4052.99 time=2026.07.31 23:30
E1288,2026.08.03 01:02:25.619,2.10-ROBUST-FINAL,XAUUSD!,Opogroup-Server1,MVP_SIMPLE_EXPLICIT_ROBUST,b-29,STRUCTURE_TRAIL_CANDIDATE,R11,TREND_UP,R,,,,0.00,0.00,4052.99,4067.00,0,0,44,15.00,12.00,12.00,stage=3 structure pivot=4052.99 time=2026.07.31 23:30
E1289,2026.08.03 01:02:25.630,2.10-ROBUST-FINAL,XAUUSD!,Opogroup-Server1,MVP_SIMPLE_EXPLICIT_ROBUST,b-29,STRUCTURE_TRAIL_CANDIDATE,R11,TREND_UP,R,,,,0.00,0.00,4052.99,4067.00,0,0,44,15.00,12.00,12.00,stage=3 structure pivot=4052.99 time=2026.07.31 23:30
E1290,2026.08.03 01:02:25.643,2.10-ROBUST-FINAL,XAUUSD!,Opogroup-Server1,MVP_SIMPLE_EXPLICIT_ROBUST,b-29,STRUCTURE_TRAIL_CANDIDATE,R11,TREND_UP,R,,,,0.00,0.00,4052.99,4067.00,0,0,44,15.00,12.00,12.00,stage=3 structure pivot=4052.99 time=2026.07.31 23:30
E1291,2026.08.03 01:02:25.663,2.10-ROBUST-FINAL,XAUUSD!,Opogroup-Server1,MVP_SIMPLE_EXPLICIT_ROBUST,b-29,STRUCTURE_TRAIL_CANDIDATE,R11,TREND_UP,R,,,,0.00,0.00,4052.99,4067.00,0,0,44,15.00,12.00,12.00,stage=3 structure pivot=4052.99 time=2026.07.31 23:30
E1292,2026.08.03 01:02:25.682,2.10-ROBUST-FINAL,XAUUSD!,Opogroup-Server1,MVP_SIMPLE_EXPLICIT_ROBUST,b-29,STRUCTURE_TRAIL_CANDIDATE,R11,TREND_UP,R,,,,0.00,0.00,4052.99,4067.00,0,0,44,15.00,12.00,12.00,stage=3 structure pivot=4052.99 time=2026.07.31 23:30
E1293,2026.08.03 01:02:25.733,2.10-ROBUST-FINAL,XAUUSD!,Opogroup-Server1,MVP_SIMPLE_EXPLICIT_ROBUST,b-29,STRUCTURE_TRAIL_CANDIDATE,R11,TREND_UP,R,,,,0.00,0.00,4052.99,4067.00,0,0,44,15.00,12.00,12.00,stage=3 structure pivot=4052.99 time=2026.07.31 23:30
E1294,2026.08.03 01:02:25.981,2.10-ROBUST-FINAL,XAUUSD!,Opogroup-Server1,MVP_SIMPLE_EXPLICIT_ROBUST,b-29,STRUCTURE_TRAIL_CANDIDATE,R11,TREND_UP,R,,,,0.00,0.00,4052.99,4067.00,0,0,44,15.00,12.00,12.00,stage=3 structure pivot=4052.99 time=2026.07.31 23:30
E1295,2026.08.03 01:02:25.991,2.10-ROBUST-FINAL,XAUUSD!,Opogroup-Server1,MVP_SIMPLE_EXPLICIT_ROBUST,b-29,STRUCTURE_TRAIL_CANDIDATE,R11,TREND_UP,R,,,,0.00,0.00,4052.99,4067.00,0,0,44,15.00,12.00,12.00,stage=3 structure pivot=4052.99 time=2026.07.31 23:30
E1296,2026.08.03 01:02:26.000,2.10-ROBUST-FINAL,XAUUSD!,Opogroup-Server1,MVP_SIMPLE_EXPLICIT_ROBUST,b-29,STRUCTURE_TRAIL_CANDIDATE,R11,TREND_UP,R,,,,0.00,0.00,4052.99,4067.00,0,0,44,15.00,12.00,12.00,stage=3 structure pivot=4052.99 time=2026.07.31 23:30
E1297,2026.08.03 01:02:26.031,2.10-ROBUST-FINAL,XAUUSD!,Opogroup-Server1,MVP_SIMPLE_EXPLICIT_ROBUST,b-29,STRUCTURE_TRAIL_CANDIDATE,R11,TREND_UP,R,,,,0.00,0.00,4052.99,4067.00,0,0,44,15.00,12.00,12.00,stage=3 structure pivot=4052.99 time=2026.07.31 23:30
E1298,2026.08.03 01:02:26.571,2.10-ROBUST-FINAL,XAUUSD!,Opogroup-Server1,MVP_SIMPLE_EXPLICIT_ROBUST,b-29,STRUCTURE_TRAIL_CANDIDATE,R11,TREND_UP,R,,,,0.00,0.00,4052.99,4067.00,0,0,44,15.00,12.00,12.00,stage=3 structure pivot=4052.99 time=2026.07.31 23:30
E1299,2026.08.03 01:02:26.632,2.10-ROBUST-FINAL,XAUUSD!,Opogroup-Server1,MVP_SIMPLE_EXPLICIT_ROBUST,b-29,STRUCTURE_TRAIL_CANDIDATE,R11,TREND_UP,R,,,,0.00,0.00,4052.99,4067.00,0,0,44,15.00,12.00,12.00,stage=3 structure pivot=4052.99 time=2026.07.31 23:30
E1300,2026.08.03 01:02:26.737,2.10-ROBUST-FINAL,XAUUSD!,Opogroup-Server1,MVP_SIMPLE_EXPLICIT_ROBUST,b-29,STRUCTURE_TRAIL_CANDIDATE,R11,TREND_UP,R,,,,0.00,0.00,4052.99,4067.00,0,0,44,15.00,12.00,12.00,stage=3 structure pivot=4052.99 time=2026.07.31 23:30
E1301,2026.08.03 01:02:26.747,2.10-ROBUST-FINAL,XAUUSD!,Opogroup-Server1,MVP_SIMPLE_EXPLICIT_ROBUST,b-29,STRUCTURE_TRAIL_CANDIDATE,R11,TREND_UP,R,,,,0.00,0.00,4052.99,4067.00,0,0,44,15.00,12.00,12.00,stage=3 structure pivot=4052.99 time=2026.07.31 23:30
E1302,2026.08.03 01:02:26.767,2.10-ROBUST-FINAL,XAUUSD!,Opogroup-Server1,MVP_SIMPLE_EXPLICIT_ROBUST,b-29,STRUCTURE_TRAIL_CANDIDATE,R11,TREND_UP,R,,,,0.00,0.00,4052.99,4067.00,0,0,44,15.00,12.00,12.00,stage=3 structure pivot=4052.99 time=2026.07.31 23:30
E1303,2026.08.03 01:02:26.775,2.10-ROBUST-FINAL,XAUUSD!,Opogroup-Server1,MVP_SIMPLE_EXPLICIT_ROBUST,b-29,STRUCTURE_TRAIL_CANDIDATE,R11,TREND_UP,R,,,,0.00,0.00,4052.99,4067.00,0,0,44,15.00,12.00,12.00,stage=3 structure pivot=4052.99 time=2026.07.31 23:30
E1304,2026.08.03 01:02:26.785,2.10-ROBUST-FINAL,XAUUSD!,Opogroup-Server1,MVP_SIMPLE_EXPLICIT_ROBUST,b-29,STRUCTURE_TRAIL_CANDIDATE,R11,TREND_UP,R,,,,0.00,0.00,4052.99,4067.00,0,0,44,15.00,12.00,12.00,stage=3 structure pivot=4052.99 time=2026.07.31 23:30
E1305,2026.08.03 01:02:26.797,2.10-ROBUST-FINAL,XAUUSD!,Opogroup-Server1,MVP_SIMPLE_EXPLICIT_ROBUST,b-29,STRUCTURE_TRAIL_CANDIDATE,R11,TREND_UP,R,,,,0.00,0.00,4052.99,4067.00,0,0,44,15.00,12.00,12.00,stage=3 structure pivot=4052.99 time=2026.07.31 23:30
E1306,2026.08.03 01:02:26.933,2.10-ROBUST-FINAL,XAUUSD!,Opogroup-Server1,MVP_SIMPLE_EXPLICIT_ROBUST,b-29,STRUCTURE_TRAIL_CANDIDATE,R11,TREND_UP,R,,,,0.00,0.00,4052.99,4067.00,0,0,44,15.00,12.00,12.00,stage=3 structure pivot=4052.99 time=2026.07.31 23:30
E1307,2026.08.03 01:02:26.973,2.10-ROBUST-FINAL,XAUUSD!,Opogroup-Server1,MVP_SIMPLE_EXPLICIT_ROBUST,b-29,STRUCTURE_TRAIL_CANDIDATE,R11,TREND_UP,R,,,,0.00,0.00,4052.99,4067.00,0,0,44,15.00,12.00,12.00,stage=3 structure pivot=4052.99 time=2026.07.31 23:30
E1308,2026.08.03 01:02:27.653,2.10-ROBUST-FINAL,XAUUSD!,Opogroup-Server1,MVP_SIMPLE_EXPLICIT_ROBUST,b-29,STRUCTURE_TRAIL_CANDIDATE,R11,TREND_UP,R,,,,0.00,0.00,4052.99,4067.00,0,0,44,15.00,12.00,12.00,stage=3 structure pivot=4052.99 time=2026.07.31 23:30
E1309,2026.08.03 01:02:27.801,2.10-ROBUST-FINAL,XAUUSD!,Opogroup-Server1,MVP_SIMPLE_EXPLICIT_ROBUST,b-29,STRUCTURE_TRAIL_CANDIDATE,R11,TREND_UP,R,,,,0.00,0.00,4052.99,4067.00,0,0,44,15.00,12.00,12.00,stage=3 structure pivot=4052.99 time=2026.07.31 23:30
E1310,2026.08.03 01:02:27.822,2.10-ROBUST-FINAL,XAUUSD!,Opogroup-Server1,MVP_SIMPLE_EXPLICIT_ROBUST,b-29,STRUCTURE_TRAIL_CANDIDATE,R11,TREND_UP,R,,,,0.00,0.00,4052.99,4067.00,0,0,44,15.00,12.00,12.00,stage=3 structure pivot=4052.99 time=2026.07.31 23:30
E1311,2026.08.03 01:02:27.854,2.10-ROBUST-FINAL,XAUUSD!,Opogroup-Server1,MVP_SIMPLE_EXPLICIT_ROBUST,b-29,STRUCTURE_TRAIL_CANDIDATE,R11,TREND_UP,R,,,,0.00,0.00,4052.99,4067.00,0,0,44,15.00,12.00,12.00,stage=3 structure pivot=4052.99 time=2026.07.31 23:30
E1312,2026.08.03 01:02:28.487,2.10-ROBUST-FINAL,XAUUSD!,Opogroup-Server1,MVP_SIMPLE_EXPLICIT_ROBUST,b-29,STRUCTURE_TRAIL_CANDIDATE,R11,TREND_UP,R,,,,0.00,0.00,4052.99,4067.00,0,0,44,15.00,12.00,12.00,stage=3 structure pivot=4052.99 time=2026.07.31 23:30
E1313,2026.08.03 01:02:28.511,2.10-ROBUST-FINAL,XAUUSD!,Opogroup-Server1,MVP_SIMPLE_EXPLICIT_ROBUST,b-29,STRUCTURE_TRAIL_CANDIDATE,R11,TREND_UP,R,,,,0.00,0.00,4052.99,4067.00,0,0,44,15.00,12.00,12.00,stage=3 structure pivot=4052.99 time=2026.07.31 23:30
E1314,2026.08.03 01:02:28.521,2.10-ROBUST-FINAL,XAUUSD!,Opogroup-Server1,MVP_SIMPLE_EXPLICIT_ROBUST,b-29,STRUCTURE_TRAIL_CANDIDATE,R11,TREND_UP,R,,,,0.00,0.00,4052.99,4067.00,0,0,44,15.00,12.00,12.00,stage=3 structure pivot=4052.99 time=2026.07.31 23:30
E1315,2026.08.03 01:02:28.547,2.10-ROBUST-FINAL,XAUUSD!,Opogroup-Server1,MVP_SIMPLE_EXPLICIT_ROBUST,b-29,STRUCTURE_TRAIL_CANDIDATE,R11,TREND_UP,R,,,,0.00,0.00,4052.99,4067.00,0,0,44,15.00,12.00,12.00,stage=3 structure pivot=4052.99 time=2026.07.31 23:30
E1316,2026.08.03 01:02:28.587,2.10-ROBUST-FINAL,XAUUSD!,Opogroup-Server1,MVP_SIMPLE_EXPLICIT_ROBUST,b-29,STRUCTURE_TRAIL_CANDIDATE,R11,TREND_UP,R,,,,0.00,0.00,4052.99,4067.00,0,0,44,15.00,12.00,12.00,stage=3 structure pivot=4052.99 time=2026.07.31 23:30
E1317,2026.08.03 01:02:29.047,2.10-ROBUST-FINAL,XAUUSD!,Opogroup-Server1,MVP_SIMPLE_EXPLICIT_ROBUST,b-29,STRUCTURE_TRAIL_CANDIDATE,R11,TREND_UP,R,,,,0.00,0.00,4052.99,4067.00,0,0,44,15.00,12.00,12.00,stage=3 structure pivot=4052.99 time=2026.07.31 23:30
E1318,2026.08.03 01:02:29.961,2.10-ROBUST-FINAL,XAUUSD!,Opogroup-Server1,MVP_SIMPLE_EXPLICIT_ROBUST,b-29,STRUCTURE_TRAIL_CANDIDATE,R11,TREND_UP,R,,,,0.00,0.00,4052.99,4067.00,0,0,44,15.00,12.00,12.00,stage=3 structure pivot=4052.99 time=2026.07.31 23:30
E1319,2026.08.03 01:02:30.065,2.10-ROBUST-FINAL,XAUUSD!,Opogroup-Server1,MVP_SIMPLE_EXPLICIT_ROBUST,b-29,STRUCTURE_TRAIL_CANDIDATE,R11,TREND_UP,R,,,,0.00,0.00,4052.99,4067.00,0,0,44,15.00,12.00,12.00,stage=3 structure pivot=4052.99 time=2026.07.31 23:30
E1320,2026.08.03 01:02:30.605,2.10-ROBUST-FINAL,XAUUSD!,Opogroup-Server1,MVP_SIMPLE_EXPLICIT_ROBUST,b-29,STRUCTURE_TRAIL_CANDIDATE,R11,TREND_UP,R,,,,0.00,0.00,4052.99,4067.00,0,0,44,15.00,12.00,12.00,stage=3 structure pivot=4052.99 time=2026.07.31 23:30
E1321,2026.08.03 01:02:31.012,2.10-ROBUST-FINAL,XAUUSD!,Opogroup-Server1,MVP_SIMPLE_EXPLICIT_ROBUST,b-29,STRUCTURE_TRAIL_CANDIDATE,R11,TREND_UP,R,,,,0.00,0.00,4052.99,4067.00,0,0,44,15.00,12.00,12.00,stage=3 structure pivot=4052.99 time=2026.07.31 23:30
E1322,2026.08.03 01:02:31.068,2.10-ROBUST-FINAL,XAUUSD!,Opogroup-Server1,MVP_SIMPLE_EXPLICIT_ROBUST,b-29,STRUCTURE_TRAIL_CANDIDATE,R11,TREND_UP,R,,,,0.00,0.00,4052.99,4067.00,0,0,44,15.00,12.00,12.00,stage=3 structure pivot=4052.99 time=2026.07.31 23:30
E1323,2026.08.03 01:02:31.111,2.10-ROBUST-FINAL,XAUUSD!,Opogroup-Server1,MVP_SIMPLE_EXPLICIT_ROBUST,b-29,STRUCTURE_TRAIL_CANDIDATE,R11,TREND_UP,R,,,,0.00,0.00,4052.99,4067.00,0,0,44,15.00,12.00,12.00,stage=3 structure pivot=4052.99 time=2026.07.31 23:30
E1324,2026.08.03 01:02:31.448,2.10-ROBUST-FINAL,XAUUSD!,Opogroup-Server1,MVP_SIMPLE_EXPLICIT_ROBUST,b-29,STRUCTURE_TRAIL_CANDIDATE,R11,TREND_UP,R,,,,0.00,0.00,4052.99,4067.00,0,0,44,15.00,12.00,12.00,stage=3 structure pivot=4052.99 time=2026.07.31 23:30
E1325,2026.08.03 01:02:31.469,2.10-ROBUST-FINAL,XAUUSD!,Opogroup-Server1,MVP_SIMPLE_EXPLICIT_ROBUST,b-29,STRUCTURE_TRAIL_CANDIDATE,R11,TREND_UP,R,,,,0.00,0.00,4052.99,4067.00,0,0,44,15.00,12.00,12.00,stage=3 structure pivot=4052.99 time=2026.07.31 23:30
E1326,2026.08.03 01:02:31.479,2.10-ROBUST-FINAL,XAUUSD!,Opogroup-Server1,MVP_SIMPLE_EXPLICIT_ROBUST,b-29,STRUCTURE_TRAIL_CANDIDATE,R11,TREND_UP,R,,,,0.00,0.00,4052.99,4067.00,0,0,44,15.00,12.00,12.00,stage=3 structure pivot=4052.99 time=2026.07.31 23:30
E1327,2026.08.03 01:02:31.508,2.10-ROBUST-FINAL,XAUUSD!,Opogroup-Server1,MVP_SIMPLE_EXPLICIT_ROBUST,b-29,STRUCTURE_TRAIL_CANDIDATE,R11,TREND_UP,R,,,,0.00,0.00,4052.99,4067.00,0,0,44,15.00,12.00,12.00,stage=3 structure pivot=4052.99 time=2026.07.31 23:30
E1328,2026.08.03 01:02:31.548,2.10-ROBUST-FINAL,XAUUSD!,Opogroup-Server1,MVP_SIMPLE_EXPLICIT_ROBUST,b-29,STRUCTURE_TRAIL_CANDIDATE,R11,TREND_UP,R,,,,0.00,0.00,4052.99,4067.00,0,0,44,15.00,12.00,12.00,stage=3 structure pivot=4052.99 time=2026.07.31 23:30
E1329,2026.08.03 01:02:31.558,2.10-ROBUST-FINAL,XAUUSD!,Opogroup-Server1,MVP_SIMPLE_EXPLICIT_ROBUST,b-29,STRUCTURE_TRAIL_CANDIDATE,R11,TREND_UP,R,,,,0.00,0.00,4052.99,4067.00,0,0,44,15.00,12.00,12.00,stage=3 structure pivot=4052.99 time=2026.07.31 23:30
E1330,2026.08.03 01:02:31.578,2.10-ROBUST-FINAL,XAUUSD!,Opogroup-Server1,MVP_SIMPLE_EXPLICIT_ROBUST,b-29,STRUCTURE_TRAIL_CANDIDATE,R11,TREND_UP,R,,,,0.00,0.00,4052.99,4067.00,0,0,44,15.00,12.00,12.00,stage=3 structure pivot=4052.99 time=2026.07.31 23:30
E1331,2026.08.03 01:02:31.626,2.10-ROBUST-FINAL,XAUUSD!,Opogroup-Server1,MVP_SIMPLE_EXPLICIT_ROBUST,b-29,STRUCTURE_TRAIL_CANDIDATE,R11,TREND_UP,R,,,,0.00,0.00,4052.99,4067.00,0,0,44,15.00,12.00,12.00,stage=3 structure pivot=4052.99 time=2026.07.31 23:30
E1332,2026.08.03 01:02:31.709,2.10-ROBUST-FINAL,XAUUSD!,Opogroup-Server1,MVP_SIMPLE_EXPLICIT_ROBUST,b-29,STRUCTURE_TRAIL_CANDIDATE,R11,TREND_UP,R,,,,0.00,0.00,4052.99,4067.00,0,0,44,15.00,12.00,12.00,stage=3 structure pivot=4052.99 time=2026.07.31 23:30
E1333,2026.08.03 01:02:31.721,2.10-ROBUST-FINAL,XAUUSD!,Opogroup-Server1,MVP_SIMPLE_EXPLICIT_ROBUST,b-29,STRUCTURE_TRAIL_CANDIDATE,R11,TREND_UP,R,,,,0.00,0.00,4052.99,4067.00,0,0,44,15.00,12.00,12.00,stage=3 structure pivot=4052.99 time=2026.07.31 23:30
E1334,2026.08.03 01:02:31.739,2.10-ROBUST-FINAL,XAUUSD!,Opogroup-Server1,MVP_SIMPLE_EXPLICIT_ROBUST,b-29,STRUCTURE_TRAIL_CANDIDATE,R11,TREND_UP,R,,,,0.00,0.00,4052.99,4067.00,0,0,44,15.00,12.00,12.00,stage=3 structure pivot=4052.99 time=2026.07.31 23:30
E1335,2026.08.03 01:02:31.779,2.10-ROBUST-FINAL,XAUUSD!,Opogroup-Server1,MVP_SIMPLE_EXPLICIT_ROBUST,b-29,STRUCTURE_TRAIL_CANDIDATE,R11,TREND_UP,R,,,,0.00,0.00,4052.99,4067.00,0,0,44,15.00,12.00,12.00,stage=3 structure pivot=4052.99 time=2026.07.31 23:30
E1336,2026.08.03 01:02:31.800,2.10-ROBUST-FINAL,XAUUSD!,Opogroup-Server1,MVP_SIMPLE_EXPLICIT_ROBUST,b-29,STRUCTURE_TRAIL_CANDIDATE,R11,TREND_UP,R,,,,0.00,0.00,4052.99,4067.00,0,0,44,15.00,12.00,12.00,stage=3 structure pivot=4052.99 time=2026.07.31 23:30
E1337,2026.08.03 01:02:31.849,2.10-ROBUST-FINAL,XAUUSD!,Opogroup-Server1,MVP_SIMPLE_EXPLICIT_ROBUST,b-29,STRUCTURE_TRAIL_CANDIDATE,R11,TREND_UP,R,,,,0.00,0.00,4052.99,4067.00,0,0,44,15.00,12.00,12.00,stage=3 structure pivot=4052.99 time=2026.07.31 23:30
E1338,2026.08.03 01:02:31.869,2.10-ROBUST-FINAL,XAUUSD!,Opogroup-Server1,MVP_SIMPLE_EXPLICIT_ROBUST,b-29,STRUCTURE_TRAIL_CANDIDATE,R11,TREND_UP,R,,,,0.00,0.00,4052.99,4067.00,0,0,44,15.00,12.00,12.00,stage=3 structure pivot=4052.99 time=2026.07.31 23:30
E1339,2026.08.03 01:02:32.162,2.10-ROBUST-FINAL,XAUUSD!,Opogroup-Server1,MVP_SIMPLE_EXPLICIT_ROBUST,b-29,STRUCTURE_TRAIL_CANDIDATE,R11,TREND_UP,R,,,,0.00,0.00,4052.99,4067.00,0,0,44,15.00,12.00,12.00,stage=3 structure pivot=4052.99 time=2026.07.31 23:30
E1340,2026.08.03 01:02:32.231,2.10-ROBUST-FINAL,XAUUSD!,Opogroup-Server1,MVP_SIMPLE_EXPLICIT_ROBUST,b-29,STRUCTURE_TRAIL_CANDIDATE,R11,TREND_UP,R,,,,0.00,0.00,4052.99,4067.00,0,0,44,15.00,12.00,12.00,stage=3 structure pivot=4052.99 time=2026.07.31 23:30
E1341,2026.08.03 01:02:32.239,2.10-ROBUST-FINAL,XAUUSD!,Opogroup-Server1,MVP_SIMPLE_EXPLICIT_ROBUST,b-29,STRUCTURE_TRAIL_CANDIDATE,R11,TREND_UP,R,,,,0.00,0.00,4052.99,4067.00,0,0,44,15.00,12.00,12.00,stage=3 structure pivot=4052.99 time=2026.07.31 23:30
E1342,2026.08.03 01:02:32.624,2.10-ROBUST-FINAL,XAUUSD!,Opogroup-Server1,MVP_SIMPLE_EXPLICIT_ROBUST,b-29,STRUCTURE_TRAIL_CANDIDATE,R11,TREND_UP,R,,,,0.00,0.00,4052.99,4067.00,0,0,44,15.00,12.00,12.00,stage=3 structure pivot=4052.99 time=2026.07.31 23:30
E1343,2026.08.03 01:02:32.661,2.10-ROBUST-FINAL,XAUUSD!,Opogroup-Server1,MVP_SIMPLE_EXPLICIT_ROBUST,b-29,STRUCTURE_TRAIL_CANDIDATE,R11,TREND_UP,R,,,,0.00,0.00,4052.99,4067.00,0,0,44,15.00,12.00,12.00,stage=3 structure pivot=4052.99 time=2026.07.31 23:30
E1344,2026.08.03 01:02:32.715,2.10-ROBUST-FINAL,XAUUSD!,Opogroup-Server1,MVP_SIMPLE_EXPLICIT_ROBUST,b-29,STRUCTURE_TRAIL_CANDIDATE,R11,TREND_UP,R,,,,0.00,0.00,4052.99,4067.00,0,0,44,15.00,12.00,12.00,stage=3 structure pivot=4052.99 time=2026.07.31 23:30
E1345,2026.08.03 01:02:32.963,2.10-ROBUST-FINAL,XAUUSD!,Opogroup-Server1,MVP_SIMPLE_EXPLICIT_ROBUST,b-29,STRUCTURE_TRAIL_CANDIDATE,R11,TREND_UP,R,,,,0.00,0.00,4052.99,4067.00,0,0,44,15.00,12.00,12.00,stage=3 structure pivot=4052.99 time=2026.07.31 23:30
E1346,2026.08.03 01:02:33.016,2.10-ROBUST-FINAL,XAUUSD!,Opogroup-Server1,MVP_SIMPLE_EXPLICIT_ROBUST,b-29,STRUCTURE_TRAIL_CANDIDATE,R11,TREND_UP,R,,,,0.00,0.00,4052.99,4067.00,0,0,44,15.00,12.00,12.00,stage=3 structure pivot=4052.99 time=2026.07.31 23:30
E1347,2026.08.03 01:02:33.403,2.10-ROBUST-FINAL,XAUUSD!,Opogroup-Server1,MVP_SIMPLE_EXPLICIT_ROBUST,b-29,STRUCTURE_TRAIL_CANDIDATE,R11,TREND_UP,R,,,,0.00,0.00,4052.99,4067.00,0,0,44,15.00,12.00,12.00,stage=3 structure pivot=4052.99 time=2026.07.31 23:30
E1348,2026.08.03 01:02:33.612,2.10-ROBUST-FINAL,XAUUSD!,Opogroup-Server1,MVP_SIMPLE_EXPLICIT_ROBUST,b-29,STRUCTURE_TRAIL_CANDIDATE,R11,TREND_UP,R,,,,0.00,0.00,4052.99,4067.00,0,0,44,15.00,12.00,12.00,stage=3 structure pivot=4052.99 time=2026.07.31 23:30
E1349,2026.08.03 01:02:33.684,2.10-ROBUST-FINAL,XAUUSD!,Opogroup-Server1,MVP_SIMPLE_EXPLICIT_ROBUST,b-29,STRUCTURE_TRAIL_CANDIDATE,R11,TREND_UP,R,,,,0.00,0.00,4052.99,4067.00,0,0,44,15.00,12.00,12.00,stage=3 structure pivot=4052.99 time=2026.07.31 23:30
E1350,2026.08.03 01:02:33.745,2.10-ROBUST-FINAL,XAUUSD!,Opogroup-Server1,MVP_SIMPLE_EXPLICIT_ROBUST,b-29,STRUCTURE_TRAIL_CANDIDATE,R11,TREND_UP,R,,,,0.00,0.00,4052.99,4067.00,0,0,44,15.00,12.00,12.00,stage=3 structure pivot=4052.99 time=2026.07.31 23:30
E1351,2026.08.03 01:02:34.148,2.10-ROBUST-FINAL,XAUUSD!,Opogroup-Server1,MVP_SIMPLE_EXPLICIT_ROBUST,b-29,STRUCTURE_TRAIL_CANDIDATE,R11,TREND_UP,R,,,,0.00,0.00,4052.99,4067.00,0,0,44,15.00,12.00,12.00,stage=3 structure pivot=4052.99 time=2026.07.31 23:30
E1352,2026.08.03 01:02:35.172,2.10-ROBUST-FINAL,XAUUSD!,Opogroup-Server1,MVP_SIMPLE_EXPLICIT_ROBUST,b-29,STRUCTURE_TRAIL_CANDIDATE,R11,TREND_UP,R,,,,0.00,0.00,4052.99,4067.00,0,0,44,15.00,12.00,12.00,stage=3 structure pivot=4052.99 time=2026.07.31 23:30
E1353,2026.08.03 01:02:35.940,2.10-ROBUST-FINAL,XAUUSD!,Opogroup-Server1,MVP_SIMPLE_EXPLICIT_ROBUST,b-29,STRUCTURE_TRAIL_CANDIDATE,R11,TREND_UP,R,,,,0.00,0.00,4052.99,4067.00,0,0,44,15.00,12.00,12.00,stage=3 structure pivot=4052.99 time=2026.07.31 23:30
E1354,2026.08.03 01:02:36.078,2.10-ROBUST-FINAL,XAUUSD!,Opogroup-Server1,MVP_SIMPLE_EXPLICIT_ROBUST,b-29,STRUCTURE_TRAIL_CANDIDATE,R11,TREND_UP,R,,,,0.00,0.00,4052.99,4067.00,0,0,44,15.00,12.00,12.00,stage=3 structure pivot=4052.99 time=2026.07.31 23:30
E1355,2026.08.03 01:02:36.180,2.10-ROBUST-FINAL,XAUUSD!,Opogroup-Server1,MVP_SIMPLE_EXPLICIT_ROBUST,b-29,STRUCTURE_TRAIL_CANDIDATE,R11,TREND_UP,R,,,,0.00,0.00,4052.99,4067.00,0,0,44,15.00,12.00,12.00,stage=3 structure pivot=4052.99 time=2026.07.31 23:30
E1356,2026.08.03 01:02:36.372,2.10-ROBUST-FINAL,XAUUSD!,Opogroup-Server1,MVP_SIMPLE_EXPLICIT_ROBUST,b-29,STRUCTURE_TRAIL_CANDIDATE,R11,TREND_UP,R,,,,0.00,0.00,4052.99,4067.00,0,0,44,15.00,12.00,12.00,stage=3 structure pivot=4052.99 time=2026.07.31 23:30
E1357,2026.08.03 01:02:36.382,2.10-ROBUST-FINAL,XAUUSD!,Opogroup-Server1,MVP_SIMPLE_EXPLICIT_ROBUST,b-29,STRUCTURE_TRAIL_CANDIDATE,R11,TREND_UP,R,,,,0.00,0.00,4052.99,4067.00,0,0,44,15.00,12.00,12.00,stage=3 structure pivot=4052.99 time=2026.07.31 23:30
E1358,2026.08.03 01:02:36.405,2.10-ROBUST-FINAL,XAUUSD!,Opogroup-Server1,MVP_SIMPLE_EXPLICIT_ROBUST,b-29,STRUCTURE_TRAIL_CANDIDATE,R11,TREND_UP,R,,,,0.00,0.00,4052.99,4067.00,0,0,44,15.00,12.00,12.00,stage=3 structure pivot=4052.99 time=2026.07.31 23:30
E1359,2026.08.03 01:02:36.415,2.10-ROBUST-FINAL,XAUUSD!,Opogroup-Server1,MVP_SIMPLE_EXPLICIT_ROBUST,b-29,STRUCTURE_TRAIL_CANDIDATE,R11,TREND_UP,R,,,,0.00,0.00,4052.99,4067.00,0,0,44,15.00,12.00,12.00,stage=3 structure pivot=4052.99 time=2026.07.31 23:30
E1360,2026.08.03 01:02:36.475,2.10-ROBUST-FINAL,XAUUSD!,Opogroup-Server1,MVP_SIMPLE_EXPLICIT_ROBUST,b-29,STRUCTURE_TRAIL_CANDIDATE,R11,TREND_UP,R,,,,0.00,0.00,4052.99,4067.00,0,0,44,15.00,12.00,12.00,stage=3 structure pivot=4052.99 time=2026.07.31 23:30
E1361,2026.08.03 01:02:36.582,2.10-ROBUST-FINAL,XAUUSD!,Opogroup-Server1,MVP_SIMPLE_EXPLICIT_ROBUST,b-29,STRUCTURE_TRAIL_CANDIDATE,R11,TREND_UP,R,,,,0.00,0.00,4052.99,4067.00,0,0,44,15.00,12.00,12.00,stage=3 structure pivot=4052.99 time=2026.07.31 23:30
E1362,2026.08.03 01:02:36.623,2.10-ROBUST-FINAL,XAUUSD!,Opogroup-Server1,MVP_SIMPLE_EXPLICIT_ROBUST,b-29,STRUCTURE_TRAIL_CANDIDATE,R11,TREND_UP,R,,,,0.00,0.00,4052.99,4067.00,0,0,44,15.00,12.00,12.00,stage=3 structure pivot=4052.99 time=2026.07.31 23:30
E1363,2026.08.03 01:02:36.730,2.10-ROBUST-FINAL,XAUUSD!,Opogroup-Server1,MVP_SIMPLE_EXPLICIT_ROBUST,b-29,STRUCTURE_TRAIL_CANDIDATE,R11,TREND_UP,R,,,,0.00,0.00,4052.99,4067.00,0,0,44,15.00,12.00,12.00,stage=3 structure pivot=4052.99 time=2026.07.31 23:30
E1364,2026.08.03 01:02:36.759,2.10-ROBUST-FINAL,XAUUSD!,Opogroup-Server1,MVP_SIMPLE_EXPLICIT_ROBUST,b-29,STRUCTURE_TRAIL_CANDIDATE,R11,TREND_UP,R,,,,0.00,0.00,4052.99,4067.00,0,0,44,15.00,12.00,12.00,stage=3 structure pivot=4052.99 time=2026.07.31 23:30
E1365,2026.08.03 01:02:36.792,2.10-ROBUST-FINAL,XAUUSD!,Opogroup-Server1,MVP_SIMPLE_EXPLICIT_ROBUST,b-29,STRUCTURE_TRAIL_CANDIDATE,R11,TREND_UP,R,,,,0.00,0.00,4052.99,4067.00,0,0,44,15.00,12.00,12.00,stage=3 structure pivot=4052.99 time=2026.07.31 23:30
E1366,2026.08.03 01:02:36.886,2.10-ROBUST-FINAL,XAUUSD!,Opogroup-Server1,MVP_SIMPLE_EXPLICIT_ROBUST,b-29,STRUCTURE_TRAIL_CANDIDATE,R11,TREND_UP,R,,,,0.00,0.00,4052.99,4067.00,0,0,44,15.00,12.00,12.00,stage=3 structure pivot=4052.99 time=2026.07.31 23:30
E1367,2026.08.03 01:02:36.944,2.10-ROBUST-FINAL,XAUUSD!,Opogroup-Server1,MVP_SIMPLE_EXPLICIT_ROBUST,b-29,STRUCTURE_TRAIL_CANDIDATE,R11,TREND_UP,R,,,,0.00,0.00,4052.99,4067.00,0,0,44,15.00,12.00,12.00,stage=3 structure pivot=4052.99 time=2026.07.31 23:30
E1368,2026.08.03 01:02:37.002,2.10-ROBUST-FINAL,XAUUSD!,Opogroup-Server1,MVP_SIMPLE_EXPLICIT_ROBUST,b-29,STRUCTURE_TRAIL_CANDIDATE,R11,TREND_UP,R,,,,0.00,0.00,4052.99,4067.00,0,0,44,15.00,12.00,12.00,stage=3 structure pivot=4052.99 time=2026.07.31 23:30
E1369,2026.08.03 01:02:37.043,2.10-ROBUST-FINAL,XAUUSD!,Opogroup-Server1,MVP_SIMPLE_EXPLICIT_ROBUST,b-29,STRUCTURE_TRAIL_CANDIDATE,R11,TREND_UP,R,,,,0.00,0.00,4052.99,4067.00,0,0,44,15.00,12.00,12.00,stage=3 structure pivot=4052.99 time=2026.07.31 23:30
E1370,2026.08.03 01:02:37.096,2.10-ROBUST-FINAL,XAUUSD!,Opogroup-Server1,MVP_SIMPLE_EXPLICIT_ROBUST,b-29,STRUCTURE_TRAIL_CANDIDATE,R11,TREND_UP,R,,,,0.00,0.00,4052.99,4067.00,0,0,44,15.00,12.00,12.00,stage=3 structure pivot=4052.99 time=2026.07.31 23:30
E1371,2026.08.03 01:02:37.101,2.10-ROBUST-FINAL,XAUUSD!,Opogroup-Server1,MVP_SIMPLE_EXPLICIT_ROBUST,b-29,STRUCTURE_TRAIL_CANDIDATE,R11,TREND_UP,R,,,,0.00,0.00,4052.99,4067.00,0,0,44,15.00,12.00,12.00,stage=3 structure pivot=4052.99 time=2026.07.31 23:30
E1372,2026.08.03 01:02:37.110,2.10-ROBUST-FINAL,XAUUSD!,Opogroup-Server1,MVP_SIMPLE_EXPLICIT_ROBUST,b-29,STRUCTURE_TRAIL_CANDIDATE,R11,TREND_UP,R,,,,0.00,0.00,4052.99,4067.00,0,0,44,15.00,12.00,12.00,stage=3 structure pivot=4052.99 time=2026.07.31 23:30
E1373,2026.08.03 01:02:37.121,2.10-ROBUST-FINAL,XAUUSD!,Opogroup-Server1,MVP_SIMPLE_EXPLICIT_ROBUST,b-29,STRUCTURE_TRAIL_CANDIDATE,R11,TREND_UP,R,,,,0.00,0.00,4052.99,4067.00,0,0,44,15.00,12.00,12.00,stage=3 structure pivot=4052.99 time=2026.07.31 23:30
E1374,2026.08.03 01:02:37.162,2.10-ROBUST-FINAL,XAUUSD!,Opogroup-Server1,MVP_SIMPLE_EXPLICIT_ROBUST,b-29,STRUCTURE_TRAIL_CANDIDATE,R11,TREND_UP,R,,,,0.00,0.00,4052.99,4067.00,0,0,44,15.00,12.00,12.00,stage=3 structure pivot=4052.99 time=2026.07.31 23:30
E1375,2026.08.03 01:02:37.416,2.10-ROBUST-FINAL,XAUUSD!,Opogroup-Server1,MVP_SIMPLE_EXPLICIT_ROBUST,b-29,STRUCTURE_TRAIL_CANDIDATE,R11,TREND_UP,R,,,,0.00,0.00,4052.99,4067.00,0,0,44,15.00,12.00,12.00,stage=3 structure pivot=4052.99 time=2026.07.31 23:30
E1376,2026.08.03 01:02:37.624,2.10-ROBUST-FINAL,XAUUSD!,Opogroup-Server1,MVP_SIMPLE_EXPLICIT_ROBUST,b-29,STRUCTURE_TRAIL_CANDIDATE,R11,TREND_UP,R,,,,0.00,0.00,4052.99,4067.00,0,0,44,15.00,12.00,12.00,stage=3 structure pivot=4052.99 time=2026.07.31 23:30
E1377,2026.08.03 01:02:37.636,2.10-ROBUST-FINAL,XAUUSD!,Opogroup-Server1,MVP_SIMPLE_EXPLICIT_ROBUST,b-29,STRUCTURE_TRAIL_CANDIDATE,R11,TREND_UP,R,,,,0.00,0.00,4052.99,4067.00,0,0,44,15.00,12.00,12.00,stage=3 structure pivot=4052.99 time=2026.07.31 23:30
E1378,2026.08.03 01:02:37.645,2.10-ROBUST-FINAL,XAUUSD!,Opogroup-Server1,MVP_SIMPLE_EXPLICIT_ROBUST,b-29,STRUCTURE_TRAIL_CANDIDATE,R11,TREND_UP,R,,,,0.00,0.00,4052.99,4067.00,0,0,44,15.00,12.00,12.00,stage=3 structure pivot=4052.99 time=2026.07.31 23:30
E1379,2026.08.03 01:02:37.695,2.10-ROBUST-FINAL,XAUUSD!,Opogroup-Server1,MVP_SIMPLE_EXPLICIT_ROBUST,b-29,STRUCTURE_TRAIL_CANDIDATE,R11,TREND_UP,R,,,,0.00,0.00,4052.99,4067.00,0,0,44,15.00,12.00,12.00,stage=3 structure pivot=4052.99 time=2026.07.31 23:30
E1380,2026.08.03 01:02:37.705,2.10-ROBUST-FINAL,XAUUSD!,Opogroup-Server1,MVP_SIMPLE_EXPLICIT_ROBUST,b-29,STRUCTURE_TRAIL_CANDIDATE,R11,TREND_UP,R,,,,0.00,0.00,4052.99,4067.00,0,0,44,15.00,12.00,12.00,stage=3 structure pivot=4052.99 time=2026.07.31 23:30
E1381,2026.08.03 01:02:37.910,2.10-ROBUST-FINAL,XAUUSD!,Opogroup-Server1,MVP_SIMPLE_EXPLICIT_ROBUST,b-29,STRUCTURE_TRAIL_CANDIDATE,R11,TREND_UP,R,,,,0.00,0.00,4052.99,4067.00,0,0,44,15.00,12.00,12.00,stage=3 structure pivot=4052.99 time=2026.07.31 23:30
E1382,2026.08.03 01:02:37.919,2.10-ROBUST-FINAL,XAUUSD!,Opogroup-Server1,MVP_SIMPLE_EXPLICIT_ROBUST,b-29,STRUCTURE_TRAIL_CANDIDATE,R11,TREND_UP,R,,,,0.00,0.00,4052.99,4067.00,0,0,44,15.00,12.00,12.00,stage=3 structure pivot=4052.99 time=2026.07.31 23:30
E1383,2026.08.03 01:02:37.930,2.10-ROBUST-FINAL,XAUUSD!,Opogroup-Server1,MVP_SIMPLE_EXPLICIT_ROBUST,b-29,STRUCTURE_TRAIL_CANDIDATE,R11,TREND_UP,R,,,,0.00,0.00,4052.99,4067.00,0,0,44,15.00,12.00,12.00,stage=3 structure pivot=4052.99 time=2026.07.31 23:30
E1384,2026.08.03 01:02:37.940,2.10-ROBUST-FINAL,XAUUSD!,Opogroup-Server1,MVP_SIMPLE_EXPLICIT_ROBUST,b-29,STRUCTURE_TRAIL_CANDIDATE,R11,TREND_UP,R,,,,0.00,0.00,4052.99,4067.00,0,0,44,15.00,12.00,12.00,stage=3 structure pivot=4052.99 time=2026.07.31 23:30
E1385,2026.08.03 01:02:37.951,2.10-ROBUST-FINAL,XAUUSD!,Opogroup-Server1,MVP_SIMPLE_EXPLICIT_ROBUST,b-29,STRUCTURE_TRAIL_CANDIDATE,R11,TREND_UP,R,,,,0.00,0.00,4052.99,4067.00,0,0,44,15.00,12.00,12.00,stage=3 structure pivot=4052.99 time=2026.07.31 23:30
E1386,2026.08.03 01:02:37.970,2.10-ROBUST-FINAL,XAUUSD!,Opogroup-Server1,MVP_SIMPLE_EXPLICIT_ROBUST,b-29,STRUCTURE_TRAIL_CANDIDATE,R11,TREND_UP,R,,,,0.00,0.00,4052.99,4067.00,0,0,44,15.00,12.00,12.00,stage=3 structure pivot=4052.99 time=2026.07.31 23:30
E1387,2026.08.03 01:02:38.356,2.10-ROBUST-FINAL,XAUUSD!,Opogroup-Server1,MVP_SIMPLE_EXPLICIT_ROBUST,b-29,STRUCTURE_TRAIL_CANDIDATE,R11,TREND_UP,R,,,,0.00,0.00,4052.99,4067.00,0,0,44,15.00,12.00,12.00,stage=3 structure pivot=4052.99 time=2026.07.31 23:30
E1388,2026.08.03 01:02:38.442,2.10-ROBUST-FINAL,XAUUSD!,Opogroup-Server1,MVP_SIMPLE_EXPLICIT_ROBUST,b-29,STRUCTURE_TRAIL_CANDIDATE,R11,TREND_UP,R,,,,0.00,0.00,4052.99,4067.00,0,0,44,15.00,12.00,12.00,stage=3 structure pivot=4052.99 time=2026.07.31 23:30
E1389,2026.08.03 01:02:38.479,2.10-ROBUST-FINAL,XAUUSD!,Opogroup-Server1,MVP_SIMPLE_EXPLICIT_ROBUST,b-29,STRUCTURE_TRAIL_CANDIDATE,R11,TREND_UP,R,,,,0.00,0.00,4052.99,4067.00,0,0,44,15.00,12.00,12.00,stage=3 structure pivot=4052.99 time=2026.07.31 23:30
E1390,2026.08.03 01:02:38.539,2.10-ROBUST-FINAL,XAUUSD!,Opogroup-Server1,MVP_SIMPLE_EXPLICIT_ROBUST,b-29,STRUCTURE_TRAIL_CANDIDATE,R11,TREND_UP,R,,,,0.00,0.00,4052.99,4067.00,0,0,44,15.00,12.00,12.00,stage=3 structure pivot=4052.99 time=2026.07.31 23:30
E1391,2026.08.03 01:02:38.568,2.10-ROBUST-FINAL,XAUUSD!,Opogroup-Server1,MVP_SIMPLE_EXPLICIT_ROBUST,b-29,STRUCTURE_TRAIL_CANDIDATE,R11,TREND_UP,R,,,,0.00,0.00,4052.99,4067.00,0,0,44,15.00,12.00,12.00,stage=3 structure pivot=4052.99 time=2026.07.31 23:30
E1392,2026.08.03 01:02:38.599,2.10-ROBUST-FINAL,XAUUSD!,Opogroup-Server1,MVP_SIMPLE_EXPLICIT_ROBUST,b-29,STRUCTURE_TRAIL_CANDIDATE,R11,TREND_UP,R,,,,0.00,0.00,4052.99,4067.00,0,0,44,15.00,12.00,12.00,stage=3 structure pivot=4052.99 time=2026.07.31 23:30
E1393,2026.08.03 01:02:39.167,2.10-ROBUST-FINAL,XAUUSD!,Opogroup-Server1,MVP_SIMPLE_EXPLICIT_ROBUST,b-20,DEAL_COSTS_RECORDED,,TREND_UP,,,,,0.00,4080.01,0.00,0.00,0,45,0,N/A,N/A,N/A,profit=2.31 commission=0.00 swap=0.00 fee=0.00
E1394,2026.08.03 01:02:39.167,2.10-ROBUST-FINAL,XAUUSD!,Opogroup-Server1,MVP_SIMPLE_EXPLICIT_ROBUST,TEST-HIGH-R/b-24/b-26,ZONE_CONSUMED,R11,TREND_UP,R,,,,0.00,0.00,0.00,0.00,0,0,0,15.00,12.00,12.00,reversal daily max reached; executed=1 allowed=1
E1395,2026.08.03 01:02:39.167,2.10-ROBUST-FINAL,XAUUSD!,Opogroup-Server1,MVP_SIMPLE_EXPLICIT_ROBUST,b-20/b-23/b-26/b-29,POSITION_CLOSED,R11,TREND_UP,R-S,,,,0.00,4080.01,0.00,0.00,0,45,44,15.00,12.00,12.00,position_net=2.31 daily_net=2.31 R0=6.00000 max_r_stage=3 stacked_pullback=false reversal_ordinal=1
E1396,2026.08.03 01:15:00.198,2.10-ROBUST-FINAL,XAUUSD!,Opogroup-Server1,MVP_SIMPLE_EXPLICIT_ROBUST,a-1/a-2/a-3,CANDLE_CLASSIFIED,,TREND_UP,,,,,4081.72,4076.34,4068.58,4082.81,0,0,0,N/A,N/A,N/A,bar=2026.08.03 01:00 class=BEARISH
E1397,2026.08.03 01:15:00.198,2.10-ROBUST-FINAL,XAUUSD!,Opogroup-Server1,MVP_SIMPLE_EXPLICIT_ROBUST,trend-1,TREND_REFERENCE_UPDATED,,TREND_UP,,,,,4044.83,4082.81,0.00,0.00,0,0,0,N/A,N/A,N/A,High[1..3]/Low[1..3]
E1398,2026.08.03 01:23:35.057,2.10-ROBUST-FINAL,XAUUSD!,Opogroup-Server1,MVP_SIMPLE_EXPLICIT_ROBUST,b-3,ZONE_ENGAGED,R10,TREND_UP,,,,,4066.99,0.00,0.00,0.00,0,0,0,3.00,15.00,3.00,entered/crossed zone from above
E1399,2026.08.03 01:24:37.424,2.10-ROBUST-FINAL,XAUUSD!,Opogroup-Server1,MVP_SIMPLE_EXPLICIT_ROBUST,b-3,ZONE_ENGAGED,R10,TREND_UP,,,,,4065.20,0.00,0.00,0.00,0,0,0,3.00,15.00,3.00,entered/crossed zone from below
E1400,2026.08.03 01:24:37.424,2.10-ROBUST-FINAL,XAUUSD!,Opogroup-Server1,MVP_SIMPLE_EXPLICIT_ROBUST,trend-2/b-31,ZONE_TOUCH_DIRECTION_CONFIRMED,R10,TREND_UP,R-S,Market,,,4065.20,0.00,0.00,0.00,0,0,0,3.00,15.00,3.00,first valid R-S touch for this M15+zone+direction
E1401,2026.08.03 01:24:37.424,2.10-ROBUST-FINAL,XAUUSD!,Opogroup-Server1,MVP_SIMPLE_EXPLICIT_ROBUST,b-29/b-30,RISK_MODEL_READY,R10,TREND_UP,SELL,,,,4065.20,0.00,4071.20,4036.00,0,0,0,3.00,15.00,3.00,R_CAP=6.00 R0=6.00000 target_zone=R8
E1402,2026.08.03 01:24:37.424,2.10-ROBUST-FINAL,XAUUSD!,Opogroup-Server1,MVP_SIMPLE_EXPLICIT_ROBUST,AR-RISK-01,PORTFOLIO_RISK_PRECHECK,R10,TREND_UP,R-S,Market,,,4065.20,0.00,4071.20,0.00,0,0,0,3.00,15.00,3.00,mode=GROSS_DAILY pct=30.00 budget=3000.00 realized=0.00 open=0.00 pending=0.00 used=0.00 remaining=3000.00 new=6.00 allowed=true
E1403,2026.08.03 01:24:37.424,2.10-ROBUST-FINAL,XAUUSD!,Opogroup-Server1,MVP_SIMPLE_EXPLICIT_ROBUST,b-1/b-11/b-29/b-30,REVERSAL_SIGNAL,R10,TREND_UP,R-S,Market,,,4065.20,0.00,4071.20,4036.00,0,0,0,3.00,15.00,3.00,reversal_ordinal=1/1 directional touch + trend valid; R0=6.00000 target=R8
E1404,2026.08.03 01:24:37.424,2.10-ROBUST-FINAL,XAUUSD!,Opogroup-Server1,MVP_SIMPLE_EXPLICIT_ROBUST,MVP-RISK/TEST-HARNESS,MARGIN_PRECHECK,R10,TREND_UP,R-S,Telemetry,,,4065.20,0.00,0.00,0.00,0,0,0,3.00,15.00,3.00,lot=0.0100 required_new_margin=20.33 account_margin=0.00 free_margin=10088.97 margin_level=0.00
E1405,2026.08.03 01:24:37.424,2.10-ROBUST-FINAL,XAUUSD!,Opogroup-Server1,MVP_SIMPLE_EXPLICIT_ROBUST,b-20,DEAL_COSTS_RECORDED,,TREND_UP,,,,,0.00,4065.20,0.00,0.00,0,46,46,N/A,N/A,N/A,profit=0.00 commission=0.00 swap=0.00 fee=0.00
E1406,2026.08.03 01:24:37.424,2.10-ROBUST-FINAL,XAUUSD!,Opogroup-Server1,MVP_SIMPLE_EXPLICIT_ROBUST,b-1/b-26/b-29,ORDER_FILLED,R10,TREND_UP,R-S,Market,,,4065.20,4065.20,4071.20,4036.00,46,46,46,3.00,15.00,3.00,native fill; reversal_ordinal=1 R0=6.00000 target=R8
E1407,2026.08.03 01:24:37.424,2.10-ROBUST-FINAL,XAUUSD!,Opogroup-Server1,MVP_SIMPLE_EXPLICIT_ROBUST,MVP-RISK/TEST-HARNESS,MARGIN_POST_FILL,R10,TREND_UP,R-S,Telemetry,,,0.00,0.00,0.00,0.00,0,0,46,3.00,15.00,3.00,lot=0.0100 account_margin=20.33 free_margin=10068.42 margin_level=49624.94
E1408,2026.08.03 01:24:37.424,2.10-ROBUST-FINAL,XAUUSD!,Opogroup-Server1,MVP_SIMPLE_EXPLICIT_ROBUST,AR-RISK-01,PORTFOLIO_RISK_POST_FILL,R10,TREND_UP,R-S,PostFill,,,0.00,0.00,0.00,0.00,0,0,0,3.00,15.00,3.00,mode=GROSS_DAILY pct=30.00 budget=3000.00 realized=0.00 open=6.00 pending=0.00 used=6.00 overflow=false
E1409,2026.08.03 01:30:00.002,2.10-ROBUST-FINAL,XAUUSD!,Opogroup-Server1,MVP_SIMPLE_EXPLICIT_ROBUST,a-1/a-2/a-3,CANDLE_CLASSIFIED,,TREND_UP,,,,,4076.35,4066.08,4064.01,4077.32,0,0,0,N/A,N/A,N/A,bar=2026.08.03 01:15 class=BEARISH
E1410,2026.08.03 01:30:00.002,2.10-ROBUST-FINAL,XAUUSD!,Opogroup-Server1,MVP_SIMPLE_EXPLICIT_ROBUST,trend-1,TREND_REFERENCE_UPDATED,,TREND_UP,,,,,4044.83,4082.81,0.00,0.00,0,0,0,N/A,N/A,N/A,High[1..3]/Low[1..3]
E1411,2026.08.03 01:30:00.002,2.10-ROBUST-FINAL,XAUUSD!,Opogroup-Server1,MVP_SIMPLE_EXPLICIT_ROBUST,b-3,ZONE_ENGAGED,R10,TREND_UP,,,,,4066.16,0.00,0.00,0.00,0,0,0,3.00,15.00,3.00,bar opened inside zone
E1412,2026.08.03 01:34:41.678,2.10-ROBUST-FINAL,XAUUSD!,Opogroup-Server1,MVP_SIMPLE_EXPLICIT_ROBUST,trend-2/b-31,ZONE_TOUCH_DIRECTION_CONFIRMED,R10,TREND_UP,R-S,Market,,,4065.10,0.00,0.00,0.00,0,0,0,3.00,15.00,3.00,first valid R-S touch for this M15+zone+direction
E1413,2026.08.03 01:34:41.678,2.10-ROBUST-FINAL,XAUUSD!,Opogroup-Server1,MVP_SIMPLE_EXPLICIT_ROBUST,TEST-HIGH-R/b-24,ZONE_USAGE_BLOCKED,R10,TREND_UP,R,Market,,,0.00,0.00,0.00,0.00,0,0,0,3.00,15.00,3.00,daily reversal max reached: allowed=1 executed=1
E1414,2026.08.03 01:45:00.115,2.10-ROBUST-FINAL,XAUUSD!,Opogroup-Server1,MVP_SIMPLE_EXPLICIT_ROBUST,a-1/a-2/a-3,CANDLE_CLASSIFIED,,TREND_UP,,,,,4066.16,4066.84,4064.07,4068.39,0,0,0,N/A,N/A,N/A,bar=2026.08.03 01:30 class=BULLISH
E1415,2026.08.03 01:45:00.115,2.10-ROBUST-FINAL,XAUUSD!,Opogroup-Server1,MVP_SIMPLE_EXPLICIT_ROBUST,trend-1,TREND_REFERENCE_UPDATED,,TREND_UP,,,,,4064.01,4082.81,0.00,0.00,0,0,0,N/A,N/A,N/A,High[1..3]/Low[1..3]
E1416,2026.08.03 01:45:00.115,2.10-ROBUST-FINAL,XAUUSD!,Opogroup-Server1,MVP_SIMPLE_EXPLICIT_ROBUST,b-3,ZONE_ENGAGED,R10,TREND_UP,,,,,4066.86,0.00,0.00,0.00,0,0,0,3.00,15.00,3.00,bar opened inside zone
E1417,2026.08.03 01:48:47.628,2.10-ROBUST-FINAL,XAUUSD!,Opogroup-Server1,MVP_SIMPLE_EXPLICIT_ROBUST,trend-2/b-31,ZONE_TOUCH_DIRECTION_CONFIRMED,R10,TREND_UP,R-S,Market,,,4065.00,0.00,0.00,0.00,0,0,0,3.00,15.00,3.00,first valid R-S touch for this M15+zone+direction
E1418,2026.08.03 01:48:47.628,2.10-ROBUST-FINAL,XAUUSD!,Opogroup-Server1,MVP_SIMPLE_EXPLICIT_ROBUST,TEST-HIGH-R/b-24,ZONE_USAGE_BLOCKED,R10,TREND_UP,R,Market,,,0.00,0.00,0.00,0.00,0,0,0,3.00,15.00,3.00,daily reversal max reached: allowed=1 executed=1
E1419,2026.08.03 01:52:56.206,2.10-ROBUST-FINAL,XAUUSD!,Opogroup-Server1,MVP_SIMPLE_EXPLICIT_ROBUST,trend-1,TREND_STATE_CHANGED,,TREND_DOWN,,,,,4063.88,0.00,4064.01,4082.81,0,0,0,N/A,N/A,N/A,TREND_UP -> TREND_DOWN
E1420,2026.08.03 02:00:00.024,2.10-ROBUST-FINAL,XAUUSD!,Opogroup-Server1,MVP_SIMPLE_EXPLICIT_ROBUST,a-1/a-2/a-3,CANDLE_CLASSIFIED,,TREND_DOWN,,,,,4066.86,4063.61,4063.48,4067.16,0,0,0,N/A,N/A,N/A,bar=2026.08.03 01:45 class=BEARISH
E1421,2026.08.03 02:00:00.024,2.10-ROBUST-FINAL,XAUUSD!,Opogroup-Server1,MVP_SIMPLE_EXPLICIT_ROBUST,b-3/b-4/trend-1,BREAKOUT_SIGNAL,R10,TREND_DOWN,BO-S,Close,BO#01,,4063.61,0.00,0.00,0.00,0,0,0,3.00,15.00,3.00,BO#01; ZONE_ENGAGED + buffered close + trend snapshot
E1422,2026.08.03 02:00:00.024,2.10-ROBUST-FINAL,XAUUSD!,Opogroup-Server1,MVP_SIMPLE_EXPLICIT_ROBUST,trend-1,TREND_REFERENCE_UPDATED,,TREND_DOWN,,,,,4063.48,4077.32,0.00,0.00,0,0,0,N/A,N/A,N/A,High[1..3]/Low[1..3]
E1423,2026.08.03 02:00:39.916,2.10-ROBUST-FINAL,XAUUSD!,Opogroup-Server1,MVP_SIMPLE_EXPLICIT_ROBUST,b-3,ZONE_ENGAGED,R10,TREND_DOWN,,,,,4065.02,0.00,0.00,0.00,0,0,0,3.00,15.00,3.00,entered/crossed zone from below
E1424,2026.08.03 02:14:25.274,2.10-ROBUST-FINAL,XAUUSD!,Opogroup-Server1,MVP_SIMPLE_EXPLICIT_ROBUST,b-3,ZONE_ENGAGED,R10,TREND_DOWN,,,,,4066.91,0.00,0.00,0.00,0,0,0,3.00,15.00,3.00,entered/crossed zone from above
E1425,2026.08.03 02:14:25.274,2.10-ROBUST-FINAL,XAUUSD!,Opogroup-Server1,MVP_SIMPLE_EXPLICIT_ROBUST,trend-2/b-31,ZONE_TOUCH_DIRECTION_CONFIRMED,R10,TREND_DOWN,R-B,Market,,,4066.91,0.00,0.00,0.00,0,0,0,3.00,15.00,3.00,first valid R-B touch for this M15+zone+direction
E1426,2026.08.03 02:14:25.274,2.10-ROBUST-FINAL,XAUUSD!,Opogroup-Server1,MVP_SIMPLE_EXPLICIT_ROBUST,TEST-HIGH-R/b-24,ZONE_USAGE_BLOCKED,R10,TREND_DOWN,R,Market,,,0.00,0.00,0.00,0.00,0,0,0,3.00,15.00,3.00,daily reversal max reached: allowed=1 executed=1
E1427,2026.08.03 02:15:00.087,2.10-ROBUST-FINAL,XAUUSD!,Opogroup-Server1,MVP_SIMPLE_EXPLICIT_ROBUST,a-1/a-2/a-3,CANDLE_CLASSIFIED,,TREND_DOWN,,,,,4063.62,4066.52,4063.25,4067.22,0,0,0,N/A,N/A,N/A,bar=2026.08.03 02:00 class=BULLISH
E1428,2026.08.03 02:15:00.087,2.10-ROBUST-FINAL,XAUUSD!,Opogroup-Server1,MVP_SIMPLE_EXPLICIT_ROBUST,trend-1,TREND_REFERENCE_UPDATED,,TREND_DOWN,,,,,4063.25,4068.39,0.00,0.00,0,0,0,N/A,N/A,N/A,High[1..3]/Low[1..3]
E1429,2026.08.03 02:15:00.087,2.10-ROBUST-FINAL,XAUUSD!,Opogroup-Server1,MVP_SIMPLE_EXPLICIT_ROBUST,b-3,ZONE_ENGAGED,R10,TREND_DOWN,,,,,4066.51,0.00,0.00,0.00,0,0,0,3.00,15.00,3.00,bar opened inside zone
E1430,2026.08.03 02:15:11.159,2.10-ROBUST-FINAL,XAUUSD!,Opogroup-Server1,MVP_SIMPLE_EXPLICIT_ROBUST,trend-2/b-31,ZONE_TOUCH_DIRECTION_CONFIRMED,R10,TREND_DOWN,R-B,Market,,,4066.97,0.00,0.00,0.00,0,0,0,3.00,15.00,3.00,first valid R-B touch for this M15+zone+direction
E1431,2026.08.03 02:15:11.159,2.10-ROBUST-FINAL,XAUUSD!,Opogroup-Server1,MVP_SIMPLE_EXPLICIT_ROBUST,TEST-HIGH-R/b-24,ZONE_USAGE_BLOCKED,R10,TREND_DOWN,R,Market,,,0.00,0.00,0.00,0.00,0,0,0,3.00,15.00,3.00,daily reversal max reached: allowed=1 executed=1
E1432,2026.08.03 02:17:29.525,2.10-ROBUST-FINAL,XAUUSD!,Opogroup-Server1,MVP_SIMPLE_EXPLICIT_ROBUST,trend-1,TREND_STATE_CHANGED,,TREND_UP,,,,,4068.40,0.00,4063.25,4068.39,0,0,0,N/A,N/A,N/A,TREND_DOWN -> TREND_UP
E1433,2026.08.03 02:19:35.164,2.10-ROBUST-FINAL,XAUUSD!,Opogroup-Server1,MVP_SIMPLE_EXPLICIT_ROBUST,b-20,DEAL_COSTS_RECORDED,,TREND_UP,,,,,0.00,4071.25,0.00,0.00,0,47,0,N/A,N/A,N/A,profit=-6.05 commission=0.00 swap=0.00 fee=0.00
E1434,2026.08.03 02:19:35.164,2.10-ROBUST-FINAL,XAUUSD!,Opogroup-Server1,MVP_SIMPLE_EXPLICIT_ROBUST,TEST-HIGH-R/b-24/b-26,ZONE_CONSUMED,R10,TREND_UP,R,,,,0.00,0.00,0.00,0.00,0,0,0,3.00,15.00,3.00,reversal daily max reached; executed=1 allowed=1
E1435,2026.08.03 02:19:35.164,2.10-ROBUST-FINAL,XAUUSD!,Opogroup-Server1,MVP_SIMPLE_EXPLICIT_ROBUST,b-20/b-23/b-26/b-29,POSITION_CLOSED,R10,TREND_UP,R-S,,,,0.00,4071.25,0.00,0.00,0,47,46,3.00,15.00,3.00,position_net=-6.05 daily_net=-3.74 R0=6.00000 max_r_stage=0 stacked_pullback=false reversal_ordinal=1
E1436,2026.08.03 02:30:00.178,2.10-ROBUST-FINAL,XAUUSD!,Opogroup-Server1,MVP_SIMPLE_EXPLICIT_ROBUST,a-1/a-2/a-3,CANDLE_CLASSIFIED,,TREND_UP,,,,,4066.51,4072.00,4066.21,4072.46,0,0,0,N/A,N/A,N/A,bar=2026.08.03 02:15 class=BULLISH
E1437,2026.08.03 02:30:00.178,2.10-ROBUST-FINAL,XAUUSD!,Opogroup-Server1,MVP_SIMPLE_EXPLICIT_ROBUST,b-3/b-4/trend-1,BREAKOUT_SIGNAL,R10,TREND_UP,BO-B,Close,BO#02,,4072.00,0.00,0.00,0.00,0,0,0,3.00,15.00,3.00,BO#02; ZONE_ENGAGED + buffered close + trend snapshot
E1438,2026.08.03 02:30:00.178,2.10-ROBUST-FINAL,XAUUSD!,Opogroup-Server1,MVP_SIMPLE_EXPLICIT_ROBUST,b-8/b-25,PULLBACK_CYCLE_CREATED,R10,TREND_UP,PB-B,Stop,,BO#02,0.00,0.00,0.00,0.00,0,0,0,3.00,15.00,3.00,valid t+1..t+5 window; pullback does not consume zone in v9
E1439,2026.08.03 02:30:00.178,2.10-ROBUST-FINAL,XAUUSD!,Opogroup-Server1,MVP_SIMPLE_EXPLICIT_ROBUST,trend-1,TREND_REFERENCE_UPDATED,,TREND_UP,,,,,4063.25,4072.46,0.00,0.00,0,0,0,N/A,N/A,N/A,High[1..3]/Low[1..3]
E1440,2026.08.03 02:45:00.030,2.10-ROBUST-FINAL,XAUUSD!,Opogroup-Server1,MVP_SIMPLE_EXPLICIT_ROBUST,a-1/a-2/a-3,CANDLE_CLASSIFIED,,TREND_UP,,,,,4072.01,4069.81,4067.90,4072.34,0,0,0,N/A,N/A,N/A,bar=2026.08.03 02:30 class=BEARISH
E1441,2026.08.03 02:45:00.030,2.10-ROBUST-FINAL,XAUUSD!,Opogroup-Server1,MVP_SIMPLE_EXPLICIT_ROBUST,trend-1,TREND_REFERENCE_UPDATED,,TREND_UP,,,,,4063.25,4072.46,0.00,0.00,0,0,0,N/A,N/A,N/A,High[1..3]/Low[1..3]
E1442,2026.08.03 03:00:00.022,2.10-ROBUST-FINAL,XAUUSD!,Opogroup-Server1,MVP_SIMPLE_EXPLICIT_ROBUST,a-1/a-2/a-3,CANDLE_CLASSIFIED,,TREND_UP,,,,,4069.80,4074.92,4068.27,4075.10,0,0,0,N/A,N/A,N/A,bar=2026.08.03 02:45 class=BULLISH
E1443,2026.08.03 03:00:00.022,2.10-ROBUST-FINAL,XAUUSD!,Opogroup-Server1,MVP_SIMPLE_EXPLICIT_ROBUST,trend-1,TREND_REFERENCE_UPDATED,,TREND_UP,,,,,4066.21,4075.10,0.00,0.00,0,0,0,N/A,N/A,N/A,High[1..3]/Low[1..3]
E1444,2026.08.03 03:15:00.198,2.10-ROBUST-FINAL,XAUUSD!,Opogroup-Server1,MVP_SIMPLE_EXPLICIT_ROBUST,a-1/a-2/a-3,CANDLE_CLASSIFIED,,TREND_UP,,,,,4074.99,4072.30,4069.94,4079.01,0,0,0,N/A,N/A,N/A,bar=2026.08.03 03:00 class=BEARISH
E1445,2026.08.03 03:15:00.198,2.10-ROBUST-FINAL,XAUUSD!,Opogroup-Server1,MVP_SIMPLE_EXPLICIT_ROBUST,trend-1,TREND_REFERENCE_UPDATED,,TREND_UP,,,,,4067.90,4079.01,0.00,0.00,0,0,0,N/A,N/A,N/A,High[1..3]/Low[1..3]
E1446,2026.08.03 03:21:26.239,2.10-ROBUST-FINAL,XAUUSD!,Opogroup-Server1,MVP_SIMPLE_EXPLICIT_ROBUST,trend-1,TREND_STATE_CHANGED,,TREND_DOWN,,,,,4067.86,0.00,4067.90,4079.01,0,0,0,N/A,N/A,N/A,TREND_UP -> TREND_DOWN
E1447,2026.08.03 03:23:36.397,2.10-ROBUST-FINAL,XAUUSD!,Opogroup-Server1,MVP_SIMPLE_EXPLICIT_ROBUST,b-3,ZONE_ENGAGED,R10,TREND_DOWN,,,,,4067.00,0.00,0.00,0.00,0,0,0,3.00,15.00,3.00,entered/crossed zone from above
E1448,2026.08.03 03:23:36.397,2.10-ROBUST-FINAL,XAUUSD!,Opogroup-Server1,MVP_SIMPLE_EXPLICIT_ROBUST,trend-2/b-31,ZONE_TOUCH_DIRECTION_CONFIRMED,R10,TREND_DOWN,R-B,Market,,,4067.00,0.00,0.00,0.00,0,0,0,3.00,15.00,3.00,first valid R-B touch for this M15+zone+direction
E1449,2026.08.03 03:23:36.397,2.10-ROBUST-FINAL,XAUUSD!,Opogroup-Server1,MVP_SIMPLE_EXPLICIT_ROBUST,TEST-HIGH-R/b-24,ZONE_USAGE_BLOCKED,R10,TREND_DOWN,R,Market,,,0.00,0.00,0.00,0.00,0,0,0,3.00,15.00,3.00,daily reversal max reached: allowed=1 executed=1
E1450,2026.08.03 03:23:38.876,2.10-ROBUST-FINAL,XAUUSD!,Opogroup-Server1,MVP_SIMPLE_EXPLICIT_ROBUST,b-8,PULLBACK_PENETRATION_LATCHED,R10,TREND_DOWN,PB-B,Stop,,BO#02,4066.63,0.00,0.00,0.00,0,0,0,3.00,15.00,3.00,no maximum penetration in S1; first tick t+1 valid
E1451,2026.08.03 03:23:38.876,2.10-ROBUST-FINAL,XAUUSD!,Opogroup-Server1,MVP_SIMPLE_EXPLICIT_ROBUST,b-29/b-30,RISK_MODEL_READY,R10,TREND_DOWN,BUY,,,,4067.00,0.00,4062.00,4082.00,0,0,0,3.00,15.00,3.00,R_CAP=6.00 R0=5.00000 target_zone=R11
E1452,2026.08.03 03:23:38.876,2.10-ROBUST-FINAL,XAUUSD!,Opogroup-Server1,MVP_SIMPLE_EXPLICIT_ROBUST,AR-RISK-01,PORTFOLIO_RISK_PRECHECK,R10,TREND_DOWN,PB-B,Stop,,BO#02,4067.00,0.00,4062.00,0.00,0,0,0,3.00,15.00,3.00,mode=GROSS_DAILY pct=30.00 budget=3000.00 realized=6.05 open=0.00 pending=0.00 used=6.05 remaining=2993.95 new=5.00 allowed=true
E1453,2026.08.03 03:23:38.876,2.10-ROBUST-FINAL,XAUUSD!,Opogroup-Server1,MVP_SIMPLE_EXPLICIT_ROBUST,MVP-RISK/TEST-HARNESS,MARGIN_PRECHECK,R10,TREND_DOWN,PB-B,Telemetry,,BO#02,4067.00,0.00,0.00,0.00,0,0,0,3.00,15.00,3.00,lot=0.0100 required_new_margin=20.34 account_margin=0.00 free_margin=10082.92 margin_level=0.00
E1454,2026.08.03 03:23:38.876,2.10-ROBUST-FINAL,XAUUSD!,Opogroup-Server1,MVP_SIMPLE_EXPLICIT_ROBUST,b-8/b-11/b-29/b-30,PENDING_PLACED,R10,TREND_DOWN,PB-B,Stop,,BO#02,4067.00,0.00,4062.00,4082.00,48,0,0,3.00,15.00,3.00,exact zone edge; native MT5 activation; R0=5.00000 target=R11
E1455,2026.08.03 03:23:38.905,2.10-ROBUST-FINAL,XAUUSD!,Opogroup-Server1,MVP_SIMPLE_EXPLICIT_ROBUST,b-20,DEAL_COSTS_RECORDED,,TREND_DOWN,,,,,0.00,4067.05,0.00,0.00,0,48,48,N/A,N/A,N/A,profit=0.00 commission=0.00 swap=0.00 fee=0.00
E1456,2026.08.03 03:23:38.905,2.10-ROBUST-FINAL,XAUUSD!,Opogroup-Server1,MVP_SIMPLE_EXPLICIT_ROBUST,b-8/b-25/b-29,ORDER_FILLED,R10,TREND_DOWN,PB-B,Stop,,BO#02,4067.00,4067.05,4062.00,4082.00,48,48,48,3.00,15.00,3.00,native fill; R0=5.00000 target=R11
E1457,2026.08.03 03:23:38.905,2.10-ROBUST-FINAL,XAUUSD!,Opogroup-Server1,MVP_SIMPLE_EXPLICIT_ROBUST,MVP-RISK/TEST-HARNESS,MARGIN_POST_FILL,R10,TREND_DOWN,PB-B,Telemetry,,BO#02,0.00,0.00,0.00,0.00,0,0,48,3.00,15.00,3.00,lot=0.0100 account_margin=20.34 free_margin=10062.36 margin_level=49570.80
E1458,2026.08.03 03:23:38.905,2.10-ROBUST-FINAL,XAUUSD!,Opogroup-Server1,MVP_SIMPLE_EXPLICIT_ROBUST,AR-RISK-01,PORTFOLIO_RISK_POST_FILL,R10,TREND_DOWN,PB-B,PostFill,,BO#02,0.00,0.00,0.00,0.00,0,0,0,3.00,15.00,3.00,mode=GROSS_DAILY pct=30.00 budget=3000.00 realized=6.05 open=5.05 pending=0.00 used=11.10 overflow=false
E1459,2026.08.03 03:27:14.918,2.10-ROBUST-FINAL,XAUUSD!,Opogroup-Server1,MVP_SIMPLE_EXPLICIT_ROBUST,b-3,ZONE_ENGAGED,R9,TREND_DOWN,,,,,4061.95,0.00,0.00,0.00,0,0,0,25.00,3.00,3.00,entered/crossed zone from above
E1460,2026.08.03 03:27:14.918,2.10-ROBUST-FINAL,XAUUSD!,Opogroup-Server1,MVP_SIMPLE_EXPLICIT_ROBUST,trend-2/b-31,ZONE_TOUCH_DIRECTION_CONFIRMED,R9,TREND_DOWN,R-B,Market,,,4061.95,0.00,0.00,0.00,0,0,0,25.00,3.00,3.00,first valid R-B touch for this M15+zone+direction
E1461,2026.08.03 03:27:14.918,2.10-ROBUST-FINAL,XAUUSD!,Opogroup-Server1,MVP_SIMPLE_EXPLICIT_ROBUST,b-29/b-30,RISK_MODEL_READY,R9,TREND_DOWN,BUY,,,,4062.17,0.00,4056.17,4082.00,0,0,0,25.00,3.00,3.00,R_CAP=6.00 R0=6.00000 target_zone=R11
E1462,2026.08.03 03:27:14.918,2.10-ROBUST-FINAL,XAUUSD!,Opogroup-Server1,MVP_SIMPLE_EXPLICIT_ROBUST,AR-RISK-01,PORTFOLIO_RISK_PRECHECK,R9,TREND_DOWN,R-B,Market,,,4062.17,0.00,4056.17,0.00,0,0,0,25.00,3.00,3.00,mode=GROSS_DAILY pct=30.00 budget=3000.00 realized=6.05 open=0.00 pending=0.00 used=6.05 remaining=2993.95 new=6.00 allowed=true
E1463,2026.08.03 03:27:14.918,2.10-ROBUST-FINAL,XAUUSD!,Opogroup-Server1,MVP_SIMPLE_EXPLICIT_ROBUST,b-1/b-11/b-29/b-30,REVERSAL_SIGNAL,R9,TREND_DOWN,R-B,Market,,,4062.17,0.00,4056.17,4082.00,0,0,0,25.00,3.00,3.00,reversal_ordinal=1/1 directional touch + trend valid; R0=6.00000 target=R11
E1464,2026.08.03 03:27:14.918,2.10-ROBUST-FINAL,XAUUSD!,Opogroup-Server1,MVP_SIMPLE_EXPLICIT_ROBUST,MVP-RISK/TEST-HARNESS,MARGIN_PRECHECK,R9,TREND_DOWN,R-B,Telemetry,,,4062.17,0.00,0.00,0.00,0,0,0,25.00,3.00,3.00,lot=0.0100 required_new_margin=20.31 account_margin=0.00 free_margin=10077.82 margin_level=0.00
E1465,2026.08.03 03:27:14.918,2.10-ROBUST-FINAL,XAUUSD!,Opogroup-Server1,MVP_SIMPLE_EXPLICIT_ROBUST,b-20,DEAL_COSTS_RECORDED,,TREND_DOWN,,,,,0.00,4061.95,0.00,0.00,0,49,0,N/A,N/A,N/A,profit=-5.10 commission=0.00 swap=0.00 fee=0.00
E1466,2026.08.03 03:27:14.918,2.10-ROBUST-FINAL,XAUUSD!,Opogroup-Server1,MVP_SIMPLE_EXPLICIT_ROBUST,b-20/b-23/b-26/b-29,POSITION_CLOSED,R10,TREND_DOWN,PB-B,,,BO#02,0.00,4061.95,0.00,0.00,0,49,48,3.00,15.00,3.00,position_net=-5.10 daily_net=-8.84 R0=5.00000 max_r_stage=0 stacked_pullback=false reversal_ordinal=0
E1467,2026.08.03 03:27:14.918,2.10-ROBUST-FINAL,XAUUSD!,Opogroup-Server1,MVP_SIMPLE_EXPLICIT_ROBUST,b-20,DEAL_COSTS_RECORDED,,TREND_DOWN,,,,,0.00,4062.17,0.00,0.00,0,50,50,N/A,N/A,N/A,profit=0.00 commission=0.00 swap=0.00 fee=0.00
E1468,2026.08.03 03:27:14.918,2.10-ROBUST-FINAL,XAUUSD!,Opogroup-Server1,MVP_SIMPLE_EXPLICIT_ROBUST,b-1/b-26/b-29,ORDER_FILLED,R9,TREND_DOWN,R-B,Market,,,4062.17,4062.17,4056.17,4082.00,50,50,50,25.00,3.00,3.00,native fill; reversal_ordinal=1 R0=6.00000 target=R11
E1469,2026.08.03 03:27:14.918,2.10-ROBUST-FINAL,XAUUSD!,Opogroup-Server1,MVP_SIMPLE_EXPLICIT_ROBUST,MVP-RISK/TEST-HARNESS,MARGIN_POST_FILL,R9,TREND_DOWN,R-B,Telemetry,,,0.00,0.00,0.00,0.00,0,0,50,25.00,3.00,3.00,lot=0.0100 account_margin=20.31 free_margin=10057.29 margin_level=49618.91
E1470,2026.08.03 03:27:14.918,2.10-ROBUST-FINAL,XAUUSD!,Opogroup-Server1,MVP_SIMPLE_EXPLICIT_ROBUST,AR-RISK-01,PORTFOLIO_RISK_POST_FILL,R9,TREND_DOWN,R-B,PostFill,,,0.00,0.00,0.00,0.00,0,0,0,25.00,3.00,3.00,mode=GROSS_DAILY pct=30.00 budget=3000.00 realized=11.15 open=6.00 pending=0.00 used=17.15 overflow=false
E1471,2026.08.03 03:28:07.840,2.10-ROBUST-FINAL,XAUUSD!,Opogroup-Server1,MVP_SIMPLE_EXPLICIT_ROBUST,b-3,ZONE_ENGAGED,R10,TREND_DOWN,,,,,4065.09,0.00,0.00,0.00,0,0,0,3.00,15.00,3.00,entered/crossed zone from below
E1472,2026.08.03 03:30:00.051,2.10-ROBUST-FINAL,XAUUSD!,Opogroup-Server1,MVP_SIMPLE_EXPLICIT_ROBUST,a-1/a-2/a-3,CANDLE_CLASSIFIED,,TREND_DOWN,,,,,4072.33,4064.04,4061.25,4073.02,0,0,0,N/A,N/A,N/A,bar=2026.08.03 03:15 class=BEARISH
E1473,2026.08.03 03:30:00.051,2.10-ROBUST-FINAL,XAUUSD!,Opogroup-Server1,MVP_SIMPLE_EXPLICIT_ROBUST,trend-1,TREND_REFERENCE_UPDATED,,TREND_DOWN,,,,,4061.25,4079.01,0.00,0.00,0,0,0,N/A,N/A,N/A,High[1..3]/Low[1..3]
E1474,2026.08.03 03:30:02.236,2.10-ROBUST-FINAL,XAUUSD!,Opogroup-Server1,MVP_SIMPLE_EXPLICIT_ROBUST,b-3,ZONE_ENGAGED,R10,TREND_DOWN,,,,,4065.01,0.00,0.00,0.00,0,0,0,3.00,15.00,3.00,entered/crossed zone from below
E1475,2026.08.03 03:30:09.644,2.10-ROBUST-FINAL,XAUUSD!,Opogroup-Server1,MVP_SIMPLE_EXPLICIT_ROBUST,b-3,ZONE_ENGAGED,R10,TREND_DOWN,,,,,4067.00,0.00,0.00,0.00,0,0,0,3.00,15.00,3.00,entered/crossed zone from above
E1476,2026.08.03 03:30:09.644,2.10-ROBUST-FINAL,XAUUSD!,Opogroup-Server1,MVP_SIMPLE_EXPLICIT_ROBUST,trend-2/b-31,ZONE_TOUCH_DIRECTION_CONFIRMED,R10,TREND_DOWN,R-B,Market,,,4067.00,0.00,0.00,0.00,0,0,0,3.00,15.00,3.00,first valid R-B touch for this M15+zone+direction
E1477,2026.08.03 03:30:09.644,2.10-ROBUST-FINAL,XAUUSD!,Opogroup-Server1,MVP_SIMPLE_EXPLICIT_ROBUST,TEST-HIGH-R/b-24,ZONE_USAGE_BLOCKED,R10,TREND_DOWN,R,Market,,,0.00,0.00,0.00,0.00,0,0,0,3.00,15.00,3.00,daily reversal max reached: allowed=1 executed=1
E1478,2026.08.03 03:30:15.041,2.10-ROBUST-FINAL,XAUUSD!,Opogroup-Server1,MVP_SIMPLE_EXPLICIT_ROBUST,b-29,R_STAGE_CHANGED,R9,TREND_DOWN,R,,,,4062.17,0.00,0.00,4082.00,0,0,50,25.00,3.00,3.00,stage=1 >=1R risk-zero eligible
E1479,2026.08.03 03:30:15.041,2.10-ROBUST-FINAL,XAUUSD!,Opogroup-Server1,MVP_SIMPLE_EXPLICIT_ROBUST,b-29,SL_MOVE_REQUESTED,R9,TREND_DOWN,R,ModifySL,,,0.00,0.00,4062.17,4082.00,0,0,50,25.00,3.00,3.00,stage=1 BE actual_fill + known_native_costs=-0.00
E1480,2026.08.03 03:30:15.041,2.10-ROBUST-FINAL,XAUUSD!,Opogroup-Server1,MVP_SIMPLE_EXPLICIT_ROBUST,b-29,SL_MOVE_CONFIRMED,R9,TREND_DOWN,R,ModifySL,,,0.00,0.00,4062.17,4082.00,0,0,50,25.00,3.00,3.00,stage=1 BE actual_fill + known_native_costs=-0.00
E1481,2026.08.03 03:36:57.144,2.10-ROBUST-FINAL,XAUUSD!,Opogroup-Server1,MVP_SIMPLE_EXPLICIT_ROBUST,b-20,DEAL_COSTS_RECORDED,,TREND_DOWN,,,,,0.00,4062.15,0.00,0.00,0,51,0,N/A,N/A,N/A,profit=-0.02 commission=0.00 swap=0.00 fee=0.00
E1482,2026.08.03 03:36:57.144,2.10-ROBUST-FINAL,XAUUSD!,Opogroup-Server1,MVP_SIMPLE_EXPLICIT_ROBUST,TEST-HIGH-R/b-24/b-26,ZONE_CONSUMED,R9,TREND_DOWN,R,,,,0.00,0.00,0.00,0.00,0,0,0,25.00,3.00,3.00,reversal daily max reached; executed=1 allowed=1
E1483,2026.08.03 03:36:57.144,2.10-ROBUST-FINAL,XAUUSD!,Opogroup-Server1,MVP_SIMPLE_EXPLICIT_ROBUST,b-20/b-23/b-26/b-29,POSITION_CLOSED,R9,TREND_DOWN,R-B,,,,0.00,4062.15,0.00,0.00,0,51,50,25.00,3.00,3.00,position_net=-0.02 daily_net=-8.86 R0=6.00000 max_r_stage=1 stacked_pullback=false reversal_ordinal=1
E1484,2026.08.03 03:36:57.844,2.10-ROBUST-FINAL,XAUUSD!,Opogroup-Server1,MVP_SIMPLE_EXPLICIT_ROBUST,b-3,ZONE_ENGAGED,R9,TREND_DOWN,,,,,4061.94,0.00,0.00,0.00,0,0,0,25.00,3.00,3.00,entered/crossed zone from above
E1485,2026.08.03 03:36:57.844,2.10-ROBUST-FINAL,XAUUSD!,Opogroup-Server1,MVP_SIMPLE_EXPLICIT_ROBUST,trend-2/b-31,ZONE_TOUCH_DIRECTION_CONFIRMED,R9,TREND_DOWN,R-B,Market,,,4061.94,0.00,0.00,0.00,0,0,0,25.00,3.00,3.00,first valid R-B touch for this M15+zone+direction
E1486,2026.08.03 03:36:57.844,2.10-ROBUST-FINAL,XAUUSD!,Opogroup-Server1,MVP_SIMPLE_EXPLICIT_ROBUST,TEST-HIGH-R/b-24,ZONE_USAGE_BLOCKED,R9,TREND_DOWN,R,Market,,,0.00,0.00,0.00,0.00,0,0,0,25.00,3.00,3.00,daily reversal max reached: allowed=1 executed=1
E1487,2026.08.03 03:37:18.377,2.10-ROBUST-FINAL,XAUUSD!,Opogroup-Server1,MVP_SIMPLE_EXPLICIT_ROBUST,b-3,ZONE_ENGAGED,R9,TREND_DOWN,,,,,4061.00,0.00,0.00,0.00,0,0,0,25.00,3.00,3.00,entered/crossed zone from below
E1488,2026.08.03 03:45:00.051,2.10-ROBUST-FINAL,XAUUSD!,Opogroup-Server1,MVP_SIMPLE_EXPLICIT_ROBUST,a-1/a-2/a-3,CANDLE_CLASSIFIED,,TREND_DOWN,,,,,4064.05,4057.82,4056.93,4069.93,0,0,0,N/A,N/A,N/A,bar=2026.08.03 03:30 class=BEARISH
E1489,2026.08.03 03:45:00.051,2.10-ROBUST-FINAL,XAUUSD!,Opogroup-Server1,MVP_SIMPLE_EXPLICIT_ROBUST,b-3/b-4/trend-1,BREAKOUT_SIGNAL,R9,TREND_DOWN,BO-S,Close,BO#03,,4057.82,0.00,0.00,0.00,0,0,0,25.00,3.00,3.00,BO#03; ZONE_ENGAGED + buffered close + trend snapshot
E1490,2026.08.03 03:45:00.051,2.10-ROBUST-FINAL,XAUUSD!,Opogroup-Server1,MVP_SIMPLE_EXPLICIT_ROBUST,b-8/b-25,PULLBACK_CYCLE_CREATED,R9,TREND_DOWN,PB-S,Stop,,BO#03,0.00,0.00,0.00,0.00,0,0,0,25.00,3.00,3.00,valid t+1..t+5 window; pullback does not consume zone in v9
E1491,2026.08.03 03:45:00.051,2.10-ROBUST-FINAL,XAUUSD!,Opogroup-Server1,MVP_SIMPLE_EXPLICIT_ROBUST,b-3/b-4/trend-1,BREAKOUT_SIGNAL,R10,TREND_DOWN,BO-S,Close,BO#04,,4057.82,0.00,0.00,0.00,0,0,0,3.00,15.00,3.00,BO#04; ZONE_ENGAGED + buffered close + trend snapshot
E1492,2026.08.03 03:45:00.051,2.10-ROBUST-FINAL,XAUUSD!,Opogroup-Server1,MVP_SIMPLE_EXPLICIT_ROBUST,trend-1,TREND_REFERENCE_UPDATED,,TREND_DOWN,,,,,4056.93,4079.01,0.00,0.00,0,0,0,N/A,N/A,N/A,High[1..3]/Low[1..3]
E1493,2026.08.03 04:00:00.018,2.10-ROBUST-FINAL,XAUUSD!,Opogroup-Server1,MVP_SIMPLE_EXPLICIT_ROBUST,a-1/a-2/a-3,CANDLE_CLASSIFIED,,TREND_DOWN,,,,,4057.83,4055.80,4055.67,4060.68,0,0,0,N/A,N/A,N/A,bar=2026.08.03 03:45 class=BEARISH
E1494,2026.08.03 04:00:00.018,2.10-ROBUST-FINAL,XAUUSD!,Opogroup-Server1,MVP_SIMPLE_EXPLICIT_ROBUST,trend-1,TREND_REFERENCE_UPDATED,,TREND_DOWN,,,,,4055.67,4073.02,0.00,0.00,0,0,0,N/A,N/A,N/A,High[1..3]/Low[1..3]
E1495,2026.08.03 04:01:51.404,2.10-ROBUST-FINAL,XAUUSD!,Opogroup-Server1,MVP_SIMPLE_EXPLICIT_ROBUST,b-3,ZONE_ENGAGED,R9,TREND_DOWN,,,,,4061.02,0.00,0.00,0.00,0,0,0,25.00,3.00,3.00,entered/crossed zone from below
E1496,2026.08.03 04:01:53.933,2.10-ROBUST-FINAL,XAUUSD!,Opogroup-Server1,MVP_SIMPLE_EXPLICIT_ROBUST,b-8,PULLBACK_PENETRATION_LATCHED,R9,TREND_DOWN,PB-S,Stop,,BO#03,4061.20,0.00,0.00,0.00,0,0,0,25.00,3.00,3.00,no maximum penetration in S1; first tick t+1 valid
E1497,2026.08.03 04:01:53.933,2.10-ROBUST-FINAL,XAUUSD!,Opogroup-Server1,MVP_SIMPLE_EXPLICIT_ROBUST,b-29/b-30,RISK_MODEL_READY,R9,TREND_DOWN,SELL,,,,4061.00,0.00,4065.00,4036.00,0,0,0,25.00,3.00,3.00,R_CAP=6.00 R0=4.00000 target_zone=R8
E1498,2026.08.03 04:01:53.933,2.10-ROBUST-FINAL,XAUUSD!,Opogroup-Server1,MVP_SIMPLE_EXPLICIT_ROBUST,AR-RISK-01,PORTFOLIO_RISK_PRECHECK,R9,TREND_DOWN,PB-S,Stop,,BO#03,4061.00,0.00,4065.00,0.00,0,0,0,25.00,3.00,3.00,mode=GROSS_DAILY pct=30.00 budget=3000.00 realized=11.17 open=0.00 pending=0.00 used=11.17 remaining=2988.83 new=4.00 allowed=true
E1499,2026.08.03 04:01:53.933,2.10-ROBUST-FINAL,XAUUSD!,Opogroup-Server1,MVP_SIMPLE_EXPLICIT_ROBUST,MVP-RISK/TEST-HARNESS,MARGIN_PRECHECK,R9,TREND_DOWN,PB-S,Telemetry,,BO#03,4061.00,0.00,0.00,0.00,0,0,0,25.00,3.00,3.00,lot=0.0100 required_new_margin=20.31 account_margin=0.00 free_margin=10077.80 margin_level=0.00
E1500,2026.08.03 04:01:53.933,2.10-ROBUST-FINAL,XAUUSD!,Opogroup-Server1,MVP_SIMPLE_EXPLICIT_ROBUST,b-8/b-11/b-29/b-30,PENDING_PLACED,R9,TREND_DOWN,PB-S,Stop,,BO#03,4061.00,0.00,4065.00,4036.00,52,0,0,25.00,3.00,3.00,exact zone edge; native MT5 activation; R0=4.00000 target=R8
E1501,2026.08.03 04:01:56.884,2.10-ROBUST-FINAL,XAUUSD!,Opogroup-Server1,MVP_SIMPLE_EXPLICIT_ROBUST,b-3,ZONE_ENGAGED,R9,TREND_DOWN,,,,,4062.00,0.00,0.00,0.00,0,0,0,25.00,3.00,3.00,entered/crossed zone from above
E1502,2026.08.03 04:01:56.884,2.10-ROBUST-FINAL,XAUUSD!,Opogroup-Server1,MVP_SIMPLE_EXPLICIT_ROBUST,trend-2/b-31,ZONE_TOUCH_DIRECTION_CONFIRMED,R9,TREND_DOWN,R-B,Market,,,4062.00,0.00,0.00,0.00,0,0,0,25.00,3.00,3.00,first valid R-B touch for this M15+zone+direction
E1503,2026.08.03 04:01:56.884,2.10-ROBUST-FINAL,XAUUSD!,Opogroup-Server1,MVP_SIMPLE_EXPLICIT_ROBUST,TEST-HIGH-R/b-24,ZONE_USAGE_BLOCKED,R9,TREND_DOWN,R,Market,,,0.00,0.00,0.00,0.00,0,0,0,25.00,3.00,3.00,daily reversal max reached: allowed=1 executed=1
E1504,2026.08.03 04:02:13.588,2.10-ROBUST-FINAL,XAUUSD!,Opogroup-Server1,MVP_SIMPLE_EXPLICIT_ROBUST,b-20,DEAL_COSTS_RECORDED,,TREND_DOWN,,,,,0.00,4060.96,0.00,0.00,0,52,52,N/A,N/A,N/A,profit=0.00 commission=0.00 swap=0.00 fee=0.00
E1505,2026.08.03 04:02:13.588,2.10-ROBUST-FINAL,XAUUSD!,Opogroup-Server1,MVP_SIMPLE_EXPLICIT_ROBUST,b-8/b-25/b-29,ORDER_FILLED,R9,TREND_DOWN,PB-S,Stop,,BO#03,4061.00,4060.96,4065.00,4036.00,52,52,52,25.00,3.00,3.00,native fill; R0=4.00000 target=R8
E1506,2026.08.03 04:02:13.588,2.10-ROBUST-FINAL,XAUUSD!,Opogroup-Server1,MVP_SIMPLE_EXPLICIT_ROBUST,MVP-RISK/TEST-HARNESS,MARGIN_POST_FILL,R9,TREND_DOWN,PB-S,Telemetry,,BO#03,0.00,0.00,0.00,0.00,0,0,52,25.00,3.00,3.00,lot=0.0100 account_margin=20.30 free_margin=10057.29 margin_level=49643.30
E1507,2026.08.03 04:02:13.588,2.10-ROBUST-FINAL,XAUUSD!,Opogroup-Server1,MVP_SIMPLE_EXPLICIT_ROBUST,AR-RISK-01,PORTFOLIO_RISK_POST_FILL,R9,TREND_DOWN,PB-S,PostFill,,BO#03,0.00,0.00,0.00,0.00,0,0,0,25.00,3.00,3.00,mode=GROSS_DAILY pct=30.00 budget=3000.00 realized=11.17 open=4.04 pending=0.00 used=15.21 overflow=false
E1508,2026.08.03 04:02:36.600,2.10-ROBUST-FINAL,XAUUSD!,Opogroup-Server1,MVP_SIMPLE_EXPLICIT_ROBUST,b-29,R_STAGE_CHANGED,R9,TREND_DOWN,P,,,,4061.00,0.00,0.00,4036.00,0,0,52,25.00,3.00,3.00,stage=1 >=1R risk-zero eligible
E1509,2026.08.03 04:02:36.600,2.10-ROBUST-FINAL,XAUUSD!,Opogroup-Server1,MVP_SIMPLE_EXPLICIT_ROBUST,b-29,SL_MOVE_REQUESTED,R9,TREND_DOWN,P,ModifySL,,,0.00,0.00,4060.96,4036.00,0,0,52,25.00,3.00,3.00,stage=1 BE actual_fill + known_native_costs=-0.00
E1510,2026.08.03 04:02:36.600,2.10-ROBUST-FINAL,XAUUSD!,Opogroup-Server1,MVP_SIMPLE_EXPLICIT_ROBUST,b-29,SL_MOVE_CONFIRMED,R9,TREND_DOWN,P,ModifySL,,,0.00,0.00,4060.96,4036.00,0,0,52,25.00,3.00,3.00,stage=1 BE actual_fill + known_native_costs=-0.00
E1511,2026.08.03 04:05:39.104,2.10-ROBUST-FINAL,XAUUSD!,Opogroup-Server1,MVP_SIMPLE_EXPLICIT_ROBUST,b-20,DEAL_COSTS_RECORDED,,TREND_DOWN,,,,,0.00,4060.99,0.00,0.00,0,53,0,N/A,N/A,N/A,profit=-0.03 commission=0.00 swap=0.00 fee=0.00
E1512,2026.08.03 04:05:39.104,2.10-ROBUST-FINAL,XAUUSD!,Opogroup-Server1,MVP_SIMPLE_EXPLICIT_ROBUST,b-20/b-23/b-26/b-29,POSITION_CLOSED,R9,TREND_DOWN,PB-S,,,BO#03,0.00,4060.99,0.00,0.00,0,53,52,25.00,3.00,3.00,position_net=-0.03 daily_net=-8.89 R0=4.00000 max_r_stage=1 stacked_pullback=false reversal_ordinal=0
E1513,2026.08.03 04:15:00.023,2.10-ROBUST-FINAL,XAUUSD!,Opogroup-Server1,MVP_SIMPLE_EXPLICIT_ROBUST,a-1/a-2/a-3,CANDLE_CLASSIFIED,,TREND_DOWN,,,,,4055.76,4052.62,4051.50,4063.51,0,0,0,N/A,N/A,N/A,bar=2026.08.03 04:00 class=BEARISH
E1514,2026.08.03 04:15:00.023,2.10-ROBUST-FINAL,XAUUSD!,Opogroup-Server1,MVP_SIMPLE_EXPLICIT_ROBUST,b-3/b-4/trend-1,BREAKOUT_SIGNAL,R9,TREND_DOWN,BO-S,Close,BO#05,,4052.62,0.00,0.00,0.00,0,0,0,25.00,3.00,3.00,BO#05; ZONE_ENGAGED + buffered close + trend snapshot
E1515,2026.08.03 04:15:00.023,2.10-ROBUST-FINAL,XAUUSD!,Opogroup-Server1,MVP_SIMPLE_EXPLICIT_ROBUST,b-8/b-25,PULLBACK_CYCLE_CREATED,R9,TREND_DOWN,PB-S,Stop,,BO#05,0.00,0.00,0.00,0.00,0,0,0,25.00,3.00,3.00,valid t+1..t+5 window; pullback does not consume zone in v9
E1516,2026.08.03 04:15:00.023,2.10-ROBUST-FINAL,XAUUSD!,Opogroup-Server1,MVP_SIMPLE_EXPLICIT_ROBUST,trend-1,TREND_REFERENCE_UPDATED,,TREND_DOWN,,,,,4051.50,4069.93,0.00,0.00,0,0,0,N/A,N/A,N/A,High[1..3]/Low[1..3]
E1517,2026.08.03 04:30:00.047,2.10-ROBUST-FINAL,XAUUSD!,Opogroup-Server1,MVP_SIMPLE_EXPLICIT_ROBUST,a-1/a-2/a-3,CANDLE_CLASSIFIED,,TREND_DOWN,,,,,4052.61,4053.19,4047.24,4055.12,0,0,0,N/A,N/A,N/A,bar=2026.08.03 04:15 class=BULLISH
E1518,2026.08.03 04:30:00.047,2.10-ROBUST-FINAL,XAUUSD!,Opogroup-Server1,MVP_SIMPLE_EXPLICIT_ROBUST,trend-1,TREND_REFERENCE_UPDATED,,TREND_DOWN,,,,,4047.24,4063.51,0.00,0.00,0,0,0,N/A,N/A,N/A,High[1..3]/Low[1..3]
E1519,2026.08.03 04:45:00.049,2.10-ROBUST-FINAL,XAUUSD!,Opogroup-Server1,MVP_SIMPLE_EXPLICIT_ROBUST,a-1/a-2/a-3,CANDLE_CLASSIFIED,,TREND_DOWN,,,,,4053.17,4051.39,4047.45,4057.03,0,0,0,N/A,N/A,N/A,bar=2026.08.03 04:30 class=BEARISH
E1520,2026.08.03 04:45:00.049,2.10-ROBUST-FINAL,XAUUSD!,Opogroup-Server1,MVP_SIMPLE_EXPLICIT_ROBUST,trend-1,TREND_REFERENCE_UPDATED,,TREND_DOWN,,,,,4047.24,4063.51,0.00,0.00,0,0,0,N/A,N/A,N/A,High[1..3]/Low[1..3]
E1521,2026.08.03 05:00:00.016,2.10-ROBUST-FINAL,XAUUSD!,Opogroup-Server1,MVP_SIMPLE_EXPLICIT_ROBUST,a-1/a-2/a-3,CANDLE_CLASSIFIED,,TREND_DOWN,,,,,4051.45,4056.80,4049.93,4057.41,0,0,0,N/A,N/A,N/A,bar=2026.08.03 04:45 class=BULLISH
E1522,2026.08.03 05:00:00.016,2.10-ROBUST-FINAL,XAUUSD!,Opogroup-Server1,MVP_SIMPLE_EXPLICIT_ROBUST,trend-1,TREND_REFERENCE_UPDATED,,TREND_DOWN,,,,,4047.24,4057.41,0.00,0.00,0,0,0,N/A,N/A,N/A,High[1..3]/Low[1..3]
E1523,2026.08.03 05:00:01.500,2.10-ROBUST-FINAL,XAUUSD!,Opogroup-Server1,MVP_SIMPLE_EXPLICIT_ROBUST,trend-1,TREND_STATE_CHANGED,,TREND_UP,,,,,4057.45,0.00,4047.24,4057.41,0,0,0,N/A,N/A,N/A,TREND_DOWN -> TREND_UP
E1524,2026.08.03 05:00:25.111,2.10-ROBUST-FINAL,XAUUSD!,Opogroup-Server1,MVP_SIMPLE_EXPLICIT_ROBUST,b-3,ZONE_ENGAGED,R9,TREND_UP,,,,,4061.01,0.00,0.00,0.00,0,0,0,25.00,3.00,3.00,entered/crossed zone from below
E1525,2026.08.03 05:00:25.111,2.10-ROBUST-FINAL,XAUUSD!,Opogroup-Server1,MVP_SIMPLE_EXPLICIT_ROBUST,trend-2/b-31,ZONE_TOUCH_DIRECTION_CONFIRMED,R9,TREND_UP,R-S,Market,,,4061.01,0.00,0.00,0.00,0,0,0,25.00,3.00,3.00,first valid R-S touch for this M15+zone+direction
E1526,2026.08.03 05:00:25.111,2.10-ROBUST-FINAL,XAUUSD!,Opogroup-Server1,MVP_SIMPLE_EXPLICIT_ROBUST,TEST-HIGH-R/b-24,ZONE_USAGE_BLOCKED,R9,TREND_UP,R,Market,,,0.00,0.00,0.00,0.00,0,0,0,25.00,3.00,3.00,daily reversal max reached: allowed=1 executed=1
E1527,2026.08.03 05:15:00.003,2.10-ROBUST-FINAL,XAUUSD!,Opogroup-Server1,MVP_SIMPLE_EXPLICIT_ROBUST,a-1/a-2/a-3,CANDLE_CLASSIFIED,,TREND_UP,,,,,4056.90,4055.28,4053.22,4061.01,0,0,0,N/A,N/A,N/A,bar=2026.08.03 05:00 class=BEARISH
E1528,2026.08.03 05:15:00.003,2.10-ROBUST-FINAL,XAUUSD!,Opogroup-Server1,MVP_SIMPLE_EXPLICIT_ROBUST,trend-1,TREND_REFERENCE_UPDATED,,TREND_UP,,,,,4047.45,4061.01,0.00,0.00,0,0,0,N/A,N/A,N/A,High[1..3]/Low[1..3]
E1529,2026.08.03 05:30:00.023,2.10-ROBUST-FINAL,XAUUSD!,Opogroup-Server1,MVP_SIMPLE_EXPLICIT_ROBUST,b-8/b-23,PENDING_EXPIRED,R9,TREND_UP,PB-S,Stop,,BO#05,0.00,0.00,0.00,0.00,0,0,0,25.00,3.00,3.00,start after t+5
E1530,2026.08.03 05:30:00.023,2.10-ROBUST-FINAL,XAUUSD!,Opogroup-Server1,MVP_SIMPLE_EXPLICIT_ROBUST,a-1/a-2/a-3,CANDLE_CLASSIFIED,,TREND_UP,,,,,4055.22,4058.33,4052.02,4060.82,0,0,0,N/A,N/A,N/A,bar=2026.08.03 05:15 class=BULLISH
E1531,2026.08.03 05:30:00.023,2.10-ROBUST-FINAL,XAUUSD!,Opogroup-Server1,MVP_SIMPLE_EXPLICIT_ROBUST,trend-1,TREND_REFERENCE_UPDATED,,TREND_UP,,,,,4049.93,4061.01,0.00,0.00,0,0,0,N/A,N/A,N/A,High[1..3]/Low[1..3]
E1532,2026.08.03 05:45:00.069,2.10-ROBUST-FINAL,XAUUSD!,Opogroup-Server1,MVP_SIMPLE_EXPLICIT_ROBUST,a-1/a-2/a-3,CANDLE_CLASSIFIED,,TREND_UP,,,,,4058.35,4059.35,4052.46,4060.86,0,0,0,N/A,N/A,N/A,bar=2026.08.03 05:30 class=BULLISH
E1533,2026.08.03 05:45:00.069,2.10-ROBUST-FINAL,XAUUSD!,Opogroup-Server1,MVP_SIMPLE_EXPLICIT_ROBUST,trend-1,TREND_REFERENCE_UPDATED,,TREND_UP,,,,,4052.02,4061.01,0.00,0.00,0,0,0,N/A,N/A,N/A,High[1..3]/Low[1..3]
E1534,2026.08.03 05:47:03.055,2.10-ROBUST-FINAL,XAUUSD!,Opogroup-Server1,MVP_SIMPLE_EXPLICIT_ROBUST,b-3,ZONE_ENGAGED,R9,TREND_UP,,,,,4061.00,0.00,0.00,0.00,0,0,0,25.00,3.00,3.00,entered/crossed zone from below
E1535,2026.08.03 05:47:03.055,2.10-ROBUST-FINAL,XAUUSD!,Opogroup-Server1,MVP_SIMPLE_EXPLICIT_ROBUST,trend-2/b-31,ZONE_TOUCH_DIRECTION_CONFIRMED,R9,TREND_UP,R-S,Market,,,4061.00,0.00,0.00,0.00,0,0,0,25.00,3.00,3.00,first valid R-S touch for this M15+zone+direction
E1536,2026.08.03 05:47:03.055,2.10-ROBUST-FINAL,XAUUSD!,Opogroup-Server1,MVP_SIMPLE_EXPLICIT_ROBUST,TEST-HIGH-R/b-24,ZONE_USAGE_BLOCKED,R9,TREND_UP,R,Market,,,0.00,0.00,0.00,0.00,0,0,0,25.00,3.00,3.00,daily reversal max reached: allowed=1 executed=1
E1537,2026.08.03 05:48:28.158,2.10-ROBUST-FINAL,XAUUSD!,Opogroup-Server1,MVP_SIMPLE_EXPLICIT_ROBUST,b-3,ZONE_ENGAGED,R9,TREND_UP,,,,,4061.98,0.00,0.00,0.00,0,0,0,25.00,3.00,3.00,entered/crossed zone from above
E1538,2026.08.03 05:49:00.529,2.10-ROBUST-FINAL,XAUUSD!,Opogroup-Server1,MVP_SIMPLE_EXPLICIT_ROBUST,b-3,ZONE_ENGAGED,R10,TREND_UP,,,,,4065.14,0.00,0.00,0.00,0,0,0,3.00,15.00,3.00,entered/crossed zone from below
E1539,2026.08.03 05:49:00.529,2.10-ROBUST-FINAL,XAUUSD!,Opogroup-Server1,MVP_SIMPLE_EXPLICIT_ROBUST,trend-2/b-31,ZONE_TOUCH_DIRECTION_CONFIRMED,R10,TREND_UP,R-S,Market,,,4065.14,0.00,0.00,0.00,0,0,0,3.00,15.00,3.00,first valid R-S touch for this M15+zone+direction
E1540,2026.08.03 05:49:00.529,2.10-ROBUST-FINAL,XAUUSD!,Opogroup-Server1,MVP_SIMPLE_EXPLICIT_ROBUST,TEST-HIGH-R/b-24,ZONE_USAGE_BLOCKED,R10,TREND_UP,R,Market,,,0.00,0.00,0.00,0.00,0,0,0,3.00,15.00,3.00,daily reversal max reached: allowed=1 executed=1
E1541,2026.08.03 05:49:01.975,2.10-ROBUST-FINAL,XAUUSD!,Opogroup-Server1,MVP_SIMPLE_EXPLICIT_ROBUST,b-3,ZONE_ENGAGED,R10,TREND_UP,,,,,4066.88,0.00,0.00,0.00,0,0,0,3.00,15.00,3.00,entered/crossed zone from above
E1542,2026.08.03 06:00:00.013,2.10-ROBUST-FINAL,XAUUSD!,Opogroup-Server1,MVP_SIMPLE_EXPLICIT_ROBUST,a-1/a-2/a-3,CANDLE_CLASSIFIED,,TREND_UP,,,,,4059.34,4062.17,4058.44,4067.08,0,0,0,N/A,N/A,N/A,bar=2026.08.03 05:45 class=BULLISH
E1543,2026.08.03 06:00:00.013,2.10-ROBUST-FINAL,XAUUSD!,Opogroup-Server1,MVP_SIMPLE_EXPLICIT_ROBUST,trend-1,TREND_REFERENCE_UPDATED,,TREND_UP,,,,,4052.02,4067.08,0.00,0.00,0,0,0,N/A,N/A,N/A,High[1..3]/Low[1..3]
E1544,2026.08.03 06:00:07.387,2.10-ROBUST-FINAL,XAUUSD!,Opogroup-Server1,MVP_SIMPLE_EXPLICIT_ROBUST,b-3,ZONE_ENGAGED,R9,TREND_UP,,,,,4061.97,0.00,0.00,0.00,0,0,0,25.00,3.00,3.00,entered/crossed zone from above
E1545,2026.08.03 06:00:37.354,2.10-ROBUST-FINAL,XAUUSD!,Opogroup-Server1,MVP_SIMPLE_EXPLICIT_ROBUST,b-3,ZONE_ENGAGED,R9,TREND_UP,,,,,4061.01,0.00,0.00,0.00,0,0,0,25.00,3.00,3.00,entered/crossed zone from below
E1546,2026.08.03 06:00:37.354,2.10-ROBUST-FINAL,XAUUSD!,Opogroup-Server1,MVP_SIMPLE_EXPLICIT_ROBUST,trend-2/b-31,ZONE_TOUCH_DIRECTION_CONFIRMED,R9,TREND_UP,R-S,Market,,,4061.01,0.00,0.00,0.00,0,0,0,25.00,3.00,3.00,first valid R-S touch for this M15+zone+direction
E1547,2026.08.03 06:00:37.354,2.10-ROBUST-FINAL,XAUUSD!,Opogroup-Server1,MVP_SIMPLE_EXPLICIT_ROBUST,TEST-HIGH-R/b-24,ZONE_USAGE_BLOCKED,R9,TREND_UP,R,Market,,,0.00,0.00,0.00,0.00,0,0,0,25.00,3.00,3.00,daily reversal max reached: allowed=1 executed=1
E1548,2026.08.03 06:05:51.737,2.10-ROBUST-FINAL,XAUUSD!,Opogroup-Server1,MVP_SIMPLE_EXPLICIT_ROBUST,b-3,ZONE_ENGAGED,R10,TREND_UP,,,,,4065.00,0.00,0.00,0.00,0,0,0,3.00,15.00,3.00,entered/crossed zone from below
E1549,2026.08.03 06:05:51.737,2.10-ROBUST-FINAL,XAUUSD!,Opogroup-Server1,MVP_SIMPLE_EXPLICIT_ROBUST,trend-2/b-31,ZONE_TOUCH_DIRECTION_CONFIRMED,R10,TREND_UP,R-S,Market,,,4065.00,0.00,0.00,0.00,0,0,0,3.00,15.00,3.00,first valid R-S touch for this M15+zone+direction
E1550,2026.08.03 06:05:51.737,2.10-ROBUST-FINAL,XAUUSD!,Opogroup-Server1,MVP_SIMPLE_EXPLICIT_ROBUST,TEST-HIGH-R/b-24,ZONE_USAGE_BLOCKED,R10,TREND_UP,R,Market,,,0.00,0.00,0.00,0.00,0,0,0,3.00,15.00,3.00,daily reversal max reached: allowed=1 executed=1
E1551,2026.08.03 06:15:00.010,2.10-ROBUST-FINAL,XAUUSD!,Opogroup-Server1,MVP_SIMPLE_EXPLICIT_ROBUST,a-1/a-2/a-3,CANDLE_CLASSIFIED,,TREND_UP,,,,,4062.18,4064.23,4060.82,4065.53,0,0,0,N/A,N/A,N/A,bar=2026.08.03 06:00 class=BULLISH
E1552,2026.08.03 06:15:00.010,2.10-ROBUST-FINAL,XAUUSD!,Opogroup-Server1,MVP_SIMPLE_EXPLICIT_ROBUST,b-3/b-4/trend-1,BREAKOUT_SIGNAL,R9,TREND_UP,BO-B,Close,BO#06,,4064.23,0.00,0.00,0.00,0,0,0,25.00,3.00,3.00,BO#06; ZONE_ENGAGED + buffered close + trend snapshot
E1553,2026.08.03 06:15:00.010,2.10-ROBUST-FINAL,XAUUSD!,Opogroup-Server1,MVP_SIMPLE_EXPLICIT_ROBUST,trend-1,TREND_REFERENCE_UPDATED,,TREND_UP,,,,,4052.46,4067.08,0.00,0.00,0,0,0,N/A,N/A,N/A,High[1..3]/Low[1..3]
E1554,2026.08.03 06:15:12.730,2.10-ROBUST-FINAL,XAUUSD!,Opogroup-Server1,MVP_SIMPLE_EXPLICIT_ROBUST,b-3,ZONE_ENGAGED,R10,TREND_UP,,,,,4065.02,0.00,0.00,0.00,0,0,0,3.00,15.00,3.00,entered/crossed zone from below
E1555,2026.08.03 06:15:12.730,2.10-ROBUST-FINAL,XAUUSD!,Opogroup-Server1,MVP_SIMPLE_EXPLICIT_ROBUST,trend-2/b-31,ZONE_TOUCH_DIRECTION_CONFIRMED,R10,TREND_UP,R-S,Market,,,4065.02,0.00,0.00,0.00,0,0,0,3.00,15.00,3.00,first valid R-S touch for this M15+zone+direction
E1556,2026.08.03 06:15:12.730,2.10-ROBUST-FINAL,XAUUSD!,Opogroup-Server1,MVP_SIMPLE_EXPLICIT_ROBUST,TEST-HIGH-R/b-24,ZONE_USAGE_BLOCKED,R10,TREND_UP,R,Market,,,0.00,0.00,0.00,0.00,0,0,0,3.00,15.00,3.00,daily reversal max reached: allowed=1 executed=1
E1557,2026.08.03 06:18:29.321,2.10-ROBUST-FINAL,XAUUSD!,Opogroup-Server1,MVP_SIMPLE_EXPLICIT_ROBUST,b-3,ZONE_ENGAGED,R10,TREND_UP,,,,,4067.00,0.00,0.00,0.00,0,0,0,3.00,15.00,3.00,entered/crossed zone from above
E1558,2026.08.03 06:22:57.045,2.10-ROBUST-FINAL,XAUUSD!,Opogroup-Server1,MVP_SIMPLE_EXPLICIT_ROBUST,b-3,ZONE_ENGAGED,R9,TREND_UP,,,,,4061.98,0.00,0.00,0.00,0,0,0,25.00,3.00,3.00,entered/crossed zone from above
E1559,2026.08.03 06:30:00.018,2.10-ROBUST-FINAL,XAUUSD!,Opogroup-Server1,MVP_SIMPLE_EXPLICIT_ROBUST,a-1/a-2/a-3,CANDLE_CLASSIFIED,,TREND_UP,,,,,4064.22,4063.83,4061.66,4067.92,0,0,0,N/A,N/A,N/A,bar=2026.08.03 06:15 class=BEARISH
E1560,2026.08.03 06:30:00.018,2.10-ROBUST-FINAL,XAUUSD!,Opogroup-Server1,MVP_SIMPLE_EXPLICIT_ROBUST,trend-1,TREND_REFERENCE_UPDATED,,TREND_UP,,,,,4058.44,4067.92,0.00,0.00,0,0,0,N/A,N/A,N/A,High[1..3]/Low[1..3]
E1561,2026.08.03 06:35:37.896,2.10-ROBUST-FINAL,XAUUSD!,Opogroup-Server1,MVP_SIMPLE_EXPLICIT_ROBUST,b-3,ZONE_ENGAGED,R9,TREND_UP,,,,,4062.00,0.00,0.00,0.00,0,0,0,25.00,3.00,3.00,entered/crossed zone from above
E1562,2026.08.03 06:44:05.207,2.10-ROBUST-FINAL,XAUUSD!,Opogroup-Server1,MVP_SIMPLE_EXPLICIT_ROBUST,b-3,ZONE_ENGAGED,R9,TREND_UP,,,,,4061.03,0.00,0.00,0.00,0,0,0,25.00,3.00,3.00,entered/crossed zone from below
E1563,2026.08.03 06:44:05.207,2.10-ROBUST-FINAL,XAUUSD!,Opogroup-Server1,MVP_SIMPLE_EXPLICIT_ROBUST,trend-2/b-31,ZONE_TOUCH_DIRECTION_CONFIRMED,R9,TREND_UP,R-S,Market,,,4061.03,0.00,0.00,0.00,0,0,0,25.00,3.00,3.00,first valid R-S touch for this M15+zone+direction
E1564,2026.08.03 06:44:05.207,2.10-ROBUST-FINAL,XAUUSD!,Opogroup-Server1,MVP_SIMPLE_EXPLICIT_ROBUST,TEST-HIGH-R/b-24,ZONE_USAGE_BLOCKED,R9,TREND_UP,R,Market,,,0.00,0.00,0.00,0.00,0,0,0,25.00,3.00,3.00,daily reversal max reached: allowed=1 executed=1
E1565,2026.08.03 06:45:00.031,2.10-ROBUST-FINAL,XAUUSD!,Opogroup-Server1,MVP_SIMPLE_EXPLICIT_ROBUST,a-1/a-2/a-3,CANDLE_CLASSIFIED,,TREND_UP,,,,,4063.87,4060.62,4060.51,4064.97,0,0,0,N/A,N/A,N/A,bar=2026.08.03 06:30 class=BEARISH
E1566,2026.08.03 06:45:00.031,2.10-ROBUST-FINAL,XAUUSD!,Opogroup-Server1,MVP_SIMPLE_EXPLICIT_ROBUST,trend-1,TREND_REFERENCE_UPDATED,,TREND_UP,,,,,4060.51,4067.92,0.00,0.00,0,0,0,N/A,N/A,N/A,High[1..3]/Low[1..3]
E1567,2026.08.03 06:45:11.371,2.10-ROBUST-FINAL,XAUUSD!,Opogroup-Server1,MVP_SIMPLE_EXPLICIT_ROBUST,trend-1,TREND_STATE_CHANGED,,TREND_DOWN,,,,,4060.45,0.00,4060.51,4067.92,0,0,0,N/A,N/A,N/A,TREND_UP -> TREND_DOWN
E1568,2026.08.03 06:48:00.118,2.10-ROBUST-FINAL,XAUUSD!,Opogroup-Server1,MVP_SIMPLE_EXPLICIT_ROBUST,b-3,ZONE_ENGAGED,R9,TREND_DOWN,,,,,4061.00,0.00,0.00,0.00,0,0,0,25.00,3.00,3.00,entered/crossed zone from below
E1569,2026.08.03 06:52:49.682,2.10-ROBUST-FINAL,XAUUSD!,Opogroup-Server1,MVP_SIMPLE_EXPLICIT_ROBUST,b-3,ZONE_ENGAGED,R10,TREND_DOWN,,,,,4065.09,0.00,0.00,0.00,0,0,0,3.00,15.00,3.00,entered/crossed zone from below
E1570,2026.08.03 07:00:00.453,2.10-ROBUST-FINAL,XAUUSD!,Opogroup-Server1,MVP_SIMPLE_EXPLICIT_ROBUST,a-1/a-2/a-3,CANDLE_CLASSIFIED,,TREND_DOWN,,,,,4060.61,4065.12,4059.28,4066.76,0,0,0,N/A,N/A,N/A,bar=2026.08.03 06:45 class=BULLISH
E1571,2026.08.03 07:00:00.453,2.10-ROBUST-FINAL,XAUUSD!,Opogroup-Server1,MVP_SIMPLE_EXPLICIT_ROBUST,trend-1,TREND_REFERENCE_UPDATED,,TREND_DOWN,,,,,4059.28,4067.92,0.00,0.00,0,0,0,N/A,N/A,N/A,High[1..3]/Low[1..3]
E1572,2026.08.03 07:00:00.453,2.10-ROBUST-FINAL,XAUUSD!,Opogroup-Server1,MVP_SIMPLE_EXPLICIT_ROBUST,b-3,ZONE_ENGAGED,R10,TREND_DOWN,,,,,4065.13,0.00,0.00,0.00,0,0,0,3.00,15.00,3.00,bar opened inside zone
E1573,2026.08.03 07:05:29.280,2.10-ROBUST-FINAL,XAUUSD!,Opogroup-Server1,MVP_SIMPLE_EXPLICIT_ROBUST,trend-2/b-31,ZONE_TOUCH_DIRECTION_CONFIRMED,R10,TREND_DOWN,R-B,Market,,,4066.95,0.00,0.00,0.00,0,0,0,3.00,15.00,3.00,first valid R-B touch for this M15+zone+direction
E1574,2026.08.03 07:05:29.280,2.10-ROBUST-FINAL,XAUUSD!,Opogroup-Server1,MVP_SIMPLE_EXPLICIT_ROBUST,TEST-HIGH-R/b-24,ZONE_USAGE_BLOCKED,R10,TREND_DOWN,R,Market,,,0.00,0.00,0.00,0.00,0,0,0,3.00,15.00,3.00,daily reversal max reached: allowed=1 executed=1
E1575,2026.08.03 07:07:18.630,2.10-ROBUST-FINAL,XAUUSD!,Opogroup-Server1,MVP_SIMPLE_EXPLICIT_ROBUST,trend-1,TREND_STATE_CHANGED,,TREND_UP,,,,,4067.93,0.00,4059.28,4067.92,0,0,0,N/A,N/A,N/A,TREND_DOWN -> TREND_UP
E1576,2026.08.03 07:15:00.005,2.10-ROBUST-FINAL,XAUUSD!,Opogroup-Server1,MVP_SIMPLE_EXPLICIT_ROBUST,a-1/a-2/a-3,CANDLE_CLASSIFIED,,TREND_UP,,,,,4065.13,4066.57,4064.31,4068.25,0,0,0,N/A,N/A,N/A,bar=2026.08.03 07:00 class=BULLISH
E1577,2026.08.03 07:15:00.005,2.10-ROBUST-FINAL,XAUUSD!,Opogroup-Server1,MVP_SIMPLE_EXPLICIT_ROBUST,trend-1,TREND_REFERENCE_UPDATED,,TREND_UP,,,,,4059.28,4068.25,0.00,0.00,0,0,0,N/A,N/A,N/A,High[1..3]/Low[1..3]
E1578,2026.08.03 07:15:00.005,2.10-ROBUST-FINAL,XAUUSD!,Opogroup-Server1,MVP_SIMPLE_EXPLICIT_ROBUST,b-3,ZONE_ENGAGED,R10,TREND_UP,,,,,4066.53,0.00,0.00,0.00,0,0,0,3.00,15.00,3.00,bar opened inside zone
E1579,2026.08.03 07:30:00.035,2.10-ROBUST-FINAL,XAUUSD!,Opogroup-Server1,MVP_SIMPLE_EXPLICIT_ROBUST,a-1/a-2/a-3,CANDLE_CLASSIFIED,,TREND_UP,,,,,4066.53,4068.39,4066.08,4071.02,0,0,0,N/A,N/A,N/A,bar=2026.08.03 07:15 class=BULLISH
E1580,2026.08.03 07:30:00.035,2.10-ROBUST-FINAL,XAUUSD!,Opogroup-Server1,MVP_SIMPLE_EXPLICIT_ROBUST,b-3/b-4/trend-1,BREAKOUT_SIGNAL,R10,TREND_UP,BO-B,Close,BO#07,,4068.39,0.00,0.00,0.00,0,0,0,3.00,15.00,3.00,BO#07; ZONE_ENGAGED + buffered close + trend snapshot
E1581,2026.08.03 07:30:00.035,2.10-ROBUST-FINAL,XAUUSD!,Opogroup-Server1,MVP_SIMPLE_EXPLICIT_ROBUST,b-8/b-25,PULLBACK_CYCLE_CREATED,R10,TREND_UP,PB-B,Stop,,BO#07,0.00,0.00,0.00,0.00,0,0,0,3.00,15.00,3.00,valid t+1..t+5 window; pullback does not consume zone in v9
E1582,2026.08.03 07:30:00.035,2.10-ROBUST-FINAL,XAUUSD!,Opogroup-Server1,MVP_SIMPLE_EXPLICIT_ROBUST,trend-1,TREND_REFERENCE_UPDATED,,TREND_UP,,,,,4059.28,4071.02,0.00,0.00,0,0,0,N/A,N/A,N/A,High[1..3]/Low[1..3]
E1583,2026.08.03 07:45:00.458,2.10-ROBUST-FINAL,XAUUSD!,Opogroup-Server1,MVP_SIMPLE_EXPLICIT_ROBUST,a-1/a-2/a-3,CANDLE_CLASSIFIED,,TREND_UP,,,,,4068.43,4070.54,4068.42,4071.30,0,0,0,N/A,N/A,N/A,bar=2026.08.03 07:30 class=BULLISH
E1584,2026.08.03 07:45:00.458,2.10-ROBUST-FINAL,XAUUSD!,Opogroup-Server1,MVP_SIMPLE_EXPLICIT_ROBUST,trend-1,TREND_REFERENCE_UPDATED,,TREND_UP,,,,,4064.31,4071.30,0.00,0.00,0,0,0,N/A,N/A,N/A,High[1..3]/Low[1..3]
E1585,2026.08.03 07:57:23.374,2.10-ROBUST-FINAL,XAUUSD!,Opogroup-Server1,MVP_SIMPLE_EXPLICIT_ROBUST,b-3,ZONE_ENGAGED,R10,TREND_UP,,,,,4066.96,0.00,0.00,0.00,0,0,0,3.00,15.00,3.00,entered/crossed zone from above
E1586,2026.08.03 07:57:26.507,2.10-ROBUST-FINAL,XAUUSD!,Opogroup-Server1,MVP_SIMPLE_EXPLICIT_ROBUST,b-8,PULLBACK_PENETRATION_LATCHED,R10,TREND_UP,PB-B,Stop,,BO#07,4066.75,0.00,0.00,0.00,0,0,0,3.00,15.00,3.00,no maximum penetration in S1; first tick t+1 valid
E1587,2026.08.03 07:57:26.507,2.10-ROBUST-FINAL,XAUUSD!,Opogroup-Server1,MVP_SIMPLE_EXPLICIT_ROBUST,b-29/b-30,RISK_MODEL_READY,R10,TREND_UP,BUY,,,,4067.00,0.00,4062.00,4082.00,0,0,0,3.00,15.00,3.00,R_CAP=6.00 R0=5.00000 target_zone=R11
E1588,2026.08.03 07:57:26.507,2.10-ROBUST-FINAL,XAUUSD!,Opogroup-Server1,MVP_SIMPLE_EXPLICIT_ROBUST,AR-RISK-01,PORTFOLIO_RISK_PRECHECK,R10,TREND_UP,PB-B,Stop,,BO#07,4067.00,0.00,4062.00,0.00,0,0,0,3.00,15.00,3.00,mode=GROSS_DAILY pct=30.00 budget=3000.00 realized=11.20 open=0.00 pending=0.00 used=11.20 remaining=2988.80 new=5.00 allowed=true
E1589,2026.08.03 07:57:26.507,2.10-ROBUST-FINAL,XAUUSD!,Opogroup-Server1,MVP_SIMPLE_EXPLICIT_ROBUST,MVP-RISK/TEST-HARNESS,MARGIN_PRECHECK,R10,TREND_UP,PB-B,Telemetry,,BO#07,4067.00,0.00,0.00,0.00,0,0,0,3.00,15.00,3.00,lot=0.0100 required_new_margin=20.34 account_margin=0.00 free_margin=10077.77 margin_level=0.00
E1590,2026.08.03 07:57:26.507,2.10-ROBUST-FINAL,XAUUSD!,Opogroup-Server1,MVP_SIMPLE_EXPLICIT_ROBUST,b-8/b-11/b-29/b-30,PENDING_PLACED,R10,TREND_UP,PB-B,Stop,,BO#07,4067.00,0.00,4062.00,4082.00,54,0,0,3.00,15.00,3.00,exact zone edge; native MT5 activation; R0=5.00000 target=R11
E1591,2026.08.03 07:57:27.121,2.10-ROBUST-FINAL,XAUUSD!,Opogroup-Server1,MVP_SIMPLE_EXPLICIT_ROBUST,b-20,DEAL_COSTS_RECORDED,,TREND_UP,,,,,0.00,4067.01,0.00,0.00,0,54,54,N/A,N/A,N/A,profit=0.00 commission=0.00 swap=0.00 fee=0.00
E1592,2026.08.03 07:57:27.121,2.10-ROBUST-FINAL,XAUUSD!,Opogroup-Server1,MVP_SIMPLE_EXPLICIT_ROBUST,b-8/b-25/b-29,ORDER_FILLED,R10,TREND_UP,PB-B,Stop,,BO#07,4067.00,4067.01,4062.00,4082.00,54,54,54,3.00,15.00,3.00,native fill; R0=5.00000 target=R11
E1593,2026.08.03 07:57:27.121,2.10-ROBUST-FINAL,XAUUSD!,Opogroup-Server1,MVP_SIMPLE_EXPLICIT_ROBUST,MVP-RISK/TEST-HARNESS,MARGIN_POST_FILL,R10,TREND_UP,PB-B,Telemetry,,BO#07,0.00,0.00,0.00,0.00,0,0,54,3.00,15.00,3.00,lot=0.0100 account_margin=20.34 free_margin=10057.21 margin_level=49545.48
E1594,2026.08.03 07:57:27.121,2.10-ROBUST-FINAL,XAUUSD!,Opogroup-Server1,MVP_SIMPLE_EXPLICIT_ROBUST,AR-RISK-01,PORTFOLIO_RISK_POST_FILL,R10,TREND_UP,PB-B,PostFill,,BO#07,0.00,0.00,0.00,0.00,0,0,0,3.00,15.00,3.00,mode=GROSS_DAILY pct=30.00 budget=3000.00 realized=11.20 open=5.01 pending=0.00 used=16.21 overflow=false
E1595,2026.08.03 07:59:19.649,2.10-ROBUST-FINAL,XAUUSD!,Opogroup-Server1,MVP_SIMPLE_EXPLICIT_ROBUST,b-3,ZONE_ENGAGED,R10,TREND_UP,,,,,4065.02,0.00,0.00,0.00,0,0,0,3.00,15.00,3.00,entered/crossed zone from below
E1596,2026.08.03 07:59:19.649,2.10-ROBUST-FINAL,XAUUSD!,Opogroup-Server1,MVP_SIMPLE_EXPLICIT_ROBUST,trend-2/b-31,ZONE_TOUCH_DIRECTION_CONFIRMED,R10,TREND_UP,R-S,Market,,,4065.02,0.00,0.00,0.00,0,0,0,3.00,15.00,3.00,first valid R-S touch for this M15+zone+direction
E1597,2026.08.03 07:59:19.649,2.10-ROBUST-FINAL,XAUUSD!,Opogroup-Server1,MVP_SIMPLE_EXPLICIT_ROBUST,TEST-HIGH-R/b-24,ZONE_USAGE_BLOCKED,R10,TREND_UP,R,Market,,,0.00,0.00,0.00,0.00,0,0,0,3.00,15.00,3.00,daily reversal max reached: allowed=1 executed=1
E1598,2026.08.03 07:59:45.517,2.10-ROBUST-FINAL,XAUUSD!,Opogroup-Server1,MVP_SIMPLE_EXPLICIT_ROBUST,trend-1,TREND_STATE_CHANGED,,TREND_DOWN,,,,,4064.30,0.00,4064.31,4071.30,0,0,0,N/A,N/A,N/A,TREND_UP -> TREND_DOWN
E1599,2026.08.03 08:00:00.139,2.10-ROBUST-FINAL,XAUUSD!,Opogroup-Server1,MVP_SIMPLE_EXPLICIT_ROBUST,a-1/a-2/a-3,CANDLE_CLASSIFIED,,TREND_DOWN,,,,,4070.55,4064.04,4063.78,4071.84,0,0,0,N/A,N/A,N/A,bar=2026.08.03 07:45 class=BEARISH
E1600,2026.08.03 08:00:00.139,2.10-ROBUST-FINAL,XAUUSD!,Opogroup-Server1,MVP_SIMPLE_EXPLICIT_ROBUST,trend-1,TREND_REFERENCE_UPDATED,,TREND_DOWN,,,,,4063.78,4071.84,0.00,0.00,0,0,0,N/A,N/A,N/A,High[1..3]/Low[1..3]
E1601,2026.08.03 08:02:52.414,2.10-ROBUST-FINAL,XAUUSD!,Opogroup-Server1,MVP_SIMPLE_EXPLICIT_ROBUST,b-3,ZONE_ENGAGED,R10,TREND_DOWN,,,,,4065.04,0.00,0.00,0.00,0,0,0,3.00,15.00,3.00,entered/crossed zone from below
E1602,2026.08.03 08:05:06.989,2.10-ROBUST-FINAL,XAUUSD!,Opogroup-Server1,MVP_SIMPLE_EXPLICIT_ROBUST,b-3,ZONE_ENGAGED,R9,TREND_DOWN,,,,,4062.00,0.00,0.00,0.00,0,0,0,25.00,3.00,3.00,entered/crossed zone from above
E1603,2026.08.03 08:05:06.989,2.10-ROBUST-FINAL,XAUUSD!,Opogroup-Server1,MVP_SIMPLE_EXPLICIT_ROBUST,trend-2/b-31,ZONE_TOUCH_DIRECTION_CONFIRMED,R9,TREND_DOWN,R-B,Market,,,4062.00,0.00,0.00,0.00,0,0,0,25.00,3.00,3.00,first valid R-B touch for this M15+zone+direction
E1604,2026.08.03 08:05:06.989,2.10-ROBUST-FINAL,XAUUSD!,Opogroup-Server1,MVP_SIMPLE_EXPLICIT_ROBUST,TEST-HIGH-R/b-24,ZONE_USAGE_BLOCKED,R9,TREND_DOWN,R,Market,,,0.00,0.00,0.00,0.00,0,0,0,25.00,3.00,3.00,daily reversal max reached: allowed=1 executed=1
E1605,2026.08.03 08:05:06.989,2.10-ROBUST-FINAL,XAUUSD!,Opogroup-Server1,MVP_SIMPLE_EXPLICIT_ROBUST,b-20,DEAL_COSTS_RECORDED,,TREND_DOWN,,,,,0.00,4062.00,0.00,0.00,0,55,0,N/A,N/A,N/A,profit=-5.01 commission=0.00 swap=0.00 fee=0.00
E1606,2026.08.03 08:05:06.989,2.10-ROBUST-FINAL,XAUUSD!,Opogroup-Server1,MVP_SIMPLE_EXPLICIT_ROBUST,b-20/b-23/b-26/b-29,POSITION_CLOSED,R10,TREND_DOWN,PB-B,,,BO#07,0.00,4062.00,0.00,0.00,0,55,54,3.00,15.00,3.00,position_net=-5.01 daily_net=-13.90 R0=5.00000 max_r_stage=0 stacked_pullback=false reversal_ordinal=0
E1607,2026.08.03 08:08:25.637,2.10-ROBUST-FINAL,XAUUSD!,Opogroup-Server1,MVP_SIMPLE_EXPLICIT_ROBUST,b-3,ZONE_ENGAGED,R9,TREND_DOWN,,,,,4061.08,0.00,0.00,0.00,0,0,0,25.00,3.00,3.00,entered/crossed zone from below
E1608,2026.08.03 08:15:00.433,2.10-ROBUST-FINAL,XAUUSD!,Opogroup-Server1,MVP_SIMPLE_EXPLICIT_ROBUST,a-1/a-2/a-3,CANDLE_CLASSIFIED,,TREND_DOWN,,,,,4064.03,4057.36,4056.73,4065.27,0,0,0,N/A,N/A,N/A,bar=2026.08.03 08:00 class=BEARISH
E1609,2026.08.03 08:15:00.433,2.10-ROBUST-FINAL,XAUUSD!,Opogroup-Server1,MVP_SIMPLE_EXPLICIT_ROBUST,b-3/b-4/trend-1,BREAKOUT_SIGNAL,R9,TREND_DOWN,BO-S,Close,BO#08,,4057.36,0.00,0.00,0.00,0,0,0,25.00,3.00,3.00,BO#08; ZONE_ENGAGED + buffered close + trend snapshot
E1610,2026.08.03 08:15:00.433,2.10-ROBUST-FINAL,XAUUSD!,Opogroup-Server1,MVP_SIMPLE_EXPLICIT_ROBUST,b-8/b-25,PULLBACK_CYCLE_CREATED,R9,TREND_DOWN,PB-S,Stop,,BO#08,0.00,0.00,0.00,0.00,0,0,0,25.00,3.00,3.00,valid t+1..t+5 window; pullback does not consume zone in v9
E1611,2026.08.03 08:15:00.433,2.10-ROBUST-FINAL,XAUUSD!,Opogroup-Server1,MVP_SIMPLE_EXPLICIT_ROBUST,trend-1,TREND_REFERENCE_UPDATED,,TREND_DOWN,,,,,4056.73,4071.84,0.00,0.00,0,0,0,N/A,N/A,N/A,High[1..3]/Low[1..3]
E1612,2026.08.03 08:26:33.596,2.10-ROBUST-FINAL,XAUUSD!,Opogroup-Server1,MVP_SIMPLE_EXPLICIT_ROBUST,b-3,ZONE_ENGAGED,R9,TREND_DOWN,,,,,4061.03,0.00,0.00,0.00,0,0,0,25.00,3.00,3.00,entered/crossed zone from below
E1613,2026.08.03 08:26:34.056,2.10-ROBUST-FINAL,XAUUSD!,Opogroup-Server1,MVP_SIMPLE_EXPLICIT_ROBUST,b-8,PULLBACK_PENETRATION_LATCHED,R9,TREND_DOWN,PB-S,Stop,,BO#08,4061.22,0.00,0.00,0.00,0,0,0,25.00,3.00,3.00,no maximum penetration in S1; first tick t+1 valid
E1614,2026.08.03 08:26:34.056,2.10-ROBUST-FINAL,XAUUSD!,Opogroup-Server1,MVP_SIMPLE_EXPLICIT_ROBUST,b-29/b-30,RISK_MODEL_READY,R9,TREND_DOWN,SELL,,,,4061.00,0.00,4065.00,4036.00,0,0,0,25.00,3.00,3.00,R_CAP=6.00 R0=4.00000 target_zone=R8
E1615,2026.08.03 08:26:34.056,2.10-ROBUST-FINAL,XAUUSD!,Opogroup-Server1,MVP_SIMPLE_EXPLICIT_ROBUST,AR-RISK-01,PORTFOLIO_RISK_PRECHECK,R9,TREND_DOWN,PB-S,Stop,,BO#08,4061.00,0.00,4065.00,0.00,0,0,0,25.00,3.00,3.00,mode=GROSS_DAILY pct=30.00 budget=3000.00 realized=16.21 open=0.00 pending=0.00 used=16.21 remaining=2983.79 new=4.00 allowed=true
E1616,2026.08.03 08:26:34.056,2.10-ROBUST-FINAL,XAUUSD!,Opogroup-Server1,MVP_SIMPLE_EXPLICIT_ROBUST,MVP-RISK/TEST-HARNESS,MARGIN_PRECHECK,R9,TREND_DOWN,PB-S,Telemetry,,BO#08,4061.00,0.00,0.00,0.00,0,0,0,25.00,3.00,3.00,lot=0.0100 required_new_margin=20.31 account_margin=0.00 free_margin=10072.76 margin_level=0.00
E1617,2026.08.03 08:26:34.056,2.10-ROBUST-FINAL,XAUUSD!,Opogroup-Server1,MVP_SIMPLE_EXPLICIT_ROBUST,b-8/b-11/b-29/b-30,PENDING_PLACED,R9,TREND_DOWN,PB-S,Stop,,BO#08,4061.00,0.00,4065.00,4036.00,56,0,0,25.00,3.00,3.00,exact zone edge; native MT5 activation; R0=4.00000 target=R8
E1618,2026.08.03 08:26:55.374,2.10-ROBUST-FINAL,XAUUSD!,Opogroup-Server1,MVP_SIMPLE_EXPLICIT_ROBUST,b-3,ZONE_ENGAGED,R9,TREND_DOWN,,,,,4061.97,0.00,0.00,0.00,0,0,0,25.00,3.00,3.00,entered/crossed zone from above
E1619,2026.08.03 08:26:55.374,2.10-ROBUST-FINAL,XAUUSD!,Opogroup-Server1,MVP_SIMPLE_EXPLICIT_ROBUST,trend-2/b-31,ZONE_TOUCH_DIRECTION_CONFIRMED,R9,TREND_DOWN,R-B,Market,,,4061.97,0.00,0.00,0.00,0,0,0,25.00,3.00,3.00,first valid R-B touch for this M15+zone+direction
E1620,2026.08.03 08:26:55.374,2.10-ROBUST-FINAL,XAUUSD!,Opogroup-Server1,MVP_SIMPLE_EXPLICIT_ROBUST,TEST-HIGH-R/b-24,ZONE_USAGE_BLOCKED,R9,TREND_DOWN,R,Market,,,0.00,0.00,0.00,0.00,0,0,0,25.00,3.00,3.00,daily reversal max reached: allowed=1 executed=1
E1621,2026.08.03 08:27:16.607,2.10-ROBUST-FINAL,XAUUSD!,Opogroup-Server1,MVP_SIMPLE_EXPLICIT_ROBUST,b-20,DEAL_COSTS_RECORDED,,TREND_DOWN,,,,,0.00,4060.97,0.00,0.00,0,56,56,N/A,N/A,N/A,profit=0.00 commission=0.00 swap=0.00 fee=0.00
E1622,2026.08.03 08:27:16.607,2.10-ROBUST-FINAL,XAUUSD!,Opogroup-Server1,MVP_SIMPLE_EXPLICIT_ROBUST,b-8/b-25/b-29,ORDER_FILLED,R9,TREND_DOWN,PB-S,Stop,,BO#08,4061.00,4060.97,4065.00,4036.00,56,56,56,25.00,3.00,3.00,native fill; R0=4.00000 target=R8
E1623,2026.08.03 08:27:16.607,2.10-ROBUST-FINAL,XAUUSD!,Opogroup-Server1,MVP_SIMPLE_EXPLICIT_ROBUST,MVP-RISK/TEST-HARNESS,MARGIN_POST_FILL,R9,TREND_DOWN,PB-S,Telemetry,,BO#08,0.00,0.00,0.00,0.00,0,0,56,25.00,3.00,3.00,lot=0.0100 account_margin=20.30 free_margin=10052.24 margin_level=49618.42
E1624,2026.08.03 08:27:16.607,2.10-ROBUST-FINAL,XAUUSD!,Opogroup-Server1,MVP_SIMPLE_EXPLICIT_ROBUST,AR-RISK-01,PORTFOLIO_RISK_POST_FILL,R9,TREND_DOWN,PB-S,PostFill,,BO#08,0.00,0.00,0.00,0.00,0,0,0,25.00,3.00,3.00,mode=GROSS_DAILY pct=30.00 budget=3000.00 realized=16.21 open=4.03 pending=0.00 used=20.24 overflow=false
E1625,2026.08.03 08:30:00.084,2.10-ROBUST-FINAL,XAUUSD!,Opogroup-Server1,MVP_SIMPLE_EXPLICIT_ROBUST,a-1/a-2/a-3,CANDLE_CLASSIFIED,,TREND_DOWN,,,,,4057.39,4059.30,4054.13,4062.78,0,0,0,N/A,N/A,N/A,bar=2026.08.03 08:15 class=BULLISH
E1626,2026.08.03 08:30:00.084,2.10-ROBUST-FINAL,XAUUSD!,Opogroup-Server1,MVP_SIMPLE_EXPLICIT_ROBUST,b-3/b-4/trend-1,BREAKOUT_SIGNAL,R9,TREND_DOWN,BO-S,Close,BO#09,,4059.30,0.00,0.00,0.00,0,0,0,25.00,3.00,3.00,BO#09; ZONE_ENGAGED + buffered close + trend snapshot
E1627,2026.08.03 08:30:00.084,2.10-ROBUST-FINAL,XAUUSD!,Opogroup-Server1,MVP_SIMPLE_EXPLICIT_ROBUST,trend-1,TREND_REFERENCE_UPDATED,,TREND_DOWN,,,,,4054.13,4071.84,0.00,0.00,0,0,0,N/A,N/A,N/A,High[1..3]/Low[1..3]
E1628,2026.08.03 08:34:38.686,2.10-ROBUST-FINAL,XAUUSD!,Opogroup-Server1,MVP_SIMPLE_EXPLICIT_ROBUST,b-29,R_STAGE_CHANGED,R9,TREND_DOWN,P,,,,4061.00,0.00,0.00,4036.00,0,0,56,25.00,3.00,3.00,stage=1 >=1R risk-zero eligible
E1629,2026.08.03 08:34:38.686,2.10-ROBUST-FINAL,XAUUSD!,Opogroup-Server1,MVP_SIMPLE_EXPLICIT_ROBUST,b-29,SL_MOVE_REQUESTED,R9,TREND_DOWN,P,ModifySL,,,0.00,0.00,4060.97,4036.00,0,0,56,25.00,3.00,3.00,stage=1 BE actual_fill + known_native_costs=-0.00
E1630,2026.08.03 08:34:38.686,2.10-ROBUST-FINAL,XAUUSD!,Opogroup-Server1,MVP_SIMPLE_EXPLICIT_ROBUST,b-29,SL_MOVE_CONFIRMED,R9,TREND_DOWN,P,ModifySL,,,0.00,0.00,4060.97,4036.00,0,0,56,25.00,3.00,3.00,stage=1 BE actual_fill + known_native_costs=-0.00
E1631,2026.08.03 08:42:19.765,2.10-ROBUST-FINAL,XAUUSD!,Opogroup-Server1,MVP_SIMPLE_EXPLICIT_ROBUST,b-20,DEAL_COSTS_RECORDED,,TREND_DOWN,,,,,0.00,4061.07,0.00,0.00,0,57,0,N/A,N/A,N/A,profit=-0.10 commission=0.00 swap=0.00 fee=0.00
E1632,2026.08.03 08:42:19.765,2.10-ROBUST-FINAL,XAUUSD!,Opogroup-Server1,MVP_SIMPLE_EXPLICIT_ROBUST,b-20/b-23/b-26/b-29,POSITION_CLOSED,R9,TREND_DOWN,PB-S,,,BO#08,0.00,4061.07,0.00,0.00,0,57,56,25.00,3.00,3.00,position_net=-0.10 daily_net=-14.00 R0=4.00000 max_r_stage=1 stacked_pullback=false reversal_ordinal=0
E1633,2026.08.03 08:42:19.775,2.10-ROBUST-FINAL,XAUUSD!,Opogroup-Server1,MVP_SIMPLE_EXPLICIT_ROBUST,b-3,ZONE_ENGAGED,R9,TREND_DOWN,,,,,4061.00,0.00,0.00,0.00,0,0,0,25.00,3.00,3.00,entered/crossed zone from below
E1634,2026.08.03 08:43:04.318,2.10-ROBUST-FINAL,XAUUSD!,Opogroup-Server1,MVP_SIMPLE_EXPLICIT_ROBUST,b-3,ZONE_ENGAGED,R9,TREND_DOWN,,,,,4061.86,0.00,0.00,0.00,0,0,0,25.00,3.00,3.00,entered/crossed zone from above
E1635,2026.08.03 08:43:04.318,2.10-ROBUST-FINAL,XAUUSD!,Opogroup-Server1,MVP_SIMPLE_EXPLICIT_ROBUST,trend-2/b-31,ZONE_TOUCH_DIRECTION_CONFIRMED,R9,TREND_DOWN,R-B,Market,,,4061.86,0.00,0.00,0.00,0,0,0,25.00,3.00,3.00,first valid R-B touch for this M15+zone+direction
E1636,2026.08.03 08:43:04.318,2.10-ROBUST-FINAL,XAUUSD!,Opogroup-Server1,MVP_SIMPLE_EXPLICIT_ROBUST,TEST-HIGH-R/b-24,ZONE_USAGE_BLOCKED,R9,TREND_DOWN,R,Market,,,0.00,0.00,0.00,0.00,0,0,0,25.00,3.00,3.00,daily reversal max reached: allowed=1 executed=1
E1637,2026.08.03 08:45:00.241,2.10-ROBUST-FINAL,XAUUSD!,Opogroup-Server1,MVP_SIMPLE_EXPLICIT_ROBUST,a-1/a-2/a-3,CANDLE_CLASSIFIED,,TREND_DOWN,,,,,4059.24,4063.40,4055.24,4064.59,0,0,0,N/A,N/A,N/A,bar=2026.08.03 08:30 class=BULLISH
E1638,2026.08.03 08:45:00.241,2.10-ROBUST-FINAL,XAUUSD!,Opogroup-Server1,MVP_SIMPLE_EXPLICIT_ROBUST,trend-1,TREND_REFERENCE_UPDATED,,TREND_DOWN,,,,,4054.13,4065.27,0.00,0.00,0,0,0,N/A,N/A,N/A,High[1..3]/Low[1..3]
E1639,2026.08.03 08:45:44.540,2.10-ROBUST-FINAL,XAUUSD!,Opogroup-Server1,MVP_SIMPLE_EXPLICIT_ROBUST,b-3,ZONE_ENGAGED,R9,TREND_DOWN,,,,,4062.00,0.00,0.00,0.00,0,0,0,25.00,3.00,3.00,entered/crossed zone from above
E1640,2026.08.03 08:45:44.540,2.10-ROBUST-FINAL,XAUUSD!,Opogroup-Server1,MVP_SIMPLE_EXPLICIT_ROBUST,trend-2/b-31,ZONE_TOUCH_DIRECTION_CONFIRMED,R9,TREND_DOWN,R-B,Market,,,4062.00,0.00,0.00,0.00,0,0,0,25.00,3.00,3.00,first valid R-B touch for this M15+zone+direction
E1641,2026.08.03 08:45:44.540,2.10-ROBUST-FINAL,XAUUSD!,Opogroup-Server1,MVP_SIMPLE_EXPLICIT_ROBUST,TEST-HIGH-R/b-24,ZONE_USAGE_BLOCKED,R9,TREND_DOWN,R,Market,,,0.00,0.00,0.00,0.00,0,0,0,25.00,3.00,3.00,daily reversal max reached: allowed=1 executed=1
E1642,2026.08.03 08:47:57.292,2.10-ROBUST-FINAL,XAUUSD!,Opogroup-Server1,MVP_SIMPLE_EXPLICIT_ROBUST,b-3,ZONE_ENGAGED,R9,TREND_DOWN,,,,,4061.00,0.00,0.00,0.00,0,0,0,25.00,3.00,3.00,entered/crossed zone from below
E1643,2026.08.03 08:54:41.461,2.10-ROBUST-FINAL,XAUUSD!,Opogroup-Server1,MVP_SIMPLE_EXPLICIT_ROBUST,b-3,ZONE_ENGAGED,R10,TREND_DOWN,,,,,4065.04,0.00,0.00,0.00,0,0,0,3.00,15.00,3.00,entered/crossed zone from below
E1644,2026.08.03 08:54:50.412,2.10-ROBUST-FINAL,XAUUSD!,Opogroup-Server1,MVP_SIMPLE_EXPLICIT_ROBUST,trend-1,TREND_STATE_CHANGED,,TREND_UP,,,,,4065.29,0.00,4054.13,4065.27,0,0,0,N/A,N/A,N/A,TREND_DOWN -> TREND_UP
E1645,2026.08.03 08:54:53.152,2.10-ROBUST-FINAL,XAUUSD!,Opogroup-Server1,MVP_SIMPLE_EXPLICIT_ROBUST,trend-2/b-31,ZONE_TOUCH_DIRECTION_CONFIRMED,R10,TREND_UP,R-S,Market,,,4065.00,0.00,0.00,0.00,0,0,0,3.00,15.00,3.00,first valid R-S touch for this M15+zone+direction
E1646,2026.08.03 08:54:53.152,2.10-ROBUST-FINAL,XAUUSD!,Opogroup-Server1,MVP_SIMPLE_EXPLICIT_ROBUST,TEST-HIGH-R/b-24,ZONE_USAGE_BLOCKED,R10,TREND_UP,R,Market,,,0.00,0.00,0.00,0.00,0,0,0,3.00,15.00,3.00,daily reversal max reached: allowed=1 executed=1
E1647,2026.08.03 09:00:00.000,2.10-ROBUST-FINAL,XAUUSD!,Opogroup-Server1,MVP_SIMPLE_EXPLICIT_ROBUST,a-1/a-2/a-3,CANDLE_CLASSIFIED,,TREND_UP,,,,,4063.43,4069.64,4058.88,4069.94,0,0,0,N/A,N/A,N/A,bar=2026.08.03 08:45 class=BULLISH
E1648,2026.08.03 09:00:00.000,2.10-ROBUST-FINAL,XAUUSD!,Opogroup-Server1,MVP_SIMPLE_EXPLICIT_ROBUST,b-3/b-4/trend-1,BREAKOUT_SIGNAL,R9,TREND_UP,BO-B,Close,BO#10,,4069.64,0.00,0.00,0.00,0,0,0,25.00,3.00,3.00,BO#10; ZONE_ENGAGED + buffered close + trend snapshot
E1649,2026.08.03 09:00:00.000,2.10-ROBUST-FINAL,XAUUSD!,Opogroup-Server1,MVP_SIMPLE_EXPLICIT_ROBUST,b-3/b-4/trend-1,BREAKOUT_SIGNAL,R10,TREND_UP,BO-B,Close,BO#11,,4069.64,0.00,0.00,0.00,0,0,0,3.00,15.00,3.00,BO#11; ZONE_ENGAGED + buffered close + trend snapshot
E1650,2026.08.03 09:00:00.000,2.10-ROBUST-FINAL,XAUUSD!,Opogroup-Server1,MVP_SIMPLE_EXPLICIT_ROBUST,trend-1,TREND_REFERENCE_UPDATED,,TREND_UP,,,,,4054.13,4069.94,0.00,0.00,0,0,0,N/A,N/A,N/A,High[1..3]/Low[1..3]
E1651,2026.08.03 09:08:07.776,2.10-ROBUST-FINAL,XAUUSD!,Opogroup-Server1,MVP_SIMPLE_EXPLICIT_ROBUST,b-3,ZONE_ENGAGED,R10,TREND_UP,,,,,4066.96,0.00,0.00,0.00,0,0,0,3.00,15.00,3.00,entered/crossed zone from above
E1652,2026.08.03 09:15:00.039,2.10-ROBUST-FINAL,XAUUSD!,Opogroup-Server1,MVP_SIMPLE_EXPLICIT_ROBUST,a-1/a-2/a-3,CANDLE_CLASSIFIED,,TREND_UP,,,,,4069.56,4066.14,4065.99,4071.15,0,0,0,N/A,N/A,N/A,bar=2026.08.03 09:00 class=BEARISH
E1653,2026.08.03 09:15:00.039,2.10-ROBUST-FINAL,XAUUSD!,Opogroup-Server1,MVP_SIMPLE_EXPLICIT_ROBUST,trend-1,TREND_REFERENCE_UPDATED,,TREND_UP,,,,,4055.24,4071.15,0.00,0.00,0,0,0,N/A,N/A,N/A,High[1..3]/Low[1..3]
E1654,2026.08.03 09:15:00.039,2.10-ROBUST-FINAL,XAUUSD!,Opogroup-Server1,MVP_SIMPLE_EXPLICIT_ROBUST,b-3,ZONE_ENGAGED,R10,TREND_UP,,,,,4066.15,0.00,0.00,0.00,0,0,0,3.00,15.00,3.00,bar opened inside zone
E1655,2026.08.03 09:30:00.015,2.10-ROBUST-FINAL,XAUUSD!,Opogroup-Server1,MVP_SIMPLE_EXPLICIT_ROBUST,a-1/a-2/a-3,CANDLE_CLASSIFIED,,TREND_UP,,,,,4066.15,4068.58,4065.43,4072.00,0,0,0,N/A,N/A,N/A,bar=2026.08.03 09:15 class=BULLISH
E1656,2026.08.03 09:30:00.015,2.10-ROBUST-FINAL,XAUUSD!,Opogroup-Server1,MVP_SIMPLE_EXPLICIT_ROBUST,b-3/b-4/trend-1,BREAKOUT_SIGNAL,R10,TREND_UP,BO-B,Close,BO#12,,4068.58,0.00,0.00,0.00,0,0,0,3.00,15.00,3.00,BO#12; ZONE_ENGAGED + buffered close + trend snapshot
E1657,2026.08.03 09:30:00.015,2.10-ROBUST-FINAL,XAUUSD!,Opogroup-Server1,MVP_SIMPLE_EXPLICIT_ROBUST,trend-1,TREND_REFERENCE_UPDATED,,TREND_UP,,,,,4058.88,4072.00,0.00,0.00,0,0,0,N/A,N/A,N/A,High[1..3]/Low[1..3]
E1658,2026.08.03 09:31:11.720,2.10-ROBUST-FINAL,XAUUSD!,Opogroup-Server1,MVP_SIMPLE_EXPLICIT_ROBUST,b-3,ZONE_ENGAGED,R10,TREND_UP,,,,,4066.96,0.00,0.00,0.00,0,0,0,3.00,15.00,3.00,entered/crossed zone from above
E1659,2026.08.03 09:34:09.393,2.10-ROBUST-FINAL,XAUUSD!,Opogroup-Server1,MVP_SIMPLE_EXPLICIT_ROBUST,b-3,ZONE_ENGAGED,R10,TREND_UP,,,,,4065.00,0.00,0.00,0.00,0,0,0,3.00,15.00,3.00,entered/crossed zone from below
E1660,2026.08.03 09:34:09.393,2.10-ROBUST-FINAL,XAUUSD!,Opogroup-Server1,MVP_SIMPLE_EXPLICIT_ROBUST,trend-2/b-31,ZONE_TOUCH_DIRECTION_CONFIRMED,R10,TREND_UP,R-S,Market,,,4065.00,0.00,0.00,0.00,0,0,0,3.00,15.00,3.00,first valid R-S touch for this M15+zone+direction
E1661,2026.08.03 09:34:09.393,2.10-ROBUST-FINAL,XAUUSD!,Opogroup-Server1,MVP_SIMPLE_EXPLICIT_ROBUST,TEST-HIGH-R/b-24,ZONE_USAGE_BLOCKED,R10,TREND_UP,R,Market,,,0.00,0.00,0.00,0.00,0,0,0,3.00,15.00,3.00,daily reversal max reached: allowed=1 executed=1
E1662,2026.08.03 09:34:32.639,2.10-ROBUST-FINAL,XAUUSD!,Opogroup-Server1,MVP_SIMPLE_EXPLICIT_ROBUST,b-3,ZONE_ENGAGED,R9,TREND_UP,,,,,4062.00,0.00,0.00,0.00,0,0,0,25.00,3.00,3.00,entered/crossed zone from above
E1663,2026.08.03 09:34:58.799,2.10-ROBUST-FINAL,XAUUSD!,Opogroup-Server1,MVP_SIMPLE_EXPLICIT_ROBUST,b-3,ZONE_ENGAGED,R9,TREND_UP,,,,,4061.04,0.00,0.00,0.00,0,0,0,25.00,3.00,3.00,entered/crossed zone from below
E1664,2026.08.03 09:34:58.799,2.10-ROBUST-FINAL,XAUUSD!,Opogroup-Server1,MVP_SIMPLE_EXPLICIT_ROBUST,trend-2/b-31,ZONE_TOUCH_DIRECTION_CONFIRMED,R9,TREND_UP,R-S,Market,,,4061.04,0.00,0.00,0.00,0,0,0,25.00,3.00,3.00,first valid R-S touch for this M15+zone+direction
E1665,2026.08.03 09:34:58.799,2.10-ROBUST-FINAL,XAUUSD!,Opogroup-Server1,MVP_SIMPLE_EXPLICIT_ROBUST,TEST-HIGH-R/b-24,ZONE_USAGE_BLOCKED,R9,TREND_UP,R,Market,,,0.00,0.00,0.00,0.00,0,0,0,25.00,3.00,3.00,daily reversal max reached: allowed=1 executed=1
E1666,2026.08.03 09:45:00.006,2.10-ROBUST-FINAL,XAUUSD!,Opogroup-Server1,MVP_SIMPLE_EXPLICIT_ROBUST,a-1/a-2/a-3,CANDLE_CLASSIFIED,,TREND_UP,,,,,4068.59,4065.50,4060.58,4068.95,0,0,0,N/A,N/A,N/A,bar=2026.08.03 09:30 class=BEARISH
E1667,2026.08.03 09:45:00.006,2.10-ROBUST-FINAL,XAUUSD!,Opogroup-Server1,MVP_SIMPLE_EXPLICIT_ROBUST,b-3/b-4/trend-1,BREAKOUT_SIGNAL,R9,TREND_UP,BO-B,Close,BO#13,,4065.50,0.00,0.00,0.00,0,0,0,25.00,3.00,3.00,BO#13; ZONE_ENGAGED + buffered close + trend snapshot
E1668,2026.08.03 09:45:00.006,2.10-ROBUST-FINAL,XAUUSD!,Opogroup-Server1,MVP_SIMPLE_EXPLICIT_ROBUST,trend-1,TREND_REFERENCE_UPDATED,,TREND_UP,,,,,4060.58,4072.00,0.00,0.00,0,0,0,N/A,N/A,N/A,High[1..3]/Low[1..3]
E1669,2026.08.03 09:45:00.006,2.10-ROBUST-FINAL,XAUUSD!,Opogroup-Server1,MVP_SIMPLE_EXPLICIT_ROBUST,b-3,ZONE_ENGAGED,R10,TREND_UP,,,,,4065.49,0.00,0.00,0.00,0,0,0,3.00,15.00,3.00,bar opened inside zone
E1670,2026.08.03 09:45:46.748,2.10-ROBUST-FINAL,XAUUSD!,Opogroup-Server1,MVP_SIMPLE_EXPLICIT_ROBUST,trend-2/b-31,ZONE_TOUCH_DIRECTION_CONFIRMED,R10,TREND_UP,R-S,Market,,,4065.01,0.00,0.00,0.00,0,0,0,3.00,15.00,3.00,first valid R-S touch for this M15+zone+direction
E1671,2026.08.03 09:45:46.748,2.10-ROBUST-FINAL,XAUUSD!,Opogroup-Server1,MVP_SIMPLE_EXPLICIT_ROBUST,TEST-HIGH-R/b-24,ZONE_USAGE_BLOCKED,R10,TREND_UP,R,Market,,,0.00,0.00,0.00,0.00,0,0,0,3.00,15.00,3.00,daily reversal max reached: allowed=1 executed=1
E1672,2026.08.03 10:00:00.005,2.10-ROBUST-FINAL,XAUUSD!,Opogroup-Server1,MVP_SIMPLE_EXPLICIT_ROBUST,a-1/a-2/a-3,CANDLE_CLASSIFIED,,TREND_UP,,,,,4065.49,4062.34,4062.33,4066.96,0,0,0,N/A,N/A,N/A,bar=2026.08.03 09:45 class=BEARISH
E1673,2026.08.03 10:00:00.005,2.10-ROBUST-FINAL,XAUUSD!,Opogroup-Server1,MVP_SIMPLE_EXPLICIT_ROBUST,trend-1,TREND_REFERENCE_UPDATED,,TREND_UP,,,,,4060.58,4072.00,0.00,0.00,0,0,0,N/A,N/A,N/A,High[1..3]/Low[1..3]
E1674,2026.08.03 10:00:38.859,2.10-ROBUST-FINAL,XAUUSD!,Opogroup-Server1,MVP_SIMPLE_EXPLICIT_ROBUST,b-3,ZONE_ENGAGED,R10,TREND_UP,,,,,4065.07,0.00,0.00,0.00,0,0,0,3.00,15.00,3.00,entered/crossed zone from below
E1675,2026.08.03 10:00:38.859,2.10-ROBUST-FINAL,XAUUSD!,Opogroup-Server1,MVP_SIMPLE_EXPLICIT_ROBUST,trend-2/b-31,ZONE_TOUCH_DIRECTION_CONFIRMED,R10,TREND_UP,R-S,Market,,,4065.07,0.00,0.00,0.00,0,0,0,3.00,15.00,3.00,first valid R-S touch for this M15+zone+direction
E1676,2026.08.03 10:00:38.859,2.10-ROBUST-FINAL,XAUUSD!,Opogroup-Server1,MVP_SIMPLE_EXPLICIT_ROBUST,TEST-HIGH-R/b-24,ZONE_USAGE_BLOCKED,R10,TREND_UP,R,Market,,,0.00,0.00,0.00,0.00,0,0,0,3.00,15.00,3.00,daily reversal max reached: allowed=1 executed=1
E1677,2026.08.03 10:02:05.116,2.10-ROBUST-FINAL,XAUUSD!,Opogroup-Server1,MVP_SIMPLE_EXPLICIT_ROBUST,b-3,ZONE_ENGAGED,R9,TREND_UP,,,,,4061.99,0.00,0.00,0.00,0,0,0,25.00,3.00,3.00,entered/crossed zone from above
E1678,2026.08.03 10:03:35.691,2.10-ROBUST-FINAL,XAUUSD!,Opogroup-Server1,MVP_SIMPLE_EXPLICIT_ROBUST,b-3,ZONE_ENGAGED,R9,TREND_UP,,,,,4061.00,0.00,0.00,0.00,0,0,0,25.00,3.00,3.00,entered/crossed zone from below
E1679,2026.08.03 10:03:35.691,2.10-ROBUST-FINAL,XAUUSD!,Opogroup-Server1,MVP_SIMPLE_EXPLICIT_ROBUST,trend-2/b-31,ZONE_TOUCH_DIRECTION_CONFIRMED,R9,TREND_UP,R-S,Market,,,4061.00,0.00,0.00,0.00,0,0,0,25.00,3.00,3.00,first valid R-S touch for this M15+zone+direction
E1680,2026.08.03 10:03:35.691,2.10-ROBUST-FINAL,XAUUSD!,Opogroup-Server1,MVP_SIMPLE_EXPLICIT_ROBUST,TEST-HIGH-R/b-24,ZONE_USAGE_BLOCKED,R9,TREND_UP,R,Market,,,0.00,0.00,0.00,0.00,0,0,0,25.00,3.00,3.00,daily reversal max reached: allowed=1 executed=1
E1681,2026.08.03 10:03:46.133,2.10-ROBUST-FINAL,XAUUSD!,Opogroup-Server1,MVP_SIMPLE_EXPLICIT_ROBUST,trend-1,TREND_STATE_CHANGED,,TREND_DOWN,,,,,4060.55,0.00,4060.58,4072.00,0,0,0,N/A,N/A,N/A,TREND_UP -> TREND_DOWN
E1682,2026.08.03 10:06:28.621,2.10-ROBUST-FINAL,XAUUSD!,Opogroup-Server1,MVP_SIMPLE_EXPLICIT_ROBUST,trend-2/b-31,ZONE_TOUCH_DIRECTION_CONFIRMED,R9,TREND_DOWN,R-B,Market,,,4061.94,0.00,0.00,0.00,0,0,0,25.00,3.00,3.00,first valid R-B touch for this M15+zone+direction
E1683,2026.08.03 10:06:28.621,2.10-ROBUST-FINAL,XAUUSD!,Opogroup-Server1,MVP_SIMPLE_EXPLICIT_ROBUST,TEST-HIGH-R/b-24,ZONE_USAGE_BLOCKED,R9,TREND_DOWN,R,Market,,,0.00,0.00,0.00,0.00,0,0,0,25.00,3.00,3.00,daily reversal max reached: allowed=1 executed=1
E1684,2026.08.03 10:15:00.114,2.10-ROBUST-FINAL,XAUUSD!,Opogroup-Server1,MVP_SIMPLE_EXPLICIT_ROBUST,a-1/a-2/a-3,CANDLE_CLASSIFIED,,TREND_DOWN,,,,,4062.33,4061.55,4059.62,4065.28,0,0,0,N/A,N/A,N/A,bar=2026.08.03 10:00 class=BEARISH
E1685,2026.08.03 10:15:00.114,2.10-ROBUST-FINAL,XAUUSD!,Opogroup-Server1,MVP_SIMPLE_EXPLICIT_ROBUST,trend-1,TREND_REFERENCE_UPDATED,,TREND_DOWN,,,,,4059.62,4068.95,0.00,0.00,0,0,0,N/A,N/A,N/A,High[1..3]/Low[1..3]
E1686,2026.08.03 10:15:00.114,2.10-ROBUST-FINAL,XAUUSD!,Opogroup-Server1,MVP_SIMPLE_EXPLICIT_ROBUST,b-3,ZONE_ENGAGED,R9,TREND_DOWN,,,,,4061.37,0.00,0.00,0.00,0,0,0,25.00,3.00,3.00,bar opened inside zone
E1687,2026.08.03 10:15:58.452,2.10-ROBUST-FINAL,XAUUSD!,Opogroup-Server1,MVP_SIMPLE_EXPLICIT_ROBUST,trend-2/b-31,ZONE_TOUCH_DIRECTION_CONFIRMED,R9,TREND_DOWN,R-B,Market,,,4061.94,0.00,0.00,0.00,0,0,0,25.00,3.00,3.00,first valid R-B touch for this M15+zone+direction
E1688,2026.08.03 10:15:58.452,2.10-ROBUST-FINAL,XAUUSD!,Opogroup-Server1,MVP_SIMPLE_EXPLICIT_ROBUST,TEST-HIGH-R/b-24,ZONE_USAGE_BLOCKED,R9,TREND_DOWN,R,Market,,,0.00,0.00,0.00,0.00,0,0,0,25.00,3.00,3.00,daily reversal max reached: allowed=1 executed=1
E1689,2026.08.03 10:30:00.020,2.10-ROBUST-FINAL,XAUUSD!,Opogroup-Server1,MVP_SIMPLE_EXPLICIT_ROBUST,a-1/a-2/a-3,CANDLE_CLASSIFIED,,TREND_DOWN,,,,,4061.37,4058.04,4052.00,4062.08,0,0,0,N/A,N/A,N/A,bar=2026.08.03 10:15 class=BEARISH
E1690,2026.08.03 10:30:00.020,2.10-ROBUST-FINAL,XAUUSD!,Opogroup-Server1,MVP_SIMPLE_EXPLICIT_ROBUST,b-3/b-4/trend-1,BREAKOUT_SIGNAL,R9,TREND_DOWN,BO-S,Close,BO#14,,4058.04,0.00,0.00,0.00,0,0,0,25.00,3.00,3.00,BO#14; ZONE_ENGAGED + buffered close + trend snapshot
E1691,2026.08.03 10:30:00.020,2.10-ROBUST-FINAL,XAUUSD!,Opogroup-Server1,MVP_SIMPLE_EXPLICIT_ROBUST,trend-1,TREND_REFERENCE_UPDATED,,TREND_DOWN,,,,,4052.00,4066.96,0.00,0.00,0,0,0,N/A,N/A,N/A,High[1..3]/Low[1..3]
E1692,2026.08.03 10:35:11.257,2.10-ROBUST-FINAL,XAUUSD!,Opogroup-Server1,MVP_SIMPLE_EXPLICIT_ROBUST,b-3,ZONE_ENGAGED,R9,TREND_DOWN,,,,,4061.11,0.00,0.00,0.00,0,0,0,25.00,3.00,3.00,entered/crossed zone from below
E1693,2026.08.03 10:45:00.046,2.10-ROBUST-FINAL,XAUUSD!,Opogroup-Server1,MVP_SIMPLE_EXPLICIT_ROBUST,a-1/a-2/a-3,CANDLE_CLASSIFIED,,TREND_DOWN,,,,,4058.06,4059.60,4056.55,4061.19,0,0,0,N/A,N/A,N/A,bar=2026.08.03 10:30 class=BULLISH
E1694,2026.08.03 10:45:00.046,2.10-ROBUST-FINAL,XAUUSD!,Opogroup-Server1,MVP_SIMPLE_EXPLICIT_ROBUST,trend-1,TREND_REFERENCE_UPDATED,,TREND_DOWN,,,,,4052.00,4065.28,0.00,0.00,0,0,0,N/A,N/A,N/A,High[1..3]/Low[1..3]
E1695,2026.08.03 10:49:30.996,2.10-ROBUST-FINAL,XAUUSD!,Opogroup-Server1,MVP_SIMPLE_EXPLICIT_ROBUST,b-3,ZONE_ENGAGED,R9,TREND_DOWN,,,,,4061.02,0.00,0.00,0.00,0,0,0,25.00,3.00,3.00,entered/crossed zone from below
E1696,2026.08.03 10:53:26.706,2.10-ROBUST-FINAL,XAUUSD!,Opogroup-Server1,MVP_SIMPLE_EXPLICIT_ROBUST,b-3,ZONE_ENGAGED,R9,TREND_DOWN,,,,,4061.98,0.00,0.00,0.00,0,0,0,25.00,3.00,3.00,entered/crossed zone from above
E1697,2026.08.03 10:53:26.706,2.10-ROBUST-FINAL,XAUUSD!,Opogroup-Server1,MVP_SIMPLE_EXPLICIT_ROBUST,trend-2/b-31,ZONE_TOUCH_DIRECTION_CONFIRMED,R9,TREND_DOWN,R-B,Market,,,4061.98,0.00,0.00,0.00,0,0,0,25.00,3.00,3.00,first valid R-B touch for this M15+zone+direction
E1698,2026.08.03 10:53:26.706,2.10-ROBUST-FINAL,XAUUSD!,Opogroup-Server1,MVP_SIMPLE_EXPLICIT_ROBUST,TEST-HIGH-R/b-24,ZONE_USAGE_BLOCKED,R9,TREND_DOWN,R,Market,,,0.00,0.00,0.00,0.00,0,0,0,25.00,3.00,3.00,daily reversal max reached: allowed=1 executed=1
E1699,2026.08.03 11:00:00.004,2.10-ROBUST-FINAL,XAUUSD!,Opogroup-Server1,MVP_SIMPLE_EXPLICIT_ROBUST,a-1/a-2/a-3,CANDLE_CLASSIFIED,,TREND_DOWN,,,,,4059.61,4061.02,4058.33,4063.27,0,0,0,N/A,N/A,N/A,bar=2026.08.03 10:45 class=BULLISH
E1700,2026.08.03 11:00:00.004,2.10-ROBUST-FINAL,XAUUSD!,Opogroup-Server1,MVP_SIMPLE_EXPLICIT_ROBUST,trend-1,TREND_REFERENCE_UPDATED,,TREND_DOWN,,,,,4052.00,4063.27,0.00,0.00,0,0,0,N/A,N/A,N/A,High[1..3]/Low[1..3]
E1701,2026.08.03 11:00:00.004,2.10-ROBUST-FINAL,XAUUSD!,Opogroup-Server1,MVP_SIMPLE_EXPLICIT_ROBUST,b-3,ZONE_ENGAGED,R9,TREND_DOWN,,,,,4061.09,0.00,0.00,0.00,0,0,0,25.00,3.00,3.00,bar opened inside zone
E1702,2026.08.03 11:14:28.289,2.10-ROBUST-FINAL,XAUUSD!,Opogroup-Server1,MVP_SIMPLE_EXPLICIT_ROBUST,trend-2/b-31,ZONE_TOUCH_DIRECTION_CONFIRMED,R9,TREND_DOWN,R-B,Market,,,4061.84,0.00,0.00,0.00,0,0,0,25.00,3.00,3.00,first valid R-B touch for this M15+zone+direction
E1703,2026.08.03 11:14:28.289,2.10-ROBUST-FINAL,XAUUSD!,Opogroup-Server1,MVP_SIMPLE_EXPLICIT_ROBUST,TEST-HIGH-R/b-24,ZONE_USAGE_BLOCKED,R9,TREND_DOWN,R,Market,,,0.00,0.00,0.00,0.00,0,0,0,25.00,3.00,3.00,daily reversal max reached: allowed=1 executed=1
E1704,2026.08.03 11:15:00.191,2.10-ROBUST-FINAL,XAUUSD!,Opogroup-Server1,MVP_SIMPLE_EXPLICIT_ROBUST,a-1/a-2/a-3,CANDLE_CLASSIFIED,,TREND_DOWN,,,,,4061.09,4061.75,4058.40,4062.19,0,0,0,N/A,N/A,N/A,bar=2026.08.03 11:00 class=BULLISH
E1705,2026.08.03 11:15:00.191,2.10-ROBUST-FINAL,XAUUSD!,Opogroup-Server1,MVP_SIMPLE_EXPLICIT_ROBUST,trend-1,TREND_REFERENCE_UPDATED,,TREND_DOWN,,,,,4056.55,4063.27,0.00,0.00,0,0,0,N/A,N/A,N/A,High[1..3]/Low[1..3]
E1706,2026.08.03 11:15:00.191,2.10-ROBUST-FINAL,XAUUSD!,Opogroup-Server1,MVP_SIMPLE_EXPLICIT_ROBUST,b-3,ZONE_ENGAGED,R9,TREND_DOWN,,,,,4061.74,0.00,0.00,0.00,0,0,0,25.00,3.00,3.00,bar opened inside zone
E1707,2026.08.03 11:15:12.866,2.10-ROBUST-FINAL,XAUUSD!,Opogroup-Server1,MVP_SIMPLE_EXPLICIT_ROBUST,trend-2/b-31,ZONE_TOUCH_DIRECTION_CONFIRMED,R9,TREND_DOWN,R-B,Market,,,4061.99,0.00,0.00,0.00,0,0,0,25.00,3.00,3.00,first valid R-B touch for this M15+zone+direction
E1708,2026.08.03 11:15:12.866,2.10-ROBUST-FINAL,XAUUSD!,Opogroup-Server1,MVP_SIMPLE_EXPLICIT_ROBUST,TEST-HIGH-R/b-24,ZONE_USAGE_BLOCKED,R9,TREND_DOWN,R,Market,,,0.00,0.00,0.00,0.00,0,0,0,25.00,3.00,3.00,daily reversal max reached: allowed=1 executed=1
E1709,2026.08.03 11:30:00.053,2.10-ROBUST-FINAL,XAUUSD!,Opogroup-Server1,MVP_SIMPLE_EXPLICIT_ROBUST,a-1/a-2/a-3,CANDLE_CLASSIFIED,,TREND_DOWN,,,,,4061.74,4055.96,4054.38,4062.44,0,0,0,N/A,N/A,N/A,bar=2026.08.03 11:15 class=BEARISH
E1710,2026.08.03 11:30:00.053,2.10-ROBUST-FINAL,XAUUSD!,Opogroup-Server1,MVP_SIMPLE_EXPLICIT_ROBUST,b-3/b-4/trend-1,BREAKOUT_SIGNAL,R9,TREND_DOWN,BO-S,Close,BO#15,,4055.96,0.00,0.00,0.00,0,0,0,25.00,3.00,3.00,BO#15; ZONE_ENGAGED + buffered close + trend snapshot
E1711,2026.08.03 11:30:00.053,2.10-ROBUST-FINAL,XAUUSD!,Opogroup-Server1,MVP_SIMPLE_EXPLICIT_ROBUST,trend-1,TREND_REFERENCE_UPDATED,,TREND_DOWN,,,,,4054.38,4063.27,0.00,0.00,0,0,0,N/A,N/A,N/A,High[1..3]/Low[1..3]
E1712,2026.08.03 11:45:00.029,2.10-ROBUST-FINAL,XAUUSD!,Opogroup-Server1,MVP_SIMPLE_EXPLICIT_ROBUST,a-1/a-2/a-3,CANDLE_CLASSIFIED,,TREND_DOWN,,,,,4055.95,4058.39,4054.74,4060.65,0,0,0,N/A,N/A,N/A,bar=2026.08.03 11:30 class=BULLISH
E1713,2026.08.03 11:45:00.029,2.10-ROBUST-FINAL,XAUUSD!,Opogroup-Server1,MVP_SIMPLE_EXPLICIT_ROBUST,trend-1,TREND_REFERENCE_UPDATED,,TREND_DOWN,,,,,4054.38,4062.44,0.00,0.00,0,0,0,N/A,N/A,N/A,High[1..3]/Low[1..3]
E1714,2026.08.03 12:00:00.013,2.10-ROBUST-FINAL,XAUUSD!,Opogroup-Server1,MVP_SIMPLE_EXPLICIT_ROBUST,a-1/a-2/a-3,CANDLE_CLASSIFIED,,TREND_DOWN,,,,,4058.44,4059.40,4057.62,4060.96,0,0,0,N/A,N/A,N/A,bar=2026.08.03 11:45 class=BULLISH
E1715,2026.08.03 12:00:00.013,2.10-ROBUST-FINAL,XAUUSD!,Opogroup-Server1,MVP_SIMPLE_EXPLICIT_ROBUST,trend-1,TREND_REFERENCE_UPDATED,,TREND_DOWN,,,,,4054.38,4062.44,0.00,0.00,0,0,0,N/A,N/A,N/A,High[1..3]/Low[1..3]
E1716,2026.08.03 12:12:53.144,2.10-ROBUST-FINAL,XAUUSD!,Opogroup-Server1,MVP_SIMPLE_EXPLICIT_ROBUST,b-3,ZONE_ENGAGED,R9,TREND_DOWN,,,,,4061.03,0.00,0.00,0.00,0,0,0,25.00,3.00,3.00,entered/crossed zone from below
E1717,2026.08.03 12:13:44.508,2.10-ROBUST-FINAL,XAUUSD!,Opogroup-Server1,MVP_SIMPLE_EXPLICIT_ROBUST,b-3,ZONE_ENGAGED,R9,TREND_DOWN,,,,,4062.00,0.00,0.00,0.00,0,0,0,25.00,3.00,3.00,entered/crossed zone from above
E1718,2026.08.03 12:13:44.508,2.10-ROBUST-FINAL,XAUUSD!,Opogroup-Server1,MVP_SIMPLE_EXPLICIT_ROBUST,trend-2/b-31,ZONE_TOUCH_DIRECTION_CONFIRMED,R9,TREND_DOWN,R-B,Market,,,4062.00,0.00,0.00,0.00,0,0,0,25.00,3.00,3.00,first valid R-B touch for this M15+zone+direction
E1719,2026.08.03 12:13:44.508,2.10-ROBUST-FINAL,XAUUSD!,Opogroup-Server1,MVP_SIMPLE_EXPLICIT_ROBUST,TEST-HIGH-R/b-24,ZONE_USAGE_BLOCKED,R9,TREND_DOWN,R,Market,,,0.00,0.00,0.00,0.00,0,0,0,25.00,3.00,3.00,daily reversal max reached: allowed=1 executed=1
E1720,2026.08.03 12:15:00.040,2.10-ROBUST-FINAL,XAUUSD!,Opogroup-Server1,MVP_SIMPLE_EXPLICIT_ROBUST,a-1/a-2/a-3,CANDLE_CLASSIFIED,,TREND_DOWN,,,,,4059.39,4061.42,4057.28,4062.16,0,0,0,N/A,N/A,N/A,bar=2026.08.03 12:00 class=BULLISH
E1721,2026.08.03 12:15:00.040,2.10-ROBUST-FINAL,XAUUSD!,Opogroup-Server1,MVP_SIMPLE_EXPLICIT_ROBUST,trend-1,TREND_REFERENCE_UPDATED,,TREND_DOWN,,,,,4054.74,4062.16,0.00,0.00,0,0,0,N/A,N/A,N/A,High[1..3]/Low[1..3]
E1722,2026.08.03 12:15:00.040,2.10-ROBUST-FINAL,XAUUSD!,Opogroup-Server1,MVP_SIMPLE_EXPLICIT_ROBUST,b-3,ZONE_ENGAGED,R9,TREND_DOWN,,,,,4061.43,0.00,0.00,0.00,0,0,0,25.00,3.00,3.00,bar opened inside zone
E1723,2026.08.03 12:30:00.308,2.10-ROBUST-FINAL,XAUUSD!,Opogroup-Server1,MVP_SIMPLE_EXPLICIT_ROBUST,a-1/a-2/a-3,CANDLE_CLASSIFIED,,TREND_DOWN,,,,,4061.43,4052.68,4052.06,4061.46,0,0,0,N/A,N/A,N/A,bar=2026.08.03 12:15 class=BEARISH
E1724,2026.08.03 12:30:00.308,2.10-ROBUST-FINAL,XAUUSD!,Opogroup-Server1,MVP_SIMPLE_EXPLICIT_ROBUST,b-3/b-4/trend-1,BREAKOUT_SIGNAL,R9,TREND_DOWN,BO-S,Close,BO#16,,4052.68,0.00,0.00,0.00,0,0,0,25.00,3.00,3.00,BO#16; ZONE_ENGAGED + buffered close + trend snapshot
E1725,2026.08.03 12:30:00.308,2.10-ROBUST-FINAL,XAUUSD!,Opogroup-Server1,MVP_SIMPLE_EXPLICIT_ROBUST,trend-1,TREND_REFERENCE_UPDATED,,TREND_DOWN,,,,,4052.06,4062.16,0.00,0.00,0,0,0,N/A,N/A,N/A,High[1..3]/Low[1..3]
E1726,2026.08.03 12:45:00.362,2.10-ROBUST-FINAL,XAUUSD!,Opogroup-Server1,MVP_SIMPLE_EXPLICIT_ROBUST,a-1/a-2/a-3,CANDLE_CLASSIFIED,,TREND_DOWN,,,,,4052.76,4053.39,4046.61,4054.79,0,0,0,N/A,N/A,N/A,bar=2026.08.03 12:30 class=BULLISH
E1727,2026.08.03 12:45:00.362,2.10-ROBUST-FINAL,XAUUSD!,Opogroup-Server1,MVP_SIMPLE_EXPLICIT_ROBUST,trend-1,TREND_REFERENCE_UPDATED,,TREND_DOWN,,,,,4046.61,4062.16,0.00,0.00,0,0,0,N/A,N/A,N/A,High[1..3]/Low[1..3]
E1728,2026.08.03 13:00:00.271,2.10-ROBUST-FINAL,XAUUSD!,Opogroup-Server1,MVP_SIMPLE_EXPLICIT_ROBUST,a-1/a-2/a-3,CANDLE_CLASSIFIED,,TREND_DOWN,,,,,4053.42,4055.42,4053.42,4058.09,0,0,0,N/A,N/A,N/A,bar=2026.08.03 12:45 class=BULLISH
E1729,2026.08.03 13:00:00.271,2.10-ROBUST-FINAL,XAUUSD!,Opogroup-Server1,MVP_SIMPLE_EXPLICIT_ROBUST,trend-1,TREND_REFERENCE_UPDATED,,TREND_DOWN,,,,,4046.61,4061.46,0.00,0.00,0,0,0,N/A,N/A,N/A,High[1..3]/Low[1..3]
E1730,2026.08.03 13:15:00.307,2.10-ROBUST-FINAL,XAUUSD!,Opogroup-Server1,MVP_SIMPLE_EXPLICIT_ROBUST,a-1/a-2/a-3,CANDLE_CLASSIFIED,,TREND_DOWN,,,,,4055.49,4056.25,4053.09,4057.15,0,0,0,N/A,N/A,N/A,bar=2026.08.03 13:00 class=BULLISH
E1731,2026.08.03 13:15:00.307,2.10-ROBUST-FINAL,XAUUSD!,Opogroup-Server1,MVP_SIMPLE_EXPLICIT_ROBUST,trend-1,TREND_REFERENCE_UPDATED,,TREND_DOWN,,,,,4046.61,4058.09,0.00,0.00,0,0,0,N/A,N/A,N/A,High[1..3]/Low[1..3]
E1732,2026.08.03 13:30:00.162,2.10-ROBUST-FINAL,XAUUSD!,Opogroup-Server1,MVP_SIMPLE_EXPLICIT_ROBUST,a-1/a-2/a-3,CANDLE_CLASSIFIED,,TREND_DOWN,,,,,4056.24,4053.58,4051.90,4057.12,0,0,0,N/A,N/A,N/A,bar=2026.08.03 13:15 class=BEARISH
E1733,2026.08.03 13:30:00.162,2.10-ROBUST-FINAL,XAUUSD!,Opogroup-Server1,MVP_SIMPLE_EXPLICIT_ROBUST,trend-1,TREND_REFERENCE_UPDATED,,TREND_DOWN,,,,,4051.90,4058.09,0.00,0.00,0,0,0,N/A,N/A,N/A,High[1..3]/Low[1..3]
E1734,2026.08.03 13:45:00.002,2.10-ROBUST-FINAL,XAUUSD!,Opogroup-Server1,MVP_SIMPLE_EXPLICIT_ROBUST,a-1/a-2/a-3,CANDLE_CLASSIFIED,,TREND_DOWN,,,,,4053.46,4049.03,4048.62,4053.65,0,0,0,N/A,N/A,N/A,bar=2026.08.03 13:30 class=BEARISH
E1735,2026.08.03 13:45:00.002,2.10-ROBUST-FINAL,XAUUSD!,Opogroup-Server1,MVP_SIMPLE_EXPLICIT_ROBUST,trend-1,TREND_REFERENCE_UPDATED,,TREND_DOWN,,,,,4048.62,4057.15,0.00,0.00,0,0,0,N/A,N/A,N/A,High[1..3]/Low[1..3]
E1736,2026.08.03 14:00:00.103,2.10-ROBUST-FINAL,XAUUSD!,Opogroup-Server1,MVP_SIMPLE_EXPLICIT_ROBUST,a-1/a-2/a-3,CANDLE_CLASSIFIED,,TREND_DOWN,,,,,4049.01,4049.43,4045.83,4050.69,0,0,0,N/A,N/A,N/A,bar=2026.08.03 13:45 class=BULLISH
E1737,2026.08.03 14:00:00.103,2.10-ROBUST-FINAL,XAUUSD!,Opogroup-Server1,MVP_SIMPLE_EXPLICIT_ROBUST,trend-1,TREND_REFERENCE_UPDATED,,TREND_DOWN,,,,,4045.83,4057.12,0.00,0.00,0,0,0,N/A,N/A,N/A,High[1..3]/Low[1..3]
E1738,2026.08.03 14:15:00.069,2.10-ROBUST-FINAL,XAUUSD!,Opogroup-Server1,MVP_SIMPLE_EXPLICIT_ROBUST,a-1/a-2/a-3,CANDLE_CLASSIFIED,,TREND_DOWN,,,,,4049.46,4049.82,4047.61,4052.89,0,0,0,N/A,N/A,N/A,bar=2026.08.03 14:00 class=BULLISH
E1739,2026.08.03 14:15:00.069,2.10-ROBUST-FINAL,XAUUSD!,Opogroup-Server1,MVP_SIMPLE_EXPLICIT_ROBUST,trend-1,TREND_REFERENCE_UPDATED,,TREND_DOWN,,,,,4045.83,4053.65,0.00,0.00,0,0,0,N/A,N/A,N/A,High[1..3]/Low[1..3]
E1740,2026.08.03 14:30:00.015,2.10-ROBUST-FINAL,XAUUSD!,Opogroup-Server1,MVP_SIMPLE_EXPLICIT_ROBUST,a-1/a-2/a-3,CANDLE_CLASSIFIED,,TREND_DOWN,,,,,4049.80,4048.48,4045.37,4049.91,0,0,0,N/A,N/A,N/A,bar=2026.08.03 14:15 class=BEARISH
E1741,2026.08.03 14:30:00.015,2.10-ROBUST-FINAL,XAUUSD!,Opogroup-Server1,MVP_SIMPLE_EXPLICIT_ROBUST,trend-1,TREND_REFERENCE_UPDATED,,TREND_DOWN,,,,,4045.37,4052.89,0.00,0.00,0,0,0,N/A,N/A,N/A,High[1..3]/Low[1..3]
E1742,2026.08.03 14:41:55.325,2.10-ROBUST-FINAL,XAUUSD!,Opogroup-Server1,MVP_SIMPLE_EXPLICIT_ROBUST,trend-1,TREND_STATE_CHANGED,,TREND_UP,,,,,4052.97,0.00,4045.37,4052.89,0,0,0,N/A,N/A,N/A,TREND_DOWN -> TREND_UP
E1743,2026.08.03 14:45:00.031,2.10-ROBUST-FINAL,XAUUSD!,Opogroup-Server1,MVP_SIMPLE_EXPLICIT_ROBUST,a-1/a-2/a-3,CANDLE_CLASSIFIED,,TREND_UP,,,,,4048.45,4053.63,4047.94,4054.87,0,0,0,N/A,N/A,N/A,bar=2026.08.03 14:30 class=BULLISH
E1744,2026.08.03 14:45:00.031,2.10-ROBUST-FINAL,XAUUSD!,Opogroup-Server1,MVP_SIMPLE_EXPLICIT_ROBUST,trend-1,TREND_REFERENCE_UPDATED,,TREND_UP,,,,,4045.37,4054.87,0.00,0.00,0,0,0,N/A,N/A,N/A,High[1..3]/Low[1..3]
E1745,2026.08.03 14:50:56.771,2.10-ROBUST-FINAL,XAUUSD!,Opogroup-Server1,MVP_SIMPLE_EXPLICIT_ROBUST,b-3,ZONE_ENGAGED,R9,TREND_UP,,,,,4061.00,0.00,0.00,0.00,0,0,0,25.00,3.00,3.00,entered/crossed zone from below
E1746,2026.08.03 14:50:56.771,2.10-ROBUST-FINAL,XAUUSD!,Opogroup-Server1,MVP_SIMPLE_EXPLICIT_ROBUST,trend-2/b-31,ZONE_TOUCH_DIRECTION_CONFIRMED,R9,TREND_UP,R-S,Market,,,4061.00,0.00,0.00,0.00,0,0,0,25.00,3.00,3.00,first valid R-S touch for this M15+zone+direction
E1747,2026.08.03 14:50:56.771,2.10-ROBUST-FINAL,XAUUSD!,Opogroup-Server1,MVP_SIMPLE_EXPLICIT_ROBUST,TEST-HIGH-R/b-24,ZONE_USAGE_BLOCKED,R9,TREND_UP,R,Market,,,0.00,0.00,0.00,0.00,0,0,0,25.00,3.00,3.00,daily reversal max reached: allowed=1 executed=1
E1748,2026.08.03 14:50:59.447,2.10-ROBUST-FINAL,XAUUSD!,Opogroup-Server1,MVP_SIMPLE_EXPLICIT_ROBUST,b-3,ZONE_ENGAGED,R9,TREND_UP,,,,,4061.77,0.00,0.00,0.00,0,0,0,25.00,3.00,3.00,entered/crossed zone from above
E1749,2026.08.03 15:00:00.297,2.10-ROBUST-FINAL,XAUUSD!,Opogroup-Server1,MVP_SIMPLE_EXPLICIT_ROBUST,a-1/a-2/a-3,CANDLE_CLASSIFIED,,TREND_UP,,,,,4053.64,4062.56,4052.57,4063.08,0,0,0,N/A,N/A,N/A,bar=2026.08.03 14:45 class=BULLISH
E1750,2026.08.03 15:00:00.297,2.10-ROBUST-FINAL,XAUUSD!,Opogroup-Server1,MVP_SIMPLE_EXPLICIT_ROBUST,trend-1,TREND_REFERENCE_UPDATED,,TREND_UP,,,,,4045.37,4063.08,0.00,0.00,0,0,0,N/A,N/A,N/A,High[1..3]/Low[1..3]
E1751,2026.08.03 15:01:38.057,2.10-ROBUST-FINAL,XAUUSD!,Opogroup-Server1,MVP_SIMPLE_EXPLICIT_ROBUST,b-3,ZONE_ENGAGED,R9,TREND_UP,,,,,4061.98,0.00,0.00,0.00,0,0,0,25.00,3.00,3.00,entered/crossed zone from above
E1752,2026.08.03 15:02:56.851,2.10-ROBUST-FINAL,XAUUSD!,Opogroup-Server1,MVP_SIMPLE_EXPLICIT_ROBUST,b-3,ZONE_ENGAGED,R9,TREND_UP,,,,,4061.08,0.00,0.00,0.00,0,0,0,25.00,3.00,3.00,entered/crossed zone from below
E1753,2026.08.03 15:02:56.851,2.10-ROBUST-FINAL,XAUUSD!,Opogroup-Server1,MVP_SIMPLE_EXPLICIT_ROBUST,trend-2/b-31,ZONE_TOUCH_DIRECTION_CONFIRMED,R9,TREND_UP,R-S,Market,,,4061.08,0.00,0.00,0.00,0,0,0,25.00,3.00,3.00,first valid R-S touch for this M15+zone+direction
E1754,2026.08.03 15:02:56.851,2.10-ROBUST-FINAL,XAUUSD!,Opogroup-Server1,MVP_SIMPLE_EXPLICIT_ROBUST,TEST-HIGH-R/b-24,ZONE_USAGE_BLOCKED,R9,TREND_UP,R,Market,,,0.00,0.00,0.00,0.00,0,0,0,25.00,3.00,3.00,daily reversal max reached: allowed=1 executed=1
E1755,2026.08.03 15:15:00.505,2.10-ROBUST-FINAL,XAUUSD!,Opogroup-Server1,MVP_SIMPLE_EXPLICIT_ROBUST,a-1/a-2/a-3,CANDLE_CLASSIFIED,,TREND_UP,,,,,4062.58,4055.99,4054.76,4064.59,0,0,0,N/A,N/A,N/A,bar=2026.08.03 15:00 class=BEARISH
E1756,2026.08.03 15:15:00.505,2.10-ROBUST-FINAL,XAUUSD!,Opogroup-Server1,MVP_SIMPLE_EXPLICIT_ROBUST,trend-1,TREND_REFERENCE_UPDATED,,TREND_UP,,,,,4047.94,4064.59,0.00,0.00,0,0,0,N/A,N/A,N/A,High[1..3]/Low[1..3]
E1757,2026.08.03 15:30:00.232,2.10-ROBUST-FINAL,XAUUSD!,Opogroup-Server1,MVP_SIMPLE_EXPLICIT_ROBUST,a-1/a-2/a-3,CANDLE_CLASSIFIED,,TREND_UP,,,,,4055.93,4050.75,4048.57,4056.59,0,0,0,N/A,N/A,N/A,bar=2026.08.03 15:15 class=BEARISH
E1758,2026.08.03 15:30:00.232,2.10-ROBUST-FINAL,XAUUSD!,Opogroup-Server1,MVP_SIMPLE_EXPLICIT_ROBUST,trend-1,TREND_REFERENCE_UPDATED,,TREND_UP,,,,,4048.57,4064.59,0.00,0.00,0,0,0,N/A,N/A,N/A,High[1..3]/Low[1..3]
E1759,2026.08.03 15:31:16.074,2.10-ROBUST-FINAL,XAUUSD!,Opogroup-Server1,MVP_SIMPLE_EXPLICIT_ROBUST,trend-1,TREND_STATE_CHANGED,,TREND_DOWN,,,,,4048.53,0.00,4048.57,4064.59,0,0,0,N/A,N/A,N/A,TREND_UP -> TREND_DOWN
E1760,2026.08.03 15:45:00.054,2.10-ROBUST-FINAL,XAUUSD!,Opogroup-Server1,MVP_SIMPLE_EXPLICIT_ROBUST,a-1/a-2/a-3,CANDLE_CLASSIFIED,,TREND_DOWN,,,,,4050.76,4045.00,4042.26,4052.88,0,0,0,N/A,N/A,N/A,bar=2026.08.03 15:30 class=BEARISH
E1761,2026.08.03 15:45:00.054,2.10-ROBUST-FINAL,XAUUSD!,Opogroup-Server1,MVP_SIMPLE_EXPLICIT_ROBUST,trend-1,TREND_REFERENCE_UPDATED,,TREND_DOWN,,,,,4042.26,4064.59,0.00,0.00,0,0,0,N/A,N/A,N/A,High[1..3]/Low[1..3]
E1762,2026.08.03 16:00:00.008,2.10-ROBUST-FINAL,XAUUSD!,Opogroup-Server1,MVP_SIMPLE_EXPLICIT_ROBUST,a-1/a-2/a-3,CANDLE_CLASSIFIED,,TREND_DOWN,,,,,4044.91,4049.14,4043.15,4049.14,0,0,0,N/A,N/A,N/A,bar=2026.08.03 15:45 class=BULLISH
E1763,2026.08.03 16:00:00.008,2.10-ROBUST-FINAL,XAUUSD!,Opogroup-Server1,MVP_SIMPLE_EXPLICIT_ROBUST,trend-1,TREND_REFERENCE_UPDATED,,TREND_DOWN,,,,,4042.26,4056.59,0.00,0.00,0,0,0,N/A,N/A,N/A,High[1..3]/Low[1..3]
E1764,2026.08.03 16:15:00.059,2.10-ROBUST-FINAL,XAUUSD!,Opogroup-Server1,MVP_SIMPLE_EXPLICIT_ROBUST,a-1/a-2/a-3,CANDLE_CLASSIFIED,,TREND_DOWN,,,,,4049.26,4038.71,4038.53,4053.72,0,0,0,N/A,N/A,N/A,bar=2026.08.03 16:00 class=BEARISH
E1765,2026.08.03 16:15:00.059,2.10-ROBUST-FINAL,XAUUSD!,Opogroup-Server1,MVP_SIMPLE_EXPLICIT_ROBUST,trend-1,TREND_REFERENCE_UPDATED,,TREND_DOWN,,,,,4038.53,4053.72,0.00,0.00,0,0,0,N/A,N/A,N/A,High[1..3]/Low[1..3]
E1766,2026.08.03 16:19:23.433,2.10-ROBUST-FINAL,XAUUSD!,Opogroup-Server1,MVP_SIMPLE_EXPLICIT_ROBUST,b-3,ZONE_ENGAGED,R8,TREND_DOWN,,,,,4035.78,0.00,0.00,0.00,0,0,0,24.00,25.00,24.00,entered/crossed zone from above
E1767,2026.08.03 16:19:23.433,2.10-ROBUST-FINAL,XAUUSD!,Opogroup-Server1,MVP_SIMPLE_EXPLICIT_ROBUST,trend-2/b-31,ZONE_TOUCH_DIRECTION_CONFIRMED,R8,TREND_DOWN,R-B,Market,,,4035.78,0.00,0.00,0.00,0,0,0,24.00,25.00,24.00,first valid R-B touch for this M15+zone+direction
E1768,2026.08.03 16:19:23.433,2.10-ROBUST-FINAL,XAUUSD!,Opogroup-Server1,MVP_SIMPLE_EXPLICIT_ROBUST,TEST-HIGH-R/b-29/b-30,RISK_MODEL_READY,R8,TREND_DOWN,BUY,,,,4036.00,0.00,4027.00,4061.00,0,0,0,24.00,25.00,24.00,HIGH_TEST multiplier=1.50 R_base=6.00000 R0_exp=9.00000 target_zone=R9
E1769,2026.08.03 16:19:23.433,2.10-ROBUST-FINAL,XAUUSD!,Opogroup-Server1,MVP_SIMPLE_EXPLICIT_ROBUST,AR-RISK-01,PORTFOLIO_RISK_PRECHECK,R8,TREND_DOWN,R-B,Market,,,4036.00,0.00,4027.00,0.00,0,0,0,24.00,25.00,24.00,mode=GROSS_DAILY pct=30.00 budget=3000.00 realized=16.31 open=0.00 pending=0.00 used=16.31 remaining=2983.69 new=9.00 allowed=true
E1770,2026.08.03 16:19:23.433,2.10-ROBUST-FINAL,XAUUSD!,Opogroup-Server1,MVP_SIMPLE_EXPLICIT_ROBUST,TEST-HIGH-R/b-1/b-11/b-29/b-30,REVERSAL_SIGNAL,R8,TREND_DOWN,R-B,Market,,,4036.00,0.00,4027.00,4061.00,0,0,0,24.00,25.00,24.00,TEST HIGH reversal_ordinal=1/2 SLx=1.50 R_base=6.00000 R0=9.00000 target=R9
E1771,2026.08.03 16:19:23.433,2.10-ROBUST-FINAL,XAUUSD!,Opogroup-Server1,MVP_SIMPLE_EXPLICIT_ROBUST,MVP-RISK/TEST-HARNESS,MARGIN_PRECHECK,R8,TREND_DOWN,R-B,Telemetry,,,4036.00,0.00,0.00,0.00,0,0,0,24.00,25.00,24.00,lot=0.0100 required_new_margin=20.18 account_margin=0.00 free_margin=10072.66 margin_level=0.00
E1772,2026.08.03 16:19:23.433,2.10-ROBUST-FINAL,XAUUSD!,Opogroup-Server1,MVP_SIMPLE_EXPLICIT_ROBUST,b-20,DEAL_COSTS_RECORDED,,TREND_DOWN,,,,,0.00,4036.00,0.00,0.00,0,58,58,N/A,N/A,N/A,profit=0.00 commission=0.00 swap=0.00 fee=0.00
E1773,2026.08.03 16:19:23.433,2.10-ROBUST-FINAL,XAUUSD!,Opogroup-Server1,MVP_SIMPLE_EXPLICIT_ROBUST,b-1/b-26/b-29,ORDER_FILLED,R8,TREND_DOWN,R-B,Market,,,4036.00,4036.00,4027.00,4061.00,58,58,58,24.00,25.00,24.00,native fill; reversal_ordinal=1 R0=9.00000 target=R9
E1774,2026.08.03 16:19:23.433,2.10-ROBUST-FINAL,XAUUSD!,Opogroup-Server1,MVP_SIMPLE_EXPLICIT_ROBUST,MVP-RISK/TEST-HARNESS,MARGIN_POST_FILL,R8,TREND_DOWN,R-B,Telemetry,,,0.00,0.00,0.00,0.00,0,0,58,24.00,25.00,24.00,lot=0.0100 account_margin=20.18 free_margin=10052.26 margin_level=49912.98
E1775,2026.08.03 16:19:23.433,2.10-ROBUST-FINAL,XAUUSD!,Opogroup-Server1,MVP_SIMPLE_EXPLICIT_ROBUST,AR-RISK-01,PORTFOLIO_RISK_POST_FILL,R8,TREND_DOWN,R-B,PostFill,,,0.00,0.00,0.00,0.00,0,0,0,24.00,25.00,24.00,mode=GROSS_DAILY pct=30.00 budget=3000.00 realized=16.31 open=9.00 pending=0.00 used=25.31 overflow=false
E1776,2026.08.03 16:25:41.940,2.10-ROBUST-FINAL,XAUUSD!,Opogroup-Server1,MVP_SIMPLE_EXPLICIT_ROBUST,b-3,ZONE_ENGAGED,R8,TREND_DOWN,,,,,4032.01,0.00,0.00,0.00,0,0,0,24.00,25.00,24.00,entered/crossed zone from below
E1777,2026.08.03 16:30:00.011,2.10-ROBUST-FINAL,XAUUSD!,Opogroup-Server1,MVP_SIMPLE_EXPLICIT_ROBUST,a-1/a-2/a-3,CANDLE_CLASSIFIED,,TREND_DOWN,,,,,4038.74,4034.29,4031.37,4040.42,0,0,0,N/A,N/A,N/A,bar=2026.08.03 16:15 class=BEARISH
E1778,2026.08.03 16:30:00.011,2.10-ROBUST-FINAL,XAUUSD!,Opogroup-Server1,MVP_SIMPLE_EXPLICIT_ROBUST,trend-1,TREND_REFERENCE_UPDATED,,TREND_DOWN,,,,,4031.37,4053.72,0.00,0.00,0,0,0,N/A,N/A,N/A,High[1..3]/Low[1..3]
E1779,2026.08.03 16:30:00.011,2.10-ROBUST-FINAL,XAUUSD!,Opogroup-Server1,MVP_SIMPLE_EXPLICIT_ROBUST,b-3,ZONE_ENGAGED,R8,TREND_DOWN,,,,,4034.28,0.00,0.00,0.00,0,0,0,24.00,25.00,24.00,bar opened inside zone
E1780,2026.08.03 16:36:17.648,2.10-ROBUST-FINAL,XAUUSD!,Opogroup-Server1,MVP_SIMPLE_EXPLICIT_ROBUST,b-20,DEAL_COSTS_RECORDED,,TREND_DOWN,,,,,0.00,4026.96,0.00,0.00,0,59,0,N/A,N/A,N/A,profit=-9.04 commission=0.00 swap=0.00 fee=0.00
E1781,2026.08.03 16:36:17.648,2.10-ROBUST-FINAL,XAUUSD!,Opogroup-Server1,MVP_SIMPLE_EXPLICIT_ROBUST,TEST-HIGH-R,HIGH_REVERSAL_SLOT_CLOSED,R8,TREND_DOWN,R,,,,0.00,0.00,0.00,0.00,0,0,0,24.00,25.00,24.00,reversal closed; executed=1 allowed=2 remaining=1
E1782,2026.08.03 16:36:17.648,2.10-ROBUST-FINAL,XAUUSD!,Opogroup-Server1,MVP_SIMPLE_EXPLICIT_ROBUST,b-20/b-23/b-26/b-29,POSITION_CLOSED,R8,TREND_DOWN,R-B,,,,0.00,4026.96,0.00,0.00,0,59,58,24.00,25.00,24.00,position_net=-9.04 daily_net=-23.04 R0=9.00000 max_r_stage=0 stacked_pullback=false reversal_ordinal=1
E1783,2026.08.03 16:45:00.014,2.10-ROBUST-FINAL,XAUUSD!,Opogroup-Server1,MVP_SIMPLE_EXPLICIT_ROBUST,a-1/a-2/a-3,CANDLE_CLASSIFIED,,TREND_DOWN,,,,,4034.28,4032.30,4019.04,4035.55,0,0,0,N/A,N/A,N/A,bar=2026.08.03 16:30 class=BEARISH
E1784,2026.08.03 16:45:00.014,2.10-ROBUST-FINAL,XAUUSD!,Opogroup-Server1,MVP_SIMPLE_EXPLICIT_ROBUST,trend-1,TREND_REFERENCE_UPDATED,,TREND_DOWN,,,,,4019.04,4053.72,0.00,0.00,0,0,0,N/A,N/A,N/A,High[1..3]/Low[1..3]
E1785,2026.08.03 16:45:00.014,2.10-ROBUST-FINAL,XAUUSD!,Opogroup-Server1,MVP_SIMPLE_EXPLICIT_ROBUST,b-3,ZONE_ENGAGED,R8,TREND_DOWN,,,,,4032.37,0.00,0.00,0.00,0,0,0,24.00,25.00,24.00,bar opened inside zone
E1786,2026.08.03 17:00:00.064,2.10-ROBUST-FINAL,XAUUSD!,Opogroup-Server1,MVP_SIMPLE_EXPLICIT_ROBUST,a-1/a-2/a-3,CANDLE_CLASSIFIED,,TREND_DOWN,,,,,4032.37,4029.20,4028.18,4035.41,0,0,0,N/A,N/A,N/A,bar=2026.08.03 16:45 class=BEARISH
E1787,2026.08.03 17:00:00.064,2.10-ROBUST-FINAL,XAUUSD!,Opogroup-Server1,MVP_SIMPLE_EXPLICIT_ROBUST,b-3/b-4/trend-1,BREAKOUT_SIGNAL,R8,TREND_DOWN,BO-S,Close,BO#17,,4029.20,0.00,0.00,0.00,0,0,0,24.00,25.00,24.00,BO#17; ZONE_ENGAGED + buffered close + trend snapshot
E1788,2026.08.03 17:00:00.064,2.10-ROBUST-FINAL,XAUUSD!,Opogroup-Server1,MVP_SIMPLE_EXPLICIT_ROBUST,b-8/b-25,PULLBACK_CYCLE_CREATED,R8,TREND_DOWN,PB-S,Stop,,BO#17,0.00,0.00,0.00,0.00,0,0,0,24.00,25.00,24.00,valid t+1..t+5 window; pullback does not consume zone in v9
E1789,2026.08.03 17:00:00.064,2.10-ROBUST-FINAL,XAUUSD!,Opogroup-Server1,MVP_SIMPLE_EXPLICIT_ROBUST,trend-1,TREND_REFERENCE_UPDATED,,TREND_DOWN,,,,,4019.04,4040.42,0.00,0.00,0,0,0,N/A,N/A,N/A,High[1..3]/Low[1..3]
E1790,2026.08.03 17:01:51.829,2.10-ROBUST-FINAL,XAUUSD!,Opogroup-Server1,MVP_SIMPLE_EXPLICIT_ROBUST,b-3,ZONE_ENGAGED,R8,TREND_DOWN,,,,,4032.02,0.00,0.00,0.00,0,0,0,24.00,25.00,24.00,entered/crossed zone from below
E1791,2026.08.03 17:02:05.013,2.10-ROBUST-FINAL,XAUUSD!,Opogroup-Server1,MVP_SIMPLE_EXPLICIT_ROBUST,b-8,PULLBACK_PENETRATION_LATCHED,R8,TREND_DOWN,PB-S,Stop,,BO#17,4032.43,0.00,0.00,0.00,0,0,0,24.00,25.00,24.00,no maximum penetration in S1; first tick t+1 valid
E1792,2026.08.03 17:02:05.013,2.10-ROBUST-FINAL,XAUUSD!,Opogroup-Server1,MVP_SIMPLE_EXPLICIT_ROBUST,b-29/b-30,RISK_MODEL_READY,R8,TREND_DOWN,SELL,,,,4032.00,0.00,4038.00,4008.00,0,0,0,24.00,25.00,24.00,R_CAP=6.00 R0=6.00000 target_zone=R7
E1793,2026.08.03 17:02:05.013,2.10-ROBUST-FINAL,XAUUSD!,Opogroup-Server1,MVP_SIMPLE_EXPLICIT_ROBUST,AR-RISK-01,PORTFOLIO_RISK_PRECHECK,R8,TREND_DOWN,PB-S,Stop,,BO#17,4032.00,0.00,4038.00,0.00,0,0,0,24.00,25.00,24.00,mode=GROSS_DAILY pct=30.00 budget=3000.00 realized=25.35 open=0.00 pending=0.00 used=25.35 remaining=2974.65 new=6.00 allowed=true
E1794,2026.08.03 17:02:05.013,2.10-ROBUST-FINAL,XAUUSD!,Opogroup-Server1,MVP_SIMPLE_EXPLICIT_ROBUST,MVP-RISK/TEST-HARNESS,MARGIN_PRECHECK,R8,TREND_DOWN,PB-S,Telemetry,,BO#17,4032.00,0.00,0.00,0.00,0,0,0,24.00,25.00,24.00,lot=0.0100 required_new_margin=20.16 account_margin=0.00 free_margin=10063.62 margin_level=0.00
E1795,2026.08.03 17:02:05.013,2.10-ROBUST-FINAL,XAUUSD!,Opogroup-Server1,MVP_SIMPLE_EXPLICIT_ROBUST,b-8/b-11/b-29/b-30,PENDING_PLACED,R8,TREND_DOWN,PB-S,Stop,,BO#17,4032.00,0.00,4038.00,4008.00,60,0,0,24.00,25.00,24.00,exact zone edge; native MT5 activation; R0=6.00000 target=R7
E1796,2026.08.03 17:02:34.232,2.10-ROBUST-FINAL,XAUUSD!,Opogroup-Server1,MVP_SIMPLE_EXPLICIT_ROBUST,b-3,ZONE_ENGAGED,R8,TREND_DOWN,,,,,4036.00,0.00,0.00,0.00,0,0,0,24.00,25.00,24.00,entered/crossed zone from above
E1797,2026.08.03 17:02:34.232,2.10-ROBUST-FINAL,XAUUSD!,Opogroup-Server1,MVP_SIMPLE_EXPLICIT_ROBUST,trend-2/b-31,ZONE_TOUCH_DIRECTION_CONFIRMED,R8,TREND_DOWN,R-B,Market,,,4036.00,0.00,0.00,0.00,0,0,0,24.00,25.00,24.00,first valid R-B touch for this M15+zone+direction
E1798,2026.08.03 17:02:34.232,2.10-ROBUST-FINAL,XAUUSD!,Opogroup-Server1,MVP_SIMPLE_EXPLICIT_ROBUST,TEST-HIGH-R/b-29/b-30,RISK_MODEL_READY,R8,TREND_DOWN,BUY,,,,4036.22,0.00,4027.22,4061.00,0,0,0,24.00,25.00,24.00,HIGH_TEST multiplier=1.50 R_base=6.00000 R0_exp=9.00000 target_zone=R9
E1799,2026.08.03 17:02:34.232,2.10-ROBUST-FINAL,XAUUSD!,Opogroup-Server1,MVP_SIMPLE_EXPLICIT_ROBUST,AR-RISK-01,PORTFOLIO_RISK_PRECHECK,R8,TREND_DOWN,R-B,Market,,,4036.22,0.00,4027.22,0.00,0,0,0,24.00,25.00,24.00,mode=GROSS_DAILY pct=30.00 budget=3000.00 realized=25.35 open=0.00 pending=6.00 used=31.35 remaining=2968.65 new=9.00 allowed=true
E1800,2026.08.03 17:02:34.232,2.10-ROBUST-FINAL,XAUUSD!,Opogroup-Server1,MVP_SIMPLE_EXPLICIT_ROBUST,TEST-HIGH-R/b-1/b-11/b-29/b-30,REVERSAL_SIGNAL,R8,TREND_DOWN,R-B,Market,,,4036.22,0.00,4027.22,4061.00,0,0,0,24.00,25.00,24.00,TEST HIGH reversal_ordinal=2/2 SLx=1.50 R_base=6.00000 R0=9.00000 target=R9
E1801,2026.08.03 17:02:34.232,2.10-ROBUST-FINAL,XAUUSD!,Opogroup-Server1,MVP_SIMPLE_EXPLICIT_ROBUST,MVP-RISK/TEST-HARNESS,MARGIN_PRECHECK,R8,TREND_DOWN,R-B,Telemetry,,,4036.22,0.00,0.00,0.00,0,0,0,24.00,25.00,24.00,lot=0.0100 required_new_margin=20.18 account_margin=0.00 free_margin=10063.62 margin_level=0.00
E1802,2026.08.03 17:02:34.232,2.10-ROBUST-FINAL,XAUUSD!,Opogroup-Server1,MVP_SIMPLE_EXPLICIT_ROBUST,b-20,DEAL_COSTS_RECORDED,,TREND_DOWN,,,,,0.00,4036.22,0.00,0.00,0,60,61,N/A,N/A,N/A,profit=0.00 commission=0.00 swap=0.00 fee=0.00
E1803,2026.08.03 17:02:34.232,2.10-ROBUST-FINAL,XAUUSD!,Opogroup-Server1,MVP_SIMPLE_EXPLICIT_ROBUST,b-1/b-26/b-29,ORDER_FILLED,R8,TREND_DOWN,R-B,Market,,,4036.22,4036.22,4027.22,4061.00,61,60,61,24.00,25.00,24.00,native fill; reversal_ordinal=2 R0=9.00000 target=R9
E1804,2026.08.03 17:02:34.232,2.10-ROBUST-FINAL,XAUUSD!,Opogroup-Server1,MVP_SIMPLE_EXPLICIT_ROBUST,MVP-RISK/TEST-HARNESS,MARGIN_POST_FILL,R8,TREND_DOWN,R-B,Telemetry,,,0.00,0.00,0.00,0.00,0,0,61,24.00,25.00,24.00,lot=0.0100 account_margin=20.18 free_margin=10043.22 margin_level=49868.19
E1805,2026.08.03 17:02:34.232,2.10-ROBUST-FINAL,XAUUSD!,Opogroup-Server1,MVP_SIMPLE_EXPLICIT_ROBUST,AR-RISK-01,PORTFOLIO_RISK_POST_FILL,R8,TREND_DOWN,R-B,PostFill,,,0.00,0.00,0.00,0.00,0,0,0,24.00,25.00,24.00,mode=GROSS_DAILY pct=30.00 budget=3000.00 realized=25.35 open=9.00 pending=6.00 used=40.35 overflow=false
E1806,2026.08.03 17:03:26.869,2.10-ROBUST-FINAL,XAUUSD!,Opogroup-Server1,MVP_SIMPLE_EXPLICIT_ROBUST,b-20,DEAL_COSTS_RECORDED,,TREND_DOWN,,,,,0.00,4031.92,0.00,0.00,0,61,60,N/A,N/A,N/A,profit=0.00 commission=0.00 swap=0.00 fee=0.00
E1807,2026.08.03 17:03:26.869,2.10-ROBUST-FINAL,XAUUSD!,Opogroup-Server1,MVP_SIMPLE_EXPLICIT_ROBUST,b-8/b-25/b-29,ORDER_FILLED,R8,TREND_DOWN,PB-S,Stop,,BO#17,4032.00,4031.92,4038.00,4008.00,60,61,60,24.00,25.00,24.00,native fill; R0=6.00000 target=R7
E1808,2026.08.03 17:03:26.869,2.10-ROBUST-FINAL,XAUUSD!,Opogroup-Server1,MVP_SIMPLE_EXPLICIT_ROBUST,MVP-RISK/TEST-HARNESS,MARGIN_POST_FILL,R8,TREND_DOWN,PB-S,Telemetry,,BO#17,0.00,0.00,0.00,0.00,0,0,60,24.00,25.00,24.00,lot=0.0100 account_margin=0.00 free_margin=10059.10 margin_level=0.00
E1809,2026.08.03 17:03:26.869,2.10-ROBUST-FINAL,XAUUSD!,Opogroup-Server1,MVP_SIMPLE_EXPLICIT_ROBUST,AR-RISK-01,PORTFOLIO_RISK_POST_FILL,R8,TREND_DOWN,PB-S,PostFill,,BO#17,0.00,0.00,0.00,0.00,0,0,0,24.00,25.00,24.00,mode=GROSS_DAILY pct=30.00 budget=3000.00 realized=25.35 open=15.08 pending=0.00 used=40.43 overflow=false
E1810,2026.08.03 17:09:56.174,2.10-ROBUST-FINAL,XAUUSD!,Opogroup-Server1,MVP_SIMPLE_EXPLICIT_ROBUST,b-20,DEAL_COSTS_RECORDED,,TREND_DOWN,,,,,0.00,4027.22,0.00,0.00,0,62,0,N/A,N/A,N/A,profit=-9.00 commission=0.00 swap=0.00 fee=0.00
E1811,2026.08.03 17:09:56.174,2.10-ROBUST-FINAL,XAUUSD!,Opogroup-Server1,MVP_SIMPLE_EXPLICIT_ROBUST,TEST-HIGH-R/b-24/b-26,ZONE_CONSUMED,R8,TREND_DOWN,R,,,,0.00,0.00,0.00,0.00,0,0,0,24.00,25.00,24.00,reversal daily max reached; executed=2 allowed=2
E1812,2026.08.03 17:09:56.174,2.10-ROBUST-FINAL,XAUUSD!,Opogroup-Server1,MVP_SIMPLE_EXPLICIT_ROBUST,b-20/b-23/b-26/b-29,POSITION_CLOSED,R8,TREND_DOWN,R-B,,,,0.00,4027.22,0.00,0.00,0,62,61,24.00,25.00,24.00,position_net=-9.00 daily_net=-32.04 R0=9.00000 max_r_stage=0 stacked_pullback=false reversal_ordinal=2
E1813,2026.08.03 17:15:00.036,2.10-ROBUST-FINAL,XAUUSD!,Opogroup-Server1,MVP_SIMPLE_EXPLICIT_ROBUST,a-1/a-2/a-3,CANDLE_CLASSIFIED,,TREND_DOWN,,,,,4028.92,4033.30,4026.65,4036.15,0,0,0,N/A,N/A,N/A,bar=2026.08.03 17:00 class=BULLISH
E1814,2026.08.03 17:15:00.036,2.10-ROBUST-FINAL,XAUUSD!,Opogroup-Server1,MVP_SIMPLE_EXPLICIT_ROBUST,trend-1,TREND_REFERENCE_UPDATED,,TREND_DOWN,,,,,4019.04,4036.15,0.00,0.00,0,0,0,N/A,N/A,N/A,High[1..3]/Low[1..3]
E1815,2026.08.03 17:15:00.036,2.10-ROBUST-FINAL,XAUUSD!,Opogroup-Server1,MVP_SIMPLE_EXPLICIT_ROBUST,b-3,ZONE_ENGAGED,R8,TREND_DOWN,,,,,4033.29,0.00,0.00,0.00,0,0,0,24.00,25.00,24.00,bar opened inside zone
E1816,2026.08.03 17:30:00.060,2.10-ROBUST-FINAL,XAUUSD!,Opogroup-Server1,MVP_SIMPLE_EXPLICIT_ROBUST,a-1/a-2/a-3,CANDLE_CLASSIFIED,,TREND_DOWN,,,,,4033.29,4032.64,4029.91,4035.94,0,0,0,N/A,N/A,N/A,bar=2026.08.03 17:15 class=BEARISH
E1817,2026.08.03 17:30:00.060,2.10-ROBUST-FINAL,XAUUSD!,Opogroup-Server1,MVP_SIMPLE_EXPLICIT_ROBUST,trend-1,TREND_REFERENCE_UPDATED,,TREND_DOWN,,,,,4026.65,4036.15,0.00,0.00,0,0,0,N/A,N/A,N/A,High[1..3]/Low[1..3]
E1818,2026.08.03 17:30:00.060,2.10-ROBUST-FINAL,XAUUSD!,Opogroup-Server1,MVP_SIMPLE_EXPLICIT_ROBUST,b-3,ZONE_ENGAGED,R8,TREND_DOWN,,,,,4032.67,0.00,0.00,0.00,0,0,0,24.00,25.00,24.00,bar opened inside zone
E1819,2026.08.03 17:35:05.243,2.10-ROBUST-FINAL,XAUUSD!,Opogroup-Server1,MVP_SIMPLE_EXPLICIT_ROBUST,trend-1,TREND_STATE_CHANGED,,TREND_UP,,,,,4036.28,0.00,4026.65,4036.15,0,0,0,N/A,N/A,N/A,TREND_DOWN -> TREND_UP
E1820,2026.08.03 17:42:42.060,2.10-ROBUST-FINAL,XAUUSD!,Opogroup-Server1,MVP_SIMPLE_EXPLICIT_ROBUST,b-20,DEAL_COSTS_RECORDED,,TREND_UP,,,,,0.00,4038.03,0.00,0.00,0,63,0,N/A,N/A,N/A,profit=-6.11 commission=0.00 swap=0.00 fee=0.00
E1821,2026.08.03 17:42:42.060,2.10-ROBUST-FINAL,XAUUSD!,Opogroup-Server1,MVP_SIMPLE_EXPLICIT_ROBUST,b-20/b-23/b-26/b-29,POSITION_CLOSED,R8,TREND_UP,PB-S,,,BO#17,0.00,4038.03,0.00,0.00,0,63,60,24.00,25.00,24.00,position_net=-6.11 daily_net=-38.15 R0=6.00000 max_r_stage=0 stacked_pullback=false reversal_ordinal=0
E1822,2026.08.03 17:45:00.102,2.10-ROBUST-FINAL,XAUUSD!,Opogroup-Server1,MVP_SIMPLE_EXPLICIT_ROBUST,a-1/a-2/a-3,CANDLE_CLASSIFIED,,TREND_UP,,,,,4032.67,4036.67,4031.86,4038.08,0,0,0,N/A,N/A,N/A,bar=2026.08.03 17:30 class=BULLISH
E1823,2026.08.03 17:45:00.102,2.10-ROBUST-FINAL,XAUUSD!,Opogroup-Server1,MVP_SIMPLE_EXPLICIT_ROBUST,trend-1,TREND_REFERENCE_UPDATED,,TREND_UP,,,,,4026.65,4038.08,0.00,0.00,0,0,0,N/A,N/A,N/A,High[1..3]/Low[1..3]
E1824,2026.08.03 17:45:11.197,2.10-ROBUST-FINAL,XAUUSD!,Opogroup-Server1,MVP_SIMPLE_EXPLICIT_ROBUST,b-3,ZONE_ENGAGED,R8,TREND_UP,,,,,4035.96,0.00,0.00,0.00,0,0,0,24.00,25.00,24.00,entered/crossed zone from above
E1825,2026.08.03 18:00:00.018,2.10-ROBUST-FINAL,XAUUSD!,Opogroup-Server1,MVP_SIMPLE_EXPLICIT_ROBUST,a-1/a-2/a-3,CANDLE_CLASSIFIED,,TREND_UP,,,,,4036.69,4036.22,4033.71,4039.25,0,0,0,N/A,N/A,N/A,bar=2026.08.03 17:45 class=BEARISH
E1826,2026.08.03 18:00:00.018,2.10-ROBUST-FINAL,XAUUSD!,Opogroup-Server1,MVP_SIMPLE_EXPLICIT_ROBUST,trend-1,TREND_REFERENCE_UPDATED,,TREND_UP,,,,,4029.91,4039.25,0.00,0.00,0,0,0,N/A,N/A,N/A,High[1..3]/Low[1..3]
E1827,2026.08.03 18:00:00.725,2.10-ROBUST-FINAL,XAUUSD!,Opogroup-Server1,MVP_SIMPLE_EXPLICIT_ROBUST,b-3,ZONE_ENGAGED,R8,TREND_UP,,,,,4035.93,0.00,0.00,0.00,0,0,0,24.00,25.00,24.00,entered/crossed zone from above
E1828,2026.08.03 18:03:30.517,2.10-ROBUST-FINAL,XAUUSD!,Opogroup-Server1,MVP_SIMPLE_EXPLICIT_ROBUST,b-3,ZONE_ENGAGED,R8,TREND_UP,,,,,4032.00,0.00,0.00,0.00,0,0,0,24.00,25.00,24.00,entered/crossed zone from below
E1829,2026.08.03 18:03:30.517,2.10-ROBUST-FINAL,XAUUSD!,Opogroup-Server1,MVP_SIMPLE_EXPLICIT_ROBUST,trend-2/b-31,ZONE_TOUCH_DIRECTION_CONFIRMED,R8,TREND_UP,R-S,Market,,,4032.00,0.00,0.00,0.00,0,0,0,24.00,25.00,24.00,first valid R-S touch for this M15+zone+direction
E1830,2026.08.03 18:03:30.517,2.10-ROBUST-FINAL,XAUUSD!,Opogroup-Server1,MVP_SIMPLE_EXPLICIT_ROBUST,TEST-HIGH-R/b-24,ZONE_USAGE_BLOCKED,R8,TREND_UP,R,Market,,,0.00,0.00,0.00,0.00,0,0,0,24.00,25.00,24.00,daily reversal max reached: allowed=2 executed=2
E1831,2026.08.03 18:15:00.000,2.10-ROBUST-FINAL,XAUUSD!,Opogroup-Server1,MVP_SIMPLE_EXPLICIT_ROBUST,a-1/a-2/a-3,CANDLE_CLASSIFIED,,TREND_UP,,,,,4036.20,4033.69,4030.34,4037.14,0,0,0,N/A,N/A,N/A,bar=2026.08.03 18:00 class=BEARISH
E1832,2026.08.03 18:15:00.000,2.10-ROBUST-FINAL,XAUUSD!,Opogroup-Server1,MVP_SIMPLE_EXPLICIT_ROBUST,trend-1,TREND_REFERENCE_UPDATED,,TREND_UP,,,,,4030.34,4039.25,0.00,0.00,0,0,0,N/A,N/A,N/A,High[1..3]/Low[1..3]
E1833,2026.08.03 18:15:00.000,2.10-ROBUST-FINAL,XAUUSD!,Opogroup-Server1,MVP_SIMPLE_EXPLICIT_ROBUST,b-3,ZONE_ENGAGED,R8,TREND_UP,,,,,4033.70,0.00,0.00,0.00,0,0,0,24.00,25.00,24.00,bar opened inside zone
E1834,2026.08.03 18:28:15.486,2.10-ROBUST-FINAL,XAUUSD!,Opogroup-Server1,MVP_SIMPLE_EXPLICIT_ROBUST,trend-2/b-31,ZONE_TOUCH_DIRECTION_CONFIRMED,R8,TREND_UP,R-S,Market,,,4032.07,0.00,0.00,0.00,0,0,0,24.00,25.00,24.00,first valid R-S touch for this M15+zone+direction
E1835,2026.08.03 18:28:15.486,2.10-ROBUST-FINAL,XAUUSD!,Opogroup-Server1,MVP_SIMPLE_EXPLICIT_ROBUST,TEST-HIGH-R/b-24,ZONE_USAGE_BLOCKED,R8,TREND_UP,R,Market,,,0.00,0.00,0.00,0.00,0,0,0,24.00,25.00,24.00,daily reversal max reached: allowed=2 executed=2
E1836,2026.08.03 18:30:00.157,2.10-ROBUST-FINAL,XAUUSD!,Opogroup-Server1,MVP_SIMPLE_EXPLICIT_ROBUST,a-1/a-2/a-3,CANDLE_CLASSIFIED,,TREND_UP,,,,,4033.70,4032.93,4030.72,4038.46,0,0,0,N/A,N/A,N/A,bar=2026.08.03 18:15 class=BEARISH
E1837,2026.08.03 18:30:00.157,2.10-ROBUST-FINAL,XAUUSD!,Opogroup-Server1,MVP_SIMPLE_EXPLICIT_ROBUST,trend-1,TREND_REFERENCE_UPDATED,,TREND_UP,,,,,4030.34,4039.25,0.00,0.00,0,0,0,N/A,N/A,N/A,High[1..3]/Low[1..3]
E1838,2026.08.03 18:30:00.157,2.10-ROBUST-FINAL,XAUUSD!,Opogroup-Server1,MVP_SIMPLE_EXPLICIT_ROBUST,b-3,ZONE_ENGAGED,R8,TREND_UP,,,,,4032.94,0.00,0.00,0.00,0,0,0,24.00,25.00,24.00,bar opened inside zone
E1839,2026.08.03 18:33:40.962,2.10-ROBUST-FINAL,XAUUSD!,Opogroup-Server1,MVP_SIMPLE_EXPLICIT_ROBUST,trend-2/b-31,ZONE_TOUCH_DIRECTION_CONFIRMED,R8,TREND_UP,R-S,Market,,,4032.04,0.00,0.00,0.00,0,0,0,24.00,25.00,24.00,first valid R-S touch for this M15+zone+direction
E1840,2026.08.03 18:33:40.962,2.10-ROBUST-FINAL,XAUUSD!,Opogroup-Server1,MVP_SIMPLE_EXPLICIT_ROBUST,TEST-HIGH-R/b-24,ZONE_USAGE_BLOCKED,R8,TREND_UP,R,Market,,,0.00,0.00,0.00,0.00,0,0,0,24.00,25.00,24.00,daily reversal max reached: allowed=2 executed=2
E1841,2026.08.03 18:45:00.268,2.10-ROBUST-FINAL,XAUUSD!,Opogroup-Server1,MVP_SIMPLE_EXPLICIT_ROBUST,a-1/a-2/a-3,CANDLE_CLASSIFIED,,TREND_UP,,,,,4032.94,4037.08,4030.94,4038.83,0,0,0,N/A,N/A,N/A,bar=2026.08.03 18:30 class=BULLISH
E1842,2026.08.03 18:45:00.268,2.10-ROBUST-FINAL,XAUUSD!,Opogroup-Server1,MVP_SIMPLE_EXPLICIT_ROBUST,b-3/b-4/trend-1,BREAKOUT_SIGNAL,R8,TREND_UP,BO-B,Close,BO#18,,4037.08,0.00,0.00,0.00,0,0,0,24.00,25.00,24.00,BO#18; ZONE_ENGAGED + buffered close + trend snapshot
E1843,2026.08.03 18:45:00.268,2.10-ROBUST-FINAL,XAUUSD!,Opogroup-Server1,MVP_SIMPLE_EXPLICIT_ROBUST,b-8/b-25,PULLBACK_CYCLE_CREATED,R8,TREND_UP,PB-B,Stop,,BO#18,0.00,0.00,0.00,0.00,0,0,0,24.00,25.00,24.00,valid t+1..t+5 window; pullback does not consume zone in v9
E1844,2026.08.03 18:45:00.268,2.10-ROBUST-FINAL,XAUUSD!,Opogroup-Server1,MVP_SIMPLE_EXPLICIT_ROBUST,trend-1,TREND_REFERENCE_UPDATED,,TREND_UP,,,,,4030.34,4038.83,0.00,0.00,0,0,0,N/A,N/A,N/A,High[1..3]/Low[1..3]
E1845,2026.08.03 18:55:58.876,2.10-ROBUST-FINAL,XAUUSD!,Opogroup-Server1,MVP_SIMPLE_EXPLICIT_ROBUST,b-3,ZONE_ENGAGED,R8,TREND_UP,,,,,4035.99,0.00,0.00,0.00,0,0,0,24.00,25.00,24.00,entered/crossed zone from above
E1846,2026.08.03 18:55:59.069,2.10-ROBUST-FINAL,XAUUSD!,Opogroup-Server1,MVP_SIMPLE_EXPLICIT_ROBUST,b-8,PULLBACK_PENETRATION_LATCHED,R8,TREND_UP,PB-B,Stop,,BO#18,4035.78,0.00,0.00,0.00,0,0,0,24.00,25.00,24.00,no maximum penetration in S1; first tick t+1 valid
E1847,2026.08.03 18:55:59.069,2.10-ROBUST-FINAL,XAUUSD!,Opogroup-Server1,MVP_SIMPLE_EXPLICIT_ROBUST,b-8,PENDING_WAITING_NATIVE_VALIDITY,R8,TREND_UP,PB-B,Stop,,BO#18,4036.00,0.00,0.00,0.00,0,0,0,24.00,25.00,24.00,exact Rule price temporarily invalid due market/Stops Level
E1848,2026.08.03 18:55:59.079,2.10-ROBUST-FINAL,XAUUSD!,Opogroup-Server1,MVP_SIMPLE_EXPLICIT_ROBUST,b-29/b-30,RISK_MODEL_READY,R8,TREND_UP,BUY,,,,4036.00,0.00,4030.00,4061.00,0,0,0,24.00,25.00,24.00,R_CAP=6.00 R0=6.00000 target_zone=R9
E1849,2026.08.03 18:55:59.079,2.10-ROBUST-FINAL,XAUUSD!,Opogroup-Server1,MVP_SIMPLE_EXPLICIT_ROBUST,AR-RISK-01,PORTFOLIO_RISK_PRECHECK,R8,TREND_UP,PB-B,Stop,,BO#18,4036.00,0.00,4030.00,0.00,0,0,0,24.00,25.00,24.00,mode=GROSS_DAILY pct=30.00 budget=3000.00 realized=40.46 open=0.00 pending=0.00 used=40.46 remaining=2959.54 new=6.00 allowed=true
E1850,2026.08.03 18:55:59.079,2.10-ROBUST-FINAL,XAUUSD!,Opogroup-Server1,MVP_SIMPLE_EXPLICIT_ROBUST,MVP-RISK/TEST-HARNESS,MARGIN_PRECHECK,R8,TREND_UP,PB-B,Telemetry,,BO#18,4036.00,0.00,0.00,0.00,0,0,0,24.00,25.00,24.00,lot=0.0100 required_new_margin=20.18 account_margin=0.00 free_margin=10048.51 margin_level=0.00
E1851,2026.08.03 18:55:59.079,2.10-ROBUST-FINAL,XAUUSD!,Opogroup-Server1,MVP_SIMPLE_EXPLICIT_ROBUST,b-8/b-11/b-29/b-30,PENDING_PLACED,R8,TREND_UP,PB-B,Stop,,BO#18,4036.00,0.00,4030.00,4061.00,64,0,0,24.00,25.00,24.00,exact zone edge; native MT5 activation; R0=6.00000 target=R9
E1852,2026.08.03 18:55:59.119,2.10-ROBUST-FINAL,XAUUSD!,Opogroup-Server1,MVP_SIMPLE_EXPLICIT_ROBUST,b-20,DEAL_COSTS_RECORDED,,TREND_UP,,,,,0.00,4036.00,0.00,0.00,0,64,64,N/A,N/A,N/A,profit=0.00 commission=0.00 swap=0.00 fee=0.00
E1853,2026.08.03 18:55:59.119,2.10-ROBUST-FINAL,XAUUSD!,Opogroup-Server1,MVP_SIMPLE_EXPLICIT_ROBUST,b-8/b-25/b-29,ORDER_FILLED,R8,TREND_UP,PB-B,Stop,,BO#18,4036.00,4036.00,4030.00,4061.00,64,64,64,24.00,25.00,24.00,native fill; R0=6.00000 target=R9
E1854,2026.08.03 18:55:59.119,2.10-ROBUST-FINAL,XAUUSD!,Opogroup-Server1,MVP_SIMPLE_EXPLICIT_ROBUST,MVP-RISK/TEST-HARNESS,MARGIN_POST_FILL,R8,TREND_UP,PB-B,Telemetry,,BO#18,0.00,0.00,0.00,0.00,0,0,64,24.00,25.00,24.00,lot=0.0100 account_margin=20.18 free_margin=10028.11 margin_level=49793.31
E1855,2026.08.03 18:55:59.119,2.10-ROBUST-FINAL,XAUUSD!,Opogroup-Server1,MVP_SIMPLE_EXPLICIT_ROBUST,AR-RISK-01,PORTFOLIO_RISK_POST_FILL,R8,TREND_UP,PB-B,PostFill,,BO#18,0.00,0.00,0.00,0.00,0,0,0,24.00,25.00,24.00,mode=GROSS_DAILY pct=30.00 budget=3000.00 realized=40.46 open=6.00 pending=0.00 used=46.46 overflow=false
E1856,2026.08.03 19:00:00.019,2.10-ROBUST-FINAL,XAUUSD!,Opogroup-Server1,MVP_SIMPLE_EXPLICIT_ROBUST,a-1/a-2/a-3,CANDLE_CLASSIFIED,,TREND_UP,,,,,4037.07,4036.33,4035.37,4040.94,0,0,0,N/A,N/A,N/A,bar=2026.08.03 18:45 class=BEARISH
E1857,2026.08.03 19:00:00.019,2.10-ROBUST-FINAL,XAUUSD!,Opogroup-Server1,MVP_SIMPLE_EXPLICIT_ROBUST,trend-1,TREND_REFERENCE_UPDATED,,TREND_UP,,,,,4030.72,4040.94,0.00,0.00,0,0,0,N/A,N/A,N/A,High[1..3]/Low[1..3]
E1858,2026.08.03 19:00:16.953,2.10-ROBUST-FINAL,XAUUSD!,Opogroup-Server1,MVP_SIMPLE_EXPLICIT_ROBUST,b-3,ZONE_ENGAGED,R8,TREND_UP,,,,,4036.00,0.00,0.00,0.00,0,0,0,24.00,25.00,24.00,entered/crossed zone from above
E1859,2026.08.03 19:15:00.464,2.10-ROBUST-FINAL,XAUUSD!,Opogroup-Server1,MVP_SIMPLE_EXPLICIT_ROBUST,a-1/a-2/a-3,CANDLE_CLASSIFIED,,TREND_UP,,,,,4036.39,4036.26,4034.59,4037.61,0,0,0,N/A,N/A,N/A,bar=2026.08.03 19:00 class=BEARISH
E1860,2026.08.03 19:15:00.464,2.10-ROBUST-FINAL,XAUUSD!,Opogroup-Server1,MVP_SIMPLE_EXPLICIT_ROBUST,trend-1,TREND_REFERENCE_UPDATED,,TREND_UP,,,,,4030.94,4040.94,0.00,0.00,0,0,0,N/A,N/A,N/A,High[1..3]/Low[1..3]
E1861,2026.08.03 19:15:03.626,2.10-ROBUST-FINAL,XAUUSD!,Opogroup-Server1,MVP_SIMPLE_EXPLICIT_ROBUST,b-3,ZONE_ENGAGED,R8,TREND_UP,,,,,4035.92,0.00,0.00,0.00,0,0,0,24.00,25.00,24.00,entered/crossed zone from above
E1862,2026.08.03 19:30:00.038,2.10-ROBUST-FINAL,XAUUSD!,Opogroup-Server1,MVP_SIMPLE_EXPLICIT_ROBUST,a-1/a-2/a-3,CANDLE_CLASSIFIED,,TREND_UP,,,,,4036.27,4037.01,4034.91,4038.58,0,0,0,N/A,N/A,N/A,bar=2026.08.03 19:15 class=BULLISH
E1863,2026.08.03 19:30:00.038,2.10-ROBUST-FINAL,XAUUSD!,Opogroup-Server1,MVP_SIMPLE_EXPLICIT_ROBUST,trend-1,TREND_REFERENCE_UPDATED,,TREND_UP,,,,,4034.59,4040.94,0.00,0.00,0,0,0,N/A,N/A,N/A,High[1..3]/Low[1..3]
E1864,2026.08.03 19:32:32.358,2.10-ROBUST-FINAL,XAUUSD!,Opogroup-Server1,MVP_SIMPLE_EXPLICIT_ROBUST,b-3,ZONE_ENGAGED,R8,TREND_UP,,,,,4035.96,0.00,0.00,0.00,0,0,0,24.00,25.00,24.00,entered/crossed zone from above
E1865,2026.08.03 19:45:00.045,2.10-ROBUST-FINAL,XAUUSD!,Opogroup-Server1,MVP_SIMPLE_EXPLICIT_ROBUST,a-1/a-2/a-3,CANDLE_CLASSIFIED,,TREND_UP,,,,,4036.98,4038.55,4035.55,4039.25,0,0,0,N/A,N/A,N/A,bar=2026.08.03 19:30 class=BULLISH
E1866,2026.08.03 19:45:00.045,2.10-ROBUST-FINAL,XAUUSD!,Opogroup-Server1,MVP_SIMPLE_EXPLICIT_ROBUST,trend-1,TREND_REFERENCE_UPDATED,,TREND_UP,,,,,4034.59,4039.25,0.00,0.00,0,0,0,N/A,N/A,N/A,High[1..3]/Low[1..3]
E1867,2026.08.03 19:53:21.592,2.10-ROBUST-FINAL,XAUUSD!,Opogroup-Server1,MVP_SIMPLE_EXPLICIT_ROBUST,b-3,ZONE_ENGAGED,R8,TREND_UP,,,,,4035.95,0.00,0.00,0.00,0,0,0,24.00,25.00,24.00,entered/crossed zone from above
E1868,2026.08.03 20:00:00.045,2.10-ROBUST-FINAL,XAUUSD!,Opogroup-Server1,MVP_SIMPLE_EXPLICIT_ROBUST,a-1/a-2/a-3,CANDLE_CLASSIFIED,,TREND_UP,,,,,4038.57,4037.63,4035.69,4038.76,0,0,0,N/A,N/A,N/A,bar=2026.08.03 19:45 class=BEARISH
E1869,2026.08.03 20:00:00.045,2.10-ROBUST-FINAL,XAUUSD!,Opogroup-Server1,MVP_SIMPLE_EXPLICIT_ROBUST,trend-1,TREND_REFERENCE_UPDATED,,TREND_UP,,,,,4034.91,4039.25,0.00,0.00,0,0,0,N/A,N/A,N/A,High[1..3]/Low[1..3]
E1870,2026.08.03 20:00:23.154,2.10-ROBUST-FINAL,XAUUSD!,Opogroup-Server1,MVP_SIMPLE_EXPLICIT_ROBUST,b-3,ZONE_ENGAGED,R8,TREND_UP,,,,,4035.97,0.00,0.00,0.00,0,0,0,24.00,25.00,24.00,entered/crossed zone from above
E1871,2026.08.03 20:03:07.897,2.10-ROBUST-FINAL,XAUUSD!,Opogroup-Server1,MVP_SIMPLE_EXPLICIT_ROBUST,trend-1,TREND_STATE_CHANGED,,TREND_DOWN,,,,,4034.89,0.00,4034.91,4039.25,0,0,0,N/A,N/A,N/A,TREND_UP -> TREND_DOWN
E1872,2026.08.03 20:15:00.338,2.10-ROBUST-FINAL,XAUUSD!,Opogroup-Server1,MVP_SIMPLE_EXPLICIT_ROBUST,a-1/a-2/a-3,CANDLE_CLASSIFIED,,TREND_DOWN,,,,,4037.65,4034.26,4033.26,4037.69,0,0,0,N/A,N/A,N/A,bar=2026.08.03 20:00 class=BEARISH
E1873,2026.08.03 20:15:00.338,2.10-ROBUST-FINAL,XAUUSD!,Opogroup-Server1,MVP_SIMPLE_EXPLICIT_ROBUST,trend-1,TREND_REFERENCE_UPDATED,,TREND_DOWN,,,,,4033.26,4039.25,0.00,0.00,0,0,0,N/A,N/A,N/A,High[1..3]/Low[1..3]
E1874,2026.08.03 20:15:00.338,2.10-ROBUST-FINAL,XAUUSD!,Opogroup-Server1,MVP_SIMPLE_EXPLICIT_ROBUST,b-3,ZONE_ENGAGED,R8,TREND_DOWN,,,,,4034.25,0.00,0.00,0.00,0,0,0,24.00,25.00,24.00,bar opened inside zone
E1875,2026.08.03 20:20:02.564,2.10-ROBUST-FINAL,XAUUSD!,Opogroup-Server1,MVP_SIMPLE_EXPLICIT_ROBUST,trend-2/b-31,ZONE_TOUCH_DIRECTION_CONFIRMED,R8,TREND_DOWN,R-B,Market,,,4036.00,0.00,0.00,0.00,0,0,0,24.00,25.00,24.00,first valid R-B touch for this M15+zone+direction
E1876,2026.08.03 20:20:02.564,2.10-ROBUST-FINAL,XAUUSD!,Opogroup-Server1,MVP_SIMPLE_EXPLICIT_ROBUST,TEST-HIGH-R/b-24,ZONE_USAGE_BLOCKED,R8,TREND_DOWN,R,Market,,,0.00,0.00,0.00,0.00,0,0,0,24.00,25.00,24.00,daily reversal max reached: allowed=2 executed=2
E1877,2026.08.03 20:30:00.145,2.10-ROBUST-FINAL,XAUUSD!,Opogroup-Server1,MVP_SIMPLE_EXPLICIT_ROBUST,a-1/a-2/a-3,CANDLE_CLASSIFIED,,TREND_DOWN,,,,,4034.25,4034.60,4033.90,4037.80,0,0,0,N/A,N/A,N/A,bar=2026.08.03 20:15 class=BULLISH
E1878,2026.08.03 20:30:00.145,2.10-ROBUST-FINAL,XAUUSD!,Opogroup-Server1,MVP_SIMPLE_EXPLICIT_ROBUST,trend-1,TREND_REFERENCE_UPDATED,,TREND_DOWN,,,,,4033.26,4038.76,0.00,0.00,0,0,0,N/A,N/A,N/A,High[1..3]/Low[1..3]
E1879,2026.08.03 20:30:00.145,2.10-ROBUST-FINAL,XAUUSD!,Opogroup-Server1,MVP_SIMPLE_EXPLICIT_ROBUST,b-3,ZONE_ENGAGED,R8,TREND_DOWN,,,,,4034.59,0.00,0.00,0.00,0,0,0,24.00,25.00,24.00,bar opened inside zone
E1880,2026.08.03 20:37:09.243,2.10-ROBUST-FINAL,XAUUSD!,Opogroup-Server1,MVP_SIMPLE_EXPLICIT_ROBUST,trend-2/b-31,ZONE_TOUCH_DIRECTION_CONFIRMED,R8,TREND_DOWN,R-B,Market,,,4035.99,0.00,0.00,0.00,0,0,0,24.00,25.00,24.00,first valid R-B touch for this M15+zone+direction
E1881,2026.08.03 20:37:09.243,2.10-ROBUST-FINAL,XAUUSD!,Opogroup-Server1,MVP_SIMPLE_EXPLICIT_ROBUST,TEST-HIGH-R/b-24,ZONE_USAGE_BLOCKED,R8,TREND_DOWN,R,Market,,,0.00,0.00,0.00,0.00,0,0,0,24.00,25.00,24.00,daily reversal max reached: allowed=2 executed=2
E1882,2026.08.03 20:45:02.795,2.10-ROBUST-FINAL,XAUUSD!,Opogroup-Server1,MVP_SIMPLE_EXPLICIT_ROBUST,a-1/a-2/a-3,CANDLE_CLASSIFIED,,TREND_DOWN,,,,,4034.59,4036.02,4034.06,4036.91,0,0,0,N/A,N/A,N/A,bar=2026.08.03 20:30 class=BULLISH
E1883,2026.08.03 20:45:02.795,2.10-ROBUST-FINAL,XAUUSD!,Opogroup-Server1,MVP_SIMPLE_EXPLICIT_ROBUST,trend-1,TREND_REFERENCE_UPDATED,,TREND_DOWN,,,,,4033.26,4037.80,0.00,0.00,0,0,0,N/A,N/A,N/A,High[1..3]/Low[1..3]
E1884,2026.08.03 20:45:02.795,2.10-ROBUST-FINAL,XAUUSD!,Opogroup-Server1,MVP_SIMPLE_EXPLICIT_ROBUST,b-3,ZONE_ENGAGED,R8,TREND_DOWN,,,,,4035.98,0.00,0.00,0.00,0,0,0,24.00,25.00,24.00,bar opened inside zone
E1885,2026.08.03 20:45:02.795,2.10-ROBUST-FINAL,XAUUSD!,Opogroup-Server1,MVP_SIMPLE_EXPLICIT_ROBUST,trend-2/b-31,ZONE_TOUCH_DIRECTION_CONFIRMED,R8,TREND_DOWN,R-B,Market,,,4035.98,0.00,0.00,0.00,0,0,0,24.00,25.00,24.00,first valid R-B touch for this M15+zone+direction
E1886,2026.08.03 20:45:02.795,2.10-ROBUST-FINAL,XAUUSD!,Opogroup-Server1,MVP_SIMPLE_EXPLICIT_ROBUST,TEST-HIGH-R/b-24,ZONE_USAGE_BLOCKED,R8,TREND_DOWN,R,Market,,,0.00,0.00,0.00,0.00,0,0,0,24.00,25.00,24.00,daily reversal max reached: allowed=2 executed=2
E1887,2026.08.03 21:00:00.231,2.10-ROBUST-FINAL,XAUUSD!,Opogroup-Server1,MVP_SIMPLE_EXPLICIT_ROBUST,a-1/a-2/a-3,CANDLE_CLASSIFIED,,TREND_DOWN,,,,,4035.98,4030.72,4030.22,4036.36,0,0,0,N/A,N/A,N/A,bar=2026.08.03 20:45 class=BEARISH
E1888,2026.08.03 21:00:00.231,2.10-ROBUST-FINAL,XAUUSD!,Opogroup-Server1,MVP_SIMPLE_EXPLICIT_ROBUST,b-3/b-4/trend-1,BREAKOUT_SIGNAL,R8,TREND_DOWN,BO-S,Close,BO#19,,4030.72,0.00,0.00,0.00,0,0,0,24.00,25.00,24.00,BO#19; ZONE_ENGAGED + buffered close + trend snapshot
E1889,2026.08.03 21:00:00.231,2.10-ROBUST-FINAL,XAUUSD!,Opogroup-Server1,MVP_SIMPLE_EXPLICIT_ROBUST,b-8/b-25,PULLBACK_CYCLE_CREATED,R8,TREND_DOWN,PB-S,Stop,,BO#19,0.00,0.00,0.00,0.00,0,0,0,24.00,25.00,24.00,valid t+1..t+5 window; pullback does not consume zone in v9
E1890,2026.08.03 21:00:00.231,2.10-ROBUST-FINAL,XAUUSD!,Opogroup-Server1,MVP_SIMPLE_EXPLICIT_ROBUST,trend-1,TREND_REFERENCE_UPDATED,,TREND_DOWN,,,,,4030.22,4037.80,0.00,0.00,0,0,0,N/A,N/A,N/A,High[1..3]/Low[1..3]
E1891,2026.08.03 21:00:07.219,2.10-ROBUST-FINAL,XAUUSD!,Opogroup-Server1,MVP_SIMPLE_EXPLICIT_ROBUST,b-20,DEAL_COSTS_RECORDED,,TREND_DOWN,,,,,0.00,4029.88,0.00,0.00,0,65,0,N/A,N/A,N/A,profit=-6.12 commission=0.00 swap=0.00 fee=0.00
E1892,2026.08.03 21:00:07.219,2.10-ROBUST-FINAL,XAUUSD!,Opogroup-Server1,MVP_SIMPLE_EXPLICIT_ROBUST,b-20/b-23/b-26/b-29,POSITION_CLOSED,R8,TREND_DOWN,PB-B,,,BO#18,0.00,4029.88,0.00,0.00,0,65,64,24.00,25.00,24.00,position_net=-6.12 daily_net=-44.27 R0=6.00000 max_r_stage=0 stacked_pullback=false reversal_ordinal=0
E1893,2026.08.03 21:02:11.876,2.10-ROBUST-FINAL,XAUUSD!,Opogroup-Server1,MVP_SIMPLE_EXPLICIT_ROBUST,b-3,ZONE_ENGAGED,R8,TREND_DOWN,,,,,4032.00,0.00,0.00,0.00,0,0,0,24.00,25.00,24.00,entered/crossed zone from below
E1894,2026.08.03 21:03:09.718,2.10-ROBUST-FINAL,XAUUSD!,Opogroup-Server1,MVP_SIMPLE_EXPLICIT_ROBUST,b-8,PULLBACK_PENETRATION_LATCHED,R8,TREND_DOWN,PB-S,Stop,,BO#19,4032.22,0.00,0.00,0.00,0,0,0,24.00,25.00,24.00,no maximum penetration in S1; first tick t+1 valid
E1895,2026.08.03 21:03:09.718,2.10-ROBUST-FINAL,XAUUSD!,Opogroup-Server1,MVP_SIMPLE_EXPLICIT_ROBUST,b-29/b-30,RISK_MODEL_READY,R8,TREND_DOWN,SELL,,,,4032.00,0.00,4038.00,4008.00,0,0,0,24.00,25.00,24.00,R_CAP=6.00 R0=6.00000 target_zone=R7
E1896,2026.08.03 21:03:09.718,2.10-ROBUST-FINAL,XAUUSD!,Opogroup-Server1,MVP_SIMPLE_EXPLICIT_ROBUST,AR-RISK-01,PORTFOLIO_RISK_PRECHECK,R8,TREND_DOWN,PB-S,Stop,,BO#19,4032.00,0.00,4038.00,0.00,0,0,0,24.00,25.00,24.00,mode=GROSS_DAILY pct=30.00 budget=3000.00 realized=46.58 open=0.00 pending=0.00 used=46.58 remaining=2953.42 new=6.00 allowed=true
E1897,2026.08.03 21:03:09.718,2.10-ROBUST-FINAL,XAUUSD!,Opogroup-Server1,MVP_SIMPLE_EXPLICIT_ROBUST,MVP-RISK/TEST-HARNESS,MARGIN_PRECHECK,R8,TREND_DOWN,PB-S,Telemetry,,BO#19,4032.00,0.00,0.00,0.00,0,0,0,24.00,25.00,24.00,lot=0.0100 required_new_margin=20.16 account_margin=0.00 free_margin=10042.39 margin_level=0.00
E1898,2026.08.03 21:03:09.718,2.10-ROBUST-FINAL,XAUUSD!,Opogroup-Server1,MVP_SIMPLE_EXPLICIT_ROBUST,b-8/b-11/b-29/b-30,PENDING_PLACED,R8,TREND_DOWN,PB-S,Stop,,BO#19,4032.00,0.00,4038.00,4008.00,66,0,0,24.00,25.00,24.00,exact zone edge; native MT5 activation; R0=6.00000 target=R7
E1899,2026.08.03 21:03:11.330,2.10-ROBUST-FINAL,XAUUSD!,Opogroup-Server1,MVP_SIMPLE_EXPLICIT_ROBUST,b-20,DEAL_COSTS_RECORDED,,TREND_DOWN,,,,,0.00,4031.94,0.00,0.00,0,66,66,N/A,N/A,N/A,profit=0.00 commission=0.00 swap=0.00 fee=0.00
E1900,2026.08.03 21:03:11.330,2.10-ROBUST-FINAL,XAUUSD!,Opogroup-Server1,MVP_SIMPLE_EXPLICIT_ROBUST,b-8/b-25/b-29,ORDER_FILLED,R8,TREND_DOWN,PB-S,Stop,,BO#19,4032.00,4031.94,4038.00,4008.00,66,66,66,24.00,25.00,24.00,native fill; R0=6.00000 target=R7
E1901,2026.08.03 21:03:11.330,2.10-ROBUST-FINAL,XAUUSD!,Opogroup-Server1,MVP_SIMPLE_EXPLICIT_ROBUST,MVP-RISK/TEST-HARNESS,MARGIN_POST_FILL,R8,TREND_DOWN,PB-S,Telemetry,,BO#19,0.00,0.00,0.00,0.00,0,0,66,24.00,25.00,24.00,lot=0.0100 account_margin=20.16 free_margin=10022.02 margin_level=49812.40
E1902,2026.08.03 21:03:11.330,2.10-ROBUST-FINAL,XAUUSD!,Opogroup-Server1,MVP_SIMPLE_EXPLICIT_ROBUST,AR-RISK-01,PORTFOLIO_RISK_POST_FILL,R8,TREND_DOWN,PB-S,PostFill,,BO#19,0.00,0.00,0.00,0.00,0,0,0,24.00,25.00,24.00,mode=GROSS_DAILY pct=30.00 budget=3000.00 realized=46.58 open=6.06 pending=0.00 used=52.64 overflow=false
E1903,2026.08.03 21:09:53.046,2.10-ROBUST-FINAL,XAUUSD!,Opogroup-Server1,MVP_SIMPLE_EXPLICIT_ROBUST,b-3,ZONE_ENGAGED,R8,TREND_DOWN,,,,,4035.98,0.00,0.00,0.00,0,0,0,24.00,25.00,24.00,entered/crossed zone from above
E1904,2026.08.03 21:09:53.046,2.10-ROBUST-FINAL,XAUUSD!,Opogroup-Server1,MVP_SIMPLE_EXPLICIT_ROBUST,trend-2/b-31,ZONE_TOUCH_DIRECTION_CONFIRMED,R8,TREND_DOWN,R-B,Market,,,4035.98,0.00,0.00,0.00,0,0,0,24.00,25.00,24.00,first valid R-B touch for this M15+zone+direction
E1905,2026.08.03 21:09:53.046,2.10-ROBUST-FINAL,XAUUSD!,Opogroup-Server1,MVP_SIMPLE_EXPLICIT_ROBUST,TEST-HIGH-R/b-24,ZONE_USAGE_BLOCKED,R8,TREND_DOWN,R,Market,,,0.00,0.00,0.00,0.00,0,0,0,24.00,25.00,24.00,daily reversal max reached: allowed=2 executed=2
E1906,2026.08.03 21:10:20.248,2.10-ROBUST-FINAL,XAUUSD!,Opogroup-Server1,MVP_SIMPLE_EXPLICIT_ROBUST,b-20,DEAL_COSTS_RECORDED,,TREND_DOWN,,,,,0.00,4038.01,0.00,0.00,0,67,0,N/A,N/A,N/A,profit=-6.07 commission=0.00 swap=0.00 fee=0.00
E1907,2026.08.03 21:10:20.248,2.10-ROBUST-FINAL,XAUUSD!,Opogroup-Server1,MVP_SIMPLE_EXPLICIT_ROBUST,b-20/b-23/b-26/b-29,POSITION_CLOSED,R8,TREND_DOWN,PB-S,,,BO#19,0.00,4038.01,0.00,0.00,0,67,66,24.00,25.00,24.00,position_net=-6.07 daily_net=-50.34 R0=6.00000 max_r_stage=0 stacked_pullback=false reversal_ordinal=0
E1908,2026.08.03 21:10:20.268,2.10-ROBUST-FINAL,XAUUSD!,Opogroup-Server1,MVP_SIMPLE_EXPLICIT_ROBUST,trend-1,TREND_STATE_CHANGED,,TREND_UP,,,,,4037.82,0.00,4030.22,4037.80,0,0,0,N/A,N/A,N/A,TREND_DOWN -> TREND_UP
E1909,2026.08.03 21:15:00.102,2.10-ROBUST-FINAL,XAUUSD!,Opogroup-Server1,MVP_SIMPLE_EXPLICIT_ROBUST,a-1/a-2/a-3,CANDLE_CLASSIFIED,,TREND_UP,,,,,4030.71,4034.99,4029.62,4038.50,0,0,0,N/A,N/A,N/A,bar=2026.08.03 21:00 class=BULLISH
E1910,2026.08.03 21:15:00.102,2.10-ROBUST-FINAL,XAUUSD!,Opogroup-Server1,MVP_SIMPLE_EXPLICIT_ROBUST,trend-1,TREND_REFERENCE_UPDATED,,TREND_UP,,,,,4029.62,4038.50,0.00,0.00,0,0,0,N/A,N/A,N/A,High[1..3]/Low[1..3]
E1911,2026.08.03 21:15:00.102,2.10-ROBUST-FINAL,XAUUSD!,Opogroup-Server1,MVP_SIMPLE_EXPLICIT_ROBUST,b-3,ZONE_ENGAGED,R8,TREND_UP,,,,,4035.02,0.00,0.00,0.00,0,0,0,24.00,25.00,24.00,bar opened inside zone
E1912,2026.08.03 21:30:00.922,2.10-ROBUST-FINAL,XAUUSD!,Opogroup-Server1,MVP_SIMPLE_EXPLICIT_ROBUST,a-1/a-2/a-3,CANDLE_CLASSIFIED,,TREND_UP,,,,,4035.02,4037.51,4034.87,4038.92,0,0,0,N/A,N/A,N/A,bar=2026.08.03 21:15 class=BULLISH
E1913,2026.08.03 21:30:00.922,2.10-ROBUST-FINAL,XAUUSD!,Opogroup-Server1,MVP_SIMPLE_EXPLICIT_ROBUST,b-3/b-4/trend-1,BREAKOUT_SIGNAL,R8,TREND_UP,BO-B,Close,BO#20,,4037.51,0.00,0.00,0.00,0,0,0,24.00,25.00,24.00,BO#20; ZONE_ENGAGED + buffered close + trend snapshot
E1914,2026.08.03 21:30:00.922,2.10-ROBUST-FINAL,XAUUSD!,Opogroup-Server1,MVP_SIMPLE_EXPLICIT_ROBUST,b-8/b-25,PULLBACK_CYCLE_CREATED,R8,TREND_UP,PB-B,Stop,,BO#20,0.00,0.00,0.00,0.00,0,0,0,24.00,25.00,24.00,valid t+1..t+5 window; pullback does not consume zone in v9
E1915,2026.08.03 21:30:00.922,2.10-ROBUST-FINAL,XAUUSD!,Opogroup-Server1,MVP_SIMPLE_EXPLICIT_ROBUST,trend-1,TREND_REFERENCE_UPDATED,,TREND_UP,,,,,4029.62,4038.92,0.00,0.00,0,0,0,N/A,N/A,N/A,High[1..3]/Low[1..3]
E1916,2026.08.03 21:45:00.316,2.10-ROBUST-FINAL,XAUUSD!,Opogroup-Server1,MVP_SIMPLE_EXPLICIT_ROBUST,a-1/a-2/a-3,CANDLE_CLASSIFIED,,TREND_UP,,,,,4037.49,4040.83,4036.46,4041.46,0,0,0,N/A,N/A,N/A,bar=2026.08.03 21:30 class=BULLISH
E1917,2026.08.03 21:45:00.316,2.10-ROBUST-FINAL,XAUUSD!,Opogroup-Server1,MVP_SIMPLE_EXPLICIT_ROBUST,trend-1,TREND_REFERENCE_UPDATED,,TREND_UP,,,,,4029.62,4041.46,0.00,0.00,0,0,0,N/A,N/A,N/A,High[1..3]/Low[1..3]
E1918,2026.08.03 22:00:00.023,2.10-ROBUST-FINAL,XAUUSD!,Opogroup-Server1,MVP_SIMPLE_EXPLICIT_ROBUST,a-1/a-2/a-3,CANDLE_CLASSIFIED,,TREND_UP,,,,,4040.71,4043.87,4040.42,4045.08,0,0,0,N/A,N/A,N/A,bar=2026.08.03 21:45 class=BULLISH
E1919,2026.08.03 22:00:00.023,2.10-ROBUST-FINAL,XAUUSD!,Opogroup-Server1,MVP_SIMPLE_EXPLICIT_ROBUST,trend-1,TREND_REFERENCE_UPDATED,,TREND_UP,,,,,4034.87,4045.08,0.00,0.00,0,0,0,N/A,N/A,N/A,High[1..3]/Low[1..3]
E1920,2026.08.03 22:15:00.101,2.10-ROBUST-FINAL,XAUUSD!,Opogroup-Server1,MVP_SIMPLE_EXPLICIT_ROBUST,a-1/a-2/a-3,CANDLE_CLASSIFIED,,TREND_UP,,,,,4043.91,4046.23,4043.64,4049.43,0,0,0,N/A,N/A,N/A,bar=2026.08.03 22:00 class=BULLISH
E1921,2026.08.03 22:15:00.101,2.10-ROBUST-FINAL,XAUUSD!,Opogroup-Server1,MVP_SIMPLE_EXPLICIT_ROBUST,trend-1,TREND_REFERENCE_UPDATED,,TREND_UP,,,,,4036.46,4049.43,0.00,0.00,0,0,0,N/A,N/A,N/A,High[1..3]/Low[1..3]
E1922,2026.08.03 22:30:00.003,2.10-ROBUST-FINAL,XAUUSD!,Opogroup-Server1,MVP_SIMPLE_EXPLICIT_ROBUST,a-1/a-2/a-3,CANDLE_CLASSIFIED,,TREND_UP,,,,,4046.24,4052.94,4046.22,4054.27,0,0,0,N/A,N/A,N/A,bar=2026.08.03 22:15 class=BULLISH
E1923,2026.08.03 22:30:00.003,2.10-ROBUST-FINAL,XAUUSD!,Opogroup-Server1,MVP_SIMPLE_EXPLICIT_ROBUST,trend-1,TREND_REFERENCE_UPDATED,,TREND_UP,,,,,4040.42,4054.27,0.00,0.00,0,0,0,N/A,N/A,N/A,High[1..3]/Low[1..3]
E1924,2026.08.03 22:45:00.066,2.10-ROBUST-FINAL,XAUUSD!,Opogroup-Server1,MVP_SIMPLE_EXPLICIT_ROBUST,b-8/b-23,PENDING_EXPIRED,R8,TREND_UP,PB-B,Stop,,BO#20,0.00,0.00,0.00,0.00,0,0,0,24.00,25.00,24.00,start after t+5
E1925,2026.08.03 22:45:00.066,2.10-ROBUST-FINAL,XAUUSD!,Opogroup-Server1,MVP_SIMPLE_EXPLICIT_ROBUST,a-1/a-2/a-3,CANDLE_CLASSIFIED,,TREND_UP,,,,,4052.96,4054.01,4051.93,4055.81,0,0,0,N/A,N/A,N/A,bar=2026.08.03 22:30 class=BULLISH
E1926,2026.08.03 22:45:00.066,2.10-ROBUST-FINAL,XAUUSD!,Opogroup-Server1,MVP_SIMPLE_EXPLICIT_ROBUST,trend-1,TREND_REFERENCE_UPDATED,,TREND_UP,,,,,4043.64,4055.81,0.00,0.00,0,0,0,N/A,N/A,N/A,High[1..3]/Low[1..3]
E1927,2026.08.03 23:00:00.008,2.10-ROBUST-FINAL,XAUUSD!,Opogroup-Server1,MVP_SIMPLE_EXPLICIT_ROBUST,a-1/a-2/a-3,CANDLE_CLASSIFIED,,TREND_UP,,,,,4054.00,4052.00,4051.62,4055.63,0,0,0,N/A,N/A,N/A,bar=2026.08.03 22:45 class=BEARISH
E1928,2026.08.03 23:00:00.008,2.10-ROBUST-FINAL,XAUUSD!,Opogroup-Server1,MVP_SIMPLE_EXPLICIT_ROBUST,trend-1,TREND_REFERENCE_UPDATED,,TREND_UP,,,,,4046.22,4055.81,0.00,0.00,0,0,0,N/A,N/A,N/A,High[1..3]/Low[1..3]
E1929,2026.08.03 23:15:00.147,2.10-ROBUST-FINAL,XAUUSD!,Opogroup-Server1,MVP_SIMPLE_EXPLICIT_ROBUST,a-1/a-2/a-3,CANDLE_CLASSIFIED,,TREND_UP,,,,,4051.99,4052.56,4050.17,4052.88,0,0,0,N/A,N/A,N/A,bar=2026.08.03 23:00 class=BULLISH
E1930,2026.08.03 23:15:00.147,2.10-ROBUST-FINAL,XAUUSD!,Opogroup-Server1,MVP_SIMPLE_EXPLICIT_ROBUST,trend-1,TREND_REFERENCE_UPDATED,,TREND_UP,,,,,4050.17,4055.81,0.00,0.00,0,0,0,N/A,N/A,N/A,High[1..3]/Low[1..3]
E1931,2026.08.03 23:30:00.243,2.10-ROBUST-FINAL,XAUUSD!,Opogroup-Server1,MVP_SIMPLE_EXPLICIT_ROBUST,a-1/a-2/a-3,CANDLE_CLASSIFIED,,TREND_UP,,,,,4052.55,4054.27,4051.41,4055.98,0,0,0,N/A,N/A,N/A,bar=2026.08.03 23:15 class=BULLISH
E1932,2026.08.03 23:30:00.243,2.10-ROBUST-FINAL,XAUUSD!,Opogroup-Server1,MVP_SIMPLE_EXPLICIT_ROBUST,trend-1,TREND_REFERENCE_UPDATED,,TREND_UP,,,,,4050.17,4055.98,0.00,0.00,0,0,0,N/A,N/A,N/A,High[1..3]/Low[1..3]
E1933,2026.08.03 23:45:00.113,2.10-ROBUST-FINAL,XAUUSD!,Opogroup-Server1,MVP_SIMPLE_EXPLICIT_ROBUST,a-1/a-2/a-3,CANDLE_CLASSIFIED,,TREND_UP,,,,,4054.21,4056.41,4053.78,4058.16,0,0,0,N/A,N/A,N/A,bar=2026.08.03 23:30 class=BULLISH
E1934,2026.08.03 23:45:00.113,2.10-ROBUST-FINAL,XAUUSD!,Opogroup-Server1,MVP_SIMPLE_EXPLICIT_ROBUST,trend-1,TREND_REFERENCE_UPDATED,,TREND_UP,,,,,4050.17,4058.16,0.00,0.00,0,0,0,N/A,N/A,N/A,High[1..3]/Low[1..3]
E1935,2026.08.03 23:55:00.060,2.10-ROBUST-FINAL,XAUUSD!,Opogroup-Server1,MVP_SIMPLE_EXPLICIT_ROBUST,AR-SESSION-01,SESSION_PRE_CLOSE_CUTOFF_ENTERED,,TREND_UP,,Telemetry,,,0.00,0.00,0.00,0.00,0,0,0,N/A,N/A,N/A,mode=ALL_FLAT broker_session_end=2026.08.04 00:00:00 cutoff=2026.08.03 23:55:00 minutes=5.00 window=2026.08.03 01:00:00->2026.08.04 00:00:00
E1936,2026.08.03 23:59:58.692,2.10-ROBUST-FINAL,XAUUSD!,Opogroup-Server1,MVP_SIMPLE_EXPLICIT_ROBUST,S1,EA_DEINITIALIZED,,TREND_UP,,,,,0.00,0.00,0.00,0.00,0,0,0,N/A,N/A,N/A,reason=1
