MT5-Name,Py-Difference,MT5 Used as Input,MT5 Modifies the Value,Py Used as Input,Py Modifies the Value,Parity Verdict,Update Flow / Difference,MT5 Write Functions
InpRangesFile,zone_loader.load_zones_from_file,"mt5/XAUUSD_ROBUST_FINAL_LIVE_RCv2.mq5:933,936",mt5/XAUUSD_ROBUST_FINAL_LIVE_RCv2.mq5:49,src/application/xauusd_trading_strategy_1_vector/zone_loader.py:14,src/application/xauusd_trading_strategy_1_vector/zone_loader.py:14,DIFFERENT,"Read-only input; declared default ""ranges.csv"". CSV vs Python zip/file loader; different date/validation contract.",declaration
InpJournalFile,NOT_IMPLEMENTED,"mt5/XAUUSD_ROBUST_FINAL_LIVE_RCv2.mq5:415,418,2842",mt5/XAUUSD_ROBUST_FINAL_LIVE_RCv2.mq5:50,NOT_IMPLEMENTED,NOT_IMPLEMENTED,ABSENT,"Read-only input; declared default ""XAUUSD_ROBUST_FINAL_journal.csv"". No equivalent active Python control; declaration does not prove missing-envelope enforcement.",declaration
InpSummaryFile,NOT_IMPLEMENTED,"mt5/XAUUSD_ROBUST_FINAL_LIVE_RCv2.mq5:366,369,2843",mt5/XAUUSD_ROBUST_FINAL_LIVE_RCv2.mq5:51,NOT_IMPLEMENTED,NOT_IMPLEMENTED,ABSENT,"Read-only input; declared default ""XAUUSD_ROBUST_FINAL_summary.csv"". No equivalent active Python control; declaration does not prove missing-envelope enforcement.",declaration
InpReleaseMode,NOT_IMPLEMENTED,NONE,mt5/XAUUSD_ROBUST_FINAL_LIVE_RCv2.mq5:54,NOT_IMPLEMENTED,NOT_IMPLEMENTED,ABSENT,Read-only input; declared default XAU_RELEASE_DISABLED. No equivalent active Python control; declaration does not prove missing-envelope enforcement.,declaration
InpAllowedAccountLogin,NOT_IMPLEMENTED,NONE,mt5/XAUUSD_ROBUST_FINAL_LIVE_RCv2.mq5:55,NOT_IMPLEMENTED,NOT_IMPLEMENTED,ABSENT,Read-only input; declared default 0. No equivalent active Python control; declaration does not prove missing-envelope enforcement.,declaration
InpAllowedServer,NOT_IMPLEMENTED,NONE,mt5/XAUUSD_ROBUST_FINAL_LIVE_RCv2.mq5:56,NOT_IMPLEMENTED,NOT_IMPLEMENTED,ABSENT,"Read-only input; declared default ""Opogroup-Server1"". No equivalent active Python control; declaration does not prove missing-envelope enforcement.",declaration
InpAllowedSymbol,NOT_IMPLEMENTED,NONE,mt5/XAUUSD_ROBUST_FINAL_LIVE_RCv2.mq5:57,NOT_IMPLEMENTED,NOT_IMPLEMENTED,ABSENT,"Read-only input; declared default ""XAUUSD."". No equivalent active Python control; declaration does not prove missing-envelope enforcement.",declaration
InpConfirmRealMoney,NOT_IMPLEMENTED,NONE,mt5/XAUUSD_ROBUST_FINAL_LIVE_RCv2.mq5:58,NOT_IMPLEMENTED,NOT_IMPLEMENTED,ABSENT,Read-only input; declared default false. No equivalent active Python control; declaration does not prove missing-envelope enforcement.,declaration
InpEmergencyStop,NOT_IMPLEMENTED,NONE,mt5/XAUUSD_ROBUST_FINAL_LIVE_RCv2.mq5:59,NOT_IMPLEMENTED,NOT_IMPLEMENTED,ABSENT,Read-only input; declared default false. No equivalent active Python control; declaration does not prove missing-envelope enforcement.,declaration
InpRejectExternalXAUExposure,NOT_IMPLEMENTED,NONE,mt5/XAUUSD_ROBUST_FINAL_LIVE_RCv2.mq5:60,NOT_IMPLEMENTED,NOT_IMPLEMENTED,ABSENT,Read-only input; declared default true. No equivalent active Python control; declaration does not prove missing-envelope enforcement.,declaration
InpReconciliationGraceSeconds,NOT_IMPLEMENTED,NONE,mt5/XAUUSD_ROBUST_FINAL_LIVE_RCv2.mq5:61,NOT_IMPLEMENTED,NOT_IMPLEMENTED,ABSENT,Read-only input; declared default 5. No equivalent active Python control; declaration does not prove missing-envelope enforcement.,declaration
InpRCapUSD,RobustInputs.r_cap,"mt5/XAUUSD_ROBUST_FINAL_LIVE_RCv2.mq5:1240,1246,1264,1283,1896,1904,1925,2849",mt5/XAUUSD_ROBUST_FINAL_LIVE_RCv2.mq5:64,src/application/xauusd_trading_strategy_1_vector/domain/robust.py:12; src/application/xauusd_trading_strategy_1_vector/domain/robust.py:66; src/application/xauusd_trading_strategy_1_vector/domain/robust.py:76; src/application/xauusd_trading_strategy_1_vector/domain/robust.py:91; src/application/xauusd_trading_strategy_1_vector/domain/robust.py:106,src/application/xauusd_trading_strategy_1_vector/domain/robust.py:12; src/application/xauusd_trading_strategy_1_vector/domain/robust.py:66; src/application/xauusd_trading_strategy_1_vector/domain/robust.py:76; src/application/xauusd_trading_strategy_1_vector/domain/robust.py:91; src/application/xauusd_trading_strategy_1_vector/domain/robust.py:106,PARTIAL,2026-09-30 source port: Immutable explicit replay input; default copied from MQ5 assignment. Strategy consumption uses MarketState/ExecutionReplay. Native-platform validation and missing-envelope constraints remain outside offline replay. Exact native run parity not yet demonstrated.,declaration
InpTargetR0Multiplier,RobustInputs.target_r_multiplier,"mt5/XAUUSD_ROBUST_FINAL_LIVE_RCv2.mq5:1251,1269,1912,1933,2890",mt5/XAUUSD_ROBUST_FINAL_LIVE_RCv2.mq5:65,src/application/xauusd_trading_strategy_1_vector/domain/robust.py:12; src/application/xauusd_trading_strategy_1_vector/domain/robust.py:66; src/application/xauusd_trading_strategy_1_vector/domain/robust.py:76; src/application/xauusd_trading_strategy_1_vector/domain/robust.py:91; src/application/xauusd_trading_strategy_1_vector/domain/robust.py:106,src/application/xauusd_trading_strategy_1_vector/domain/robust.py:12; src/application/xauusd_trading_strategy_1_vector/domain/robust.py:66; src/application/xauusd_trading_strategy_1_vector/domain/robust.py:76; src/application/xauusd_trading_strategy_1_vector/domain/robust.py:91; src/application/xauusd_trading_strategy_1_vector/domain/robust.py:106,PARTIAL,2026-09-30 source port: Immutable explicit replay input; default copied from MQ5 assignment. Strategy consumption uses MarketState/ExecutionReplay. Native-platform validation and missing-envelope constraints remain outside offline replay. Exact native run parity not yet demonstrated.,declaration
InpTestVolumeLot,RobustInputs.volume,"mt5/XAUUSD_ROBUST_FINAL_LIVE_RCv2.mq5:864,866,869,872,877,882,886,889,890,1957,1962,1972,2038,2062,2213,2237,2238,2360,2370,2440,2860,2919",mt5/XAUUSD_ROBUST_FINAL_LIVE_RCv2.mq5:66,src/application/xauusd_trading_strategy_1_vector/domain/robust.py:12; src/application/xauusd_trading_strategy_1_vector/domain/robust.py:66; src/application/xauusd_trading_strategy_1_vector/domain/robust.py:76; src/application/xauusd_trading_strategy_1_vector/domain/robust.py:91; src/application/xauusd_trading_strategy_1_vector/domain/robust.py:106,src/application/xauusd_trading_strategy_1_vector/domain/robust.py:12; src/application/xauusd_trading_strategy_1_vector/domain/robust.py:66; src/application/xauusd_trading_strategy_1_vector/domain/robust.py:76; src/application/xauusd_trading_strategy_1_vector/domain/robust.py:91; src/application/xauusd_trading_strategy_1_vector/domain/robust.py:106,PARTIAL,2026-09-30 source port: Immutable explicit replay input; default copied from MQ5 assignment. Strategy consumption uses MarketState/ExecutionReplay. Native-platform validation and missing-envelope constraints remain outside offline replay. Exact native run parity not yet demonstrated.,declaration
InpUseExplicitResearchControls,RobustInputs.explicit_controls,"mt5/XAUUSD_ROBUST_FINAL_LIVE_RCv2.mq5:289,297,301,1578,1608,1871",mt5/XAUUSD_ROBUST_FINAL_LIVE_RCv2.mq5:69,src/application/xauusd_trading_strategy_1_vector/domain/robust.py:12; src/application/xauusd_trading_strategy_1_vector/domain/robust.py:66; src/application/xauusd_trading_strategy_1_vector/domain/robust.py:76; src/application/xauusd_trading_strategy_1_vector/domain/robust.py:91; src/application/xauusd_trading_strategy_1_vector/domain/robust.py:106,src/application/xauusd_trading_strategy_1_vector/domain/robust.py:12; src/application/xauusd_trading_strategy_1_vector/domain/robust.py:66; src/application/xauusd_trading_strategy_1_vector/domain/robust.py:76; src/application/xauusd_trading_strategy_1_vector/domain/robust.py:91; src/application/xauusd_trading_strategy_1_vector/domain/robust.py:106,PARTIAL,2026-09-30 source port: Immutable explicit replay input; default copied from MQ5 assignment. Strategy consumption uses MarketState/ExecutionReplay. Native-platform validation and missing-envelope constraints remain outside offline replay. Exact native run parity not yet demonstrated.,declaration
InpEnableReversal,RobustInputs.enable_reversal,"mt5/XAUUSD_ROBUST_FINAL_LIVE_RCv2.mq5:1610,1980",mt5/XAUUSD_ROBUST_FINAL_LIVE_RCv2.mq5:70,src/application/xauusd_trading_strategy_1_vector/domain/robust.py:12; src/application/xauusd_trading_strategy_1_vector/domain/robust.py:66; src/application/xauusd_trading_strategy_1_vector/domain/robust.py:76; src/application/xauusd_trading_strategy_1_vector/domain/robust.py:91; src/application/xauusd_trading_strategy_1_vector/domain/robust.py:106,src/application/xauusd_trading_strategy_1_vector/domain/robust.py:12; src/application/xauusd_trading_strategy_1_vector/domain/robust.py:66; src/application/xauusd_trading_strategy_1_vector/domain/robust.py:76; src/application/xauusd_trading_strategy_1_vector/domain/robust.py:91; src/application/xauusd_trading_strategy_1_vector/domain/robust.py:106,PARTIAL,2026-09-30 source port: Immutable explicit replay input; default copied from MQ5 assignment. Strategy consumption uses MarketState/ExecutionReplay. Native-platform validation and missing-envelope constraints remain outside offline replay. Exact native run parity not yet demonstrated.,declaration
InpEnablePullback,RobustInputs.enable_pullback,"mt5/XAUUSD_ROBUST_FINAL_LIVE_RCv2.mq5:1580,2115,2409",mt5/XAUUSD_ROBUST_FINAL_LIVE_RCv2.mq5:71,src/application/xauusd_trading_strategy_1_vector/domain/robust.py:12; src/application/xauusd_trading_strategy_1_vector/domain/robust.py:66; src/application/xauusd_trading_strategy_1_vector/domain/robust.py:76; src/application/xauusd_trading_strategy_1_vector/domain/robust.py:91; src/application/xauusd_trading_strategy_1_vector/domain/robust.py:106,src/application/xauusd_trading_strategy_1_vector/domain/robust.py:12; src/application/xauusd_trading_strategy_1_vector/domain/robust.py:66; src/application/xauusd_trading_strategy_1_vector/domain/robust.py:76; src/application/xauusd_trading_strategy_1_vector/domain/robust.py:91; src/application/xauusd_trading_strategy_1_vector/domain/robust.py:106,PARTIAL,2026-09-30 source port: Immutable explicit replay input; default copied from MQ5 assignment. Strategy consumption uses MarketState/ExecutionReplay. Native-platform validation and missing-envelope constraints remain outside offline replay. Exact native run parity not yet demonstrated.,declaration
InpEnableDirectBreakout,RobustInputs.enable_direct_breakout,"mt5/XAUUSD_ROBUST_FINAL_LIVE_RCv2.mq5:2350,2408",mt5/XAUUSD_ROBUST_FINAL_LIVE_RCv2.mq5:72,src/application/xauusd_trading_strategy_1_vector/domain/robust.py:12; src/application/xauusd_trading_strategy_1_vector/domain/robust.py:66; src/application/xauusd_trading_strategy_1_vector/domain/robust.py:76; src/application/xauusd_trading_strategy_1_vector/domain/robust.py:91; src/application/xauusd_trading_strategy_1_vector/domain/robust.py:106,src/application/xauusd_trading_strategy_1_vector/domain/robust.py:12; src/application/xauusd_trading_strategy_1_vector/domain/robust.py:66; src/application/xauusd_trading_strategy_1_vector/domain/robust.py:76; src/application/xauusd_trading_strategy_1_vector/domain/robust.py:91; src/application/xauusd_trading_strategy_1_vector/domain/robust.py:106,PARTIAL,2026-09-30 source port: Immutable explicit replay input; default copied from MQ5 assignment. Strategy consumption uses MarketState/ExecutionReplay. Native-platform validation and missing-envelope constraints remain outside offline replay. Exact native run parity not yet demonstrated.,declaration
InpBreakoutNormalOnly,RobustInputs.breakout_normal_only,mt5/XAUUSD_ROBUST_FINAL_LIVE_RCv2.mq5:2351,mt5/XAUUSD_ROBUST_FINAL_LIVE_RCv2.mq5:73,src/application/xauusd_trading_strategy_1_vector/domain/robust.py:12; src/application/xauusd_trading_strategy_1_vector/domain/robust.py:66; src/application/xauusd_trading_strategy_1_vector/domain/robust.py:76; src/application/xauusd_trading_strategy_1_vector/domain/robust.py:91; src/application/xauusd_trading_strategy_1_vector/domain/robust.py:106,src/application/xauusd_trading_strategy_1_vector/domain/robust.py:12; src/application/xauusd_trading_strategy_1_vector/domain/robust.py:66; src/application/xauusd_trading_strategy_1_vector/domain/robust.py:76; src/application/xauusd_trading_strategy_1_vector/domain/robust.py:91; src/application/xauusd_trading_strategy_1_vector/domain/robust.py:106,PARTIAL,2026-09-30 source port: Immutable explicit replay input; default copied from MQ5 assignment. Strategy consumption uses MarketState/ExecutionReplay. Native-platform validation and missing-envelope constraints remain outside offline replay. Exact native run parity not yet demonstrated.,declaration
InpReversalHighOnly,RobustInputs.reversal_high_only,"mt5/XAUUSD_ROBUST_FINAL_LIVE_RCv2.mq5:1613,1873",mt5/XAUUSD_ROBUST_FINAL_LIVE_RCv2.mq5:76,src/application/xauusd_trading_strategy_1_vector/domain/robust.py:12; src/application/xauusd_trading_strategy_1_vector/domain/robust.py:66; src/application/xauusd_trading_strategy_1_vector/domain/robust.py:76; src/application/xauusd_trading_strategy_1_vector/domain/robust.py:91; src/application/xauusd_trading_strategy_1_vector/domain/robust.py:106,src/application/xauusd_trading_strategy_1_vector/domain/robust.py:12; src/application/xauusd_trading_strategy_1_vector/domain/robust.py:66; src/application/xauusd_trading_strategy_1_vector/domain/robust.py:76; src/application/xauusd_trading_strategy_1_vector/domain/robust.py:91; src/application/xauusd_trading_strategy_1_vector/domain/robust.py:106,PARTIAL,2026-09-30 source port: Immutable explicit replay input; default copied from MQ5 assignment. Strategy consumption uses MarketState/ExecutionReplay. Native-platform validation and missing-envelope constraints remain outside offline replay. Exact native run parity not yet demonstrated.,declaration
InpEnableNormalPullback,RobustInputs.normal_pullback,mt5/XAUUSD_ROBUST_FINAL_LIVE_RCv2.mq5:1585,mt5/XAUUSD_ROBUST_FINAL_LIVE_RCv2.mq5:77,src/application/xauusd_trading_strategy_1_vector/domain/robust.py:12; src/application/xauusd_trading_strategy_1_vector/domain/robust.py:66; src/application/xauusd_trading_strategy_1_vector/domain/robust.py:76; src/application/xauusd_trading_strategy_1_vector/domain/robust.py:91; src/application/xauusd_trading_strategy_1_vector/domain/robust.py:106,src/application/xauusd_trading_strategy_1_vector/domain/robust.py:12; src/application/xauusd_trading_strategy_1_vector/domain/robust.py:66; src/application/xauusd_trading_strategy_1_vector/domain/robust.py:76; src/application/xauusd_trading_strategy_1_vector/domain/robust.py:91; src/application/xauusd_trading_strategy_1_vector/domain/robust.py:106,PARTIAL,2026-09-30 source port: Immutable explicit replay input; default copied from MQ5 assignment. Strategy consumption uses MarketState/ExecutionReplay. Native-platform validation and missing-envelope constraints remain outside offline replay. Exact native run parity not yet demonstrated.,declaration
InpEnableHighPullback,RobustInputs.high_pullback,mt5/XAUUSD_ROBUST_FINAL_LIVE_RCv2.mq5:1584,mt5/XAUUSD_ROBUST_FINAL_LIVE_RCv2.mq5:78,src/application/xauusd_trading_strategy_1_vector/domain/robust.py:12; src/application/xauusd_trading_strategy_1_vector/domain/robust.py:66; src/application/xauusd_trading_strategy_1_vector/domain/robust.py:76; src/application/xauusd_trading_strategy_1_vector/domain/robust.py:91; src/application/xauusd_trading_strategy_1_vector/domain/robust.py:106,src/application/xauusd_trading_strategy_1_vector/domain/robust.py:12; src/application/xauusd_trading_strategy_1_vector/domain/robust.py:66; src/application/xauusd_trading_strategy_1_vector/domain/robust.py:76; src/application/xauusd_trading_strategy_1_vector/domain/robust.py:91; src/application/xauusd_trading_strategy_1_vector/domain/robust.py:106,PARTIAL,2026-09-30 source port: Immutable explicit replay input; default copied from MQ5 assignment. Strategy consumption uses MarketState/ExecutionReplay. Native-platform validation and missing-envelope constraints remain outside offline replay. Exact native run parity not yet demonstrated.,declaration
InpPullbackMinFreeSpaceUSD,RobustInputs.pullback_min_space,"mt5/XAUUSD_ROBUST_FINAL_LIVE_RCv2.mq5:1592,1593,2890",mt5/XAUUSD_ROBUST_FINAL_LIVE_RCv2.mq5:79,src/application/xauusd_trading_strategy_1_vector/domain/robust.py:12; src/application/xauusd_trading_strategy_1_vector/domain/robust.py:66; src/application/xauusd_trading_strategy_1_vector/domain/robust.py:76; src/application/xauusd_trading_strategy_1_vector/domain/robust.py:91; src/application/xauusd_trading_strategy_1_vector/domain/robust.py:106,src/application/xauusd_trading_strategy_1_vector/domain/robust.py:12; src/application/xauusd_trading_strategy_1_vector/domain/robust.py:66; src/application/xauusd_trading_strategy_1_vector/domain/robust.py:76; src/application/xauusd_trading_strategy_1_vector/domain/robust.py:91; src/application/xauusd_trading_strategy_1_vector/domain/robust.py:106,PARTIAL,2026-09-30 source port: Immutable explicit replay input; default copied from MQ5 assignment. Strategy consumption uses MarketState/ExecutionReplay. Native-platform validation and missing-envelope constraints remain outside offline replay. Exact native run parity not yet demonstrated.,declaration
InpHighReversalMinFreeSpaceUSD,RobustInputs.high_reversal_min_space,"mt5/XAUUSD_ROBUST_FINAL_LIVE_RCv2.mq5:1617,1618,2890",mt5/XAUUSD_ROBUST_FINAL_LIVE_RCv2.mq5:80,src/application/xauusd_trading_strategy_1_vector/domain/robust.py:12; src/application/xauusd_trading_strategy_1_vector/domain/robust.py:66; src/application/xauusd_trading_strategy_1_vector/domain/robust.py:76; src/application/xauusd_trading_strategy_1_vector/domain/robust.py:91; src/application/xauusd_trading_strategy_1_vector/domain/robust.py:106,src/application/xauusd_trading_strategy_1_vector/domain/robust.py:12; src/application/xauusd_trading_strategy_1_vector/domain/robust.py:66; src/application/xauusd_trading_strategy_1_vector/domain/robust.py:76; src/application/xauusd_trading_strategy_1_vector/domain/robust.py:91; src/application/xauusd_trading_strategy_1_vector/domain/robust.py:106,PARTIAL,2026-09-30 source port: Immutable explicit replay input; default copied from MQ5 assignment. Strategy consumption uses MarketState/ExecutionReplay. Native-platform validation and missing-envelope constraints remain outside offline replay. Exact native run parity not yet demonstrated.,declaration
InpNormalPullbackMaxPerDay,RobustInputs.normal_pullback_max,"mt5/XAUUSD_ROBUST_FINAL_LIVE_RCv2.mq5:1587,1588,2892",mt5/XAUUSD_ROBUST_FINAL_LIVE_RCv2.mq5:81,src/application/xauusd_trading_strategy_1_vector/domain/robust.py:12; src/application/xauusd_trading_strategy_1_vector/domain/robust.py:66; src/application/xauusd_trading_strategy_1_vector/domain/robust.py:76; src/application/xauusd_trading_strategy_1_vector/domain/robust.py:91; src/application/xauusd_trading_strategy_1_vector/domain/robust.py:106,src/application/xauusd_trading_strategy_1_vector/domain/robust.py:12; src/application/xauusd_trading_strategy_1_vector/domain/robust.py:66; src/application/xauusd_trading_strategy_1_vector/domain/robust.py:76; src/application/xauusd_trading_strategy_1_vector/domain/robust.py:91; src/application/xauusd_trading_strategy_1_vector/domain/robust.py:106,PARTIAL,2026-09-30 source port: Immutable explicit replay input; default copied from MQ5 assignment. Strategy consumption uses MarketState/ExecutionReplay. Native-platform validation and missing-envelope constraints remain outside offline replay. Exact native run parity not yet demonstrated.,declaration
InpHighPullbackMaxPerDay,RobustInputs.high_pullback_max,"mt5/XAUUSD_ROBUST_FINAL_LIVE_RCv2.mq5:1589,1590,2892",mt5/XAUUSD_ROBUST_FINAL_LIVE_RCv2.mq5:82,src/application/xauusd_trading_strategy_1_vector/domain/robust.py:12; src/application/xauusd_trading_strategy_1_vector/domain/robust.py:66; src/application/xauusd_trading_strategy_1_vector/domain/robust.py:76; src/application/xauusd_trading_strategy_1_vector/domain/robust.py:91; src/application/xauusd_trading_strategy_1_vector/domain/robust.py:106,src/application/xauusd_trading_strategy_1_vector/domain/robust.py:12; src/application/xauusd_trading_strategy_1_vector/domain/robust.py:66; src/application/xauusd_trading_strategy_1_vector/domain/robust.py:76; src/application/xauusd_trading_strategy_1_vector/domain/robust.py:91; src/application/xauusd_trading_strategy_1_vector/domain/robust.py:106,PARTIAL,2026-09-30 source port: Immutable explicit replay input; default copied from MQ5 assignment. Strategy consumption uses MarketState/ExecutionReplay. Native-platform validation and missing-envelope constraints remain outside offline replay. Exact native run parity not yet demonstrated.,declaration
InpHighReversalMaxPerDay,RobustInputs.high_reversal_max,"mt5/XAUUSD_ROBUST_FINAL_LIVE_RCv2.mq5:301,305,1874,1883,2854",mt5/XAUUSD_ROBUST_FINAL_LIVE_RCv2.mq5:83,src/application/xauusd_trading_strategy_1_vector/domain/robust.py:12; src/application/xauusd_trading_strategy_1_vector/domain/robust.py:66; src/application/xauusd_trading_strategy_1_vector/domain/robust.py:76; src/application/xauusd_trading_strategy_1_vector/domain/robust.py:91; src/application/xauusd_trading_strategy_1_vector/domain/robust.py:106,src/application/xauusd_trading_strategy_1_vector/domain/robust.py:12; src/application/xauusd_trading_strategy_1_vector/domain/robust.py:66; src/application/xauusd_trading_strategy_1_vector/domain/robust.py:76; src/application/xauusd_trading_strategy_1_vector/domain/robust.py:91; src/application/xauusd_trading_strategy_1_vector/domain/robust.py:106,PARTIAL,2026-09-30 source port: Immutable explicit replay input; default copied from MQ5 assignment. Strategy consumption uses MarketState/ExecutionReplay. Native-platform validation and missing-envelope constraints remain outside offline replay. Exact native run parity not yet demonstrated.,declaration
InpHighReversalSLMultiplier,RobustInputs.high_reversal_sl_multiplier,"mt5/XAUUSD_ROBUST_FINAL_LIVE_RCv2.mq5:1897,1908,1929,1948,2054,2854,2919",mt5/XAUUSD_ROBUST_FINAL_LIVE_RCv2.mq5:86,src/application/xauusd_trading_strategy_1_vector/domain/robust.py:12; src/application/xauusd_trading_strategy_1_vector/domain/robust.py:66; src/application/xauusd_trading_strategy_1_vector/domain/robust.py:76; src/application/xauusd_trading_strategy_1_vector/domain/robust.py:91; src/application/xauusd_trading_strategy_1_vector/domain/robust.py:106,src/application/xauusd_trading_strategy_1_vector/domain/robust.py:12; src/application/xauusd_trading_strategy_1_vector/domain/robust.py:66; src/application/xauusd_trading_strategy_1_vector/domain/robust.py:76; src/application/xauusd_trading_strategy_1_vector/domain/robust.py:91; src/application/xauusd_trading_strategy_1_vector/domain/robust.py:106,PARTIAL,2026-09-30 source port: Immutable explicit replay input; default copied from MQ5 assignment. Strategy consumption uses MarketState/ExecutionReplay. Native-platform validation and missing-envelope constraints remain outside offline replay. Exact native run parity not yet demonstrated.,declaration
InpBreakoutBufferUSD,RobustInputs.breakout_buffer,"mt5/XAUUSD_ROBUST_FINAL_LIVE_RCv2.mq5:2393,2394,2404,2891",mt5/XAUUSD_ROBUST_FINAL_LIVE_RCv2.mq5:87,src/application/xauusd_trading_strategy_1_vector/domain/robust.py:12; src/application/xauusd_trading_strategy_1_vector/domain/robust.py:66; src/application/xauusd_trading_strategy_1_vector/domain/robust.py:76; src/application/xauusd_trading_strategy_1_vector/domain/robust.py:91; src/application/xauusd_trading_strategy_1_vector/domain/robust.py:106,src/application/xauusd_trading_strategy_1_vector/domain/robust.py:12; src/application/xauusd_trading_strategy_1_vector/domain/robust.py:66; src/application/xauusd_trading_strategy_1_vector/domain/robust.py:76; src/application/xauusd_trading_strategy_1_vector/domain/robust.py:91; src/application/xauusd_trading_strategy_1_vector/domain/robust.py:106,PARTIAL,2026-09-30 source port: Immutable explicit replay input; default copied from MQ5 assignment. Strategy consumption uses MarketState/ExecutionReplay. Native-platform validation and missing-envelope constraints remain outside offline replay. Exact native run parity not yet demonstrated.,declaration
InpPullbackPenetrationUSD,RobustInputs.penetration,"mt5/XAUUSD_ROBUST_FINAL_LIVE_RCv2.mq5:2278,2279,2891",mt5/XAUUSD_ROBUST_FINAL_LIVE_RCv2.mq5:88,src/application/xauusd_trading_strategy_1_vector/domain/robust.py:12; src/application/xauusd_trading_strategy_1_vector/domain/robust.py:66; src/application/xauusd_trading_strategy_1_vector/domain/robust.py:76; src/application/xauusd_trading_strategy_1_vector/domain/robust.py:91; src/application/xauusd_trading_strategy_1_vector/domain/robust.py:106,src/application/xauusd_trading_strategy_1_vector/domain/robust.py:12; src/application/xauusd_trading_strategy_1_vector/domain/robust.py:66; src/application/xauusd_trading_strategy_1_vector/domain/robust.py:76; src/application/xauusd_trading_strategy_1_vector/domain/robust.py:91; src/application/xauusd_trading_strategy_1_vector/domain/robust.py:106,PARTIAL,2026-09-30 source port: Immutable explicit replay input; default copied from MQ5 assignment. Strategy consumption uses MarketState/ExecutionReplay. Native-platform validation and missing-envelope constraints remain outside offline replay. Exact native run parity not yet demonstrated.,declaration
InpPullbackWindowBars,RobustInputs.window_bars,"mt5/XAUUSD_ROBUST_FINAL_LIVE_RCv2.mq5:2165,2891",mt5/XAUUSD_ROBUST_FINAL_LIVE_RCv2.mq5:89,src/application/xauusd_trading_strategy_1_vector/domain/robust.py:12; src/application/xauusd_trading_strategy_1_vector/domain/robust.py:66; src/application/xauusd_trading_strategy_1_vector/domain/robust.py:76; src/application/xauusd_trading_strategy_1_vector/domain/robust.py:91; src/application/xauusd_trading_strategy_1_vector/domain/robust.py:106,src/application/xauusd_trading_strategy_1_vector/domain/robust.py:12; src/application/xauusd_trading_strategy_1_vector/domain/robust.py:66; src/application/xauusd_trading_strategy_1_vector/domain/robust.py:76; src/application/xauusd_trading_strategy_1_vector/domain/robust.py:91; src/application/xauusd_trading_strategy_1_vector/domain/robust.py:106,PARTIAL,2026-09-30 source port: Immutable explicit replay input; default copied from MQ5 assignment. Strategy consumption uses MarketState/ExecutionReplay. Native-platform validation and missing-envelope constraints remain outside offline replay. Exact native run parity not yet demonstrated.,declaration
InpEnableProfitProtection,RobustInputs.profit_protection,mt5/XAUUSD_ROBUST_FINAL_LIVE_RCv2.mq5:2551,mt5/XAUUSD_ROBUST_FINAL_LIVE_RCv2.mq5:90,src/application/xauusd_trading_strategy_1_vector/domain/robust.py:12; src/application/xauusd_trading_strategy_1_vector/domain/robust.py:66; src/application/xauusd_trading_strategy_1_vector/domain/robust.py:76; src/application/xauusd_trading_strategy_1_vector/domain/robust.py:91; src/application/xauusd_trading_strategy_1_vector/domain/robust.py:106,src/application/xauusd_trading_strategy_1_vector/domain/robust.py:12; src/application/xauusd_trading_strategy_1_vector/domain/robust.py:66; src/application/xauusd_trading_strategy_1_vector/domain/robust.py:76; src/application/xauusd_trading_strategy_1_vector/domain/robust.py:91; src/application/xauusd_trading_strategy_1_vector/domain/robust.py:106,PARTIAL,2026-09-30 source port: Immutable explicit replay input; default copied from MQ5 assignment. Strategy consumption uses MarketState/ExecutionReplay. Native-platform validation and missing-envelope constraints remain outside offline replay. Exact native run parity not yet demonstrated.,declaration
InpOneNewOrderPerCandle,RobustInputs.one_order_per_candle,mt5/XAUUSD_ROBUST_FINAL_LIVE_RCv2.mq5:1489,mt5/XAUUSD_ROBUST_FINAL_LIVE_RCv2.mq5:91,src/application/xauusd_trading_strategy_1_vector/domain/robust.py:12; src/application/xauusd_trading_strategy_1_vector/domain/robust.py:66; src/application/xauusd_trading_strategy_1_vector/domain/robust.py:76; src/application/xauusd_trading_strategy_1_vector/domain/robust.py:91; src/application/xauusd_trading_strategy_1_vector/domain/robust.py:106,src/application/xauusd_trading_strategy_1_vector/domain/robust.py:12; src/application/xauusd_trading_strategy_1_vector/domain/robust.py:66; src/application/xauusd_trading_strategy_1_vector/domain/robust.py:76; src/application/xauusd_trading_strategy_1_vector/domain/robust.py:91; src/application/xauusd_trading_strategy_1_vector/domain/robust.py:106,PARTIAL,2026-09-30 source port: Immutable explicit replay input; default copied from MQ5 assignment. Strategy consumption uses MarketState/ExecutionReplay. Native-platform validation and missing-envelope constraints remain outside offline replay. Exact native run parity not yet demonstrated.,declaration
InpSessionFlatMode,RobustInputs.session_mode,"mt5/XAUUSD_ROBUST_FINAL_LIVE_RCv2.mq5:446,447,531,536,541,542,665",mt5/XAUUSD_ROBUST_FINAL_LIVE_RCv2.mq5:94,src/application/xauusd_trading_strategy_1_vector/domain/robust.py:12; src/application/xauusd_trading_strategy_1_vector/domain/robust.py:66; src/application/xauusd_trading_strategy_1_vector/domain/robust.py:76; src/application/xauusd_trading_strategy_1_vector/domain/robust.py:91; src/application/xauusd_trading_strategy_1_vector/domain/robust.py:106,src/application/xauusd_trading_strategy_1_vector/domain/robust.py:12; src/application/xauusd_trading_strategy_1_vector/domain/robust.py:66; src/application/xauusd_trading_strategy_1_vector/domain/robust.py:76; src/application/xauusd_trading_strategy_1_vector/domain/robust.py:91; src/application/xauusd_trading_strategy_1_vector/domain/robust.py:106,PARTIAL,2026-09-30 source port: Immutable explicit replay input; default copied from MQ5 assignment. Strategy consumption uses MarketState/ExecutionReplay. Native-platform validation and missing-envelope constraints remain outside offline replay. Exact native run parity not yet demonstrated.,declaration
InpSessionPreCloseMinutes,RobustInputs.preclose_minutes,"mt5/XAUUSD_ROBUST_FINAL_LIVE_RCv2.mq5:670,678,2875,2919",mt5/XAUUSD_ROBUST_FINAL_LIVE_RCv2.mq5:95,src/application/xauusd_trading_strategy_1_vector/domain/robust.py:12; src/application/xauusd_trading_strategy_1_vector/domain/robust.py:66; src/application/xauusd_trading_strategy_1_vector/domain/robust.py:76; src/application/xauusd_trading_strategy_1_vector/domain/robust.py:91; src/application/xauusd_trading_strategy_1_vector/domain/robust.py:106,src/application/xauusd_trading_strategy_1_vector/domain/robust.py:12; src/application/xauusd_trading_strategy_1_vector/domain/robust.py:66; src/application/xauusd_trading_strategy_1_vector/domain/robust.py:76; src/application/xauusd_trading_strategy_1_vector/domain/robust.py:91; src/application/xauusd_trading_strategy_1_vector/domain/robust.py:106,PARTIAL,2026-09-30 source port: Immutable explicit replay input; default copied from MQ5 assignment. Strategy consumption uses MarketState/ExecutionReplay. Native-platform validation and missing-envelope constraints remain outside offline replay. Exact native run parity not yet demonstrated.,declaration
InpMaxLivePositions,RobustInputs.max_positions,"mt5/XAUUSD_ROBUST_FINAL_LIVE_RCv2.mq5:1485,1993,2727,2729,2880,2919",mt5/XAUUSD_ROBUST_FINAL_LIVE_RCv2.mq5:96,src/application/xauusd_trading_strategy_1_vector/domain/robust.py:12; src/application/xauusd_trading_strategy_1_vector/domain/robust.py:66; src/application/xauusd_trading_strategy_1_vector/domain/robust.py:76; src/application/xauusd_trading_strategy_1_vector/domain/robust.py:91; src/application/xauusd_trading_strategy_1_vector/domain/robust.py:106,src/application/xauusd_trading_strategy_1_vector/domain/robust.py:12; src/application/xauusd_trading_strategy_1_vector/domain/robust.py:66; src/application/xauusd_trading_strategy_1_vector/domain/robust.py:76; src/application/xauusd_trading_strategy_1_vector/domain/robust.py:91; src/application/xauusd_trading_strategy_1_vector/domain/robust.py:106,PARTIAL,2026-09-30 source port: Immutable explicit replay input; default copied from MQ5 assignment. Strategy consumption uses MarketState/ExecutionReplay. Native-platform validation and missing-envelope constraints remain outside offline replay. Exact native run parity not yet demonstrated.,declaration
InpPortfolioRiskMode,RobustInputs.risk_mode,"mt5/XAUUSD_ROBUST_FINAL_LIVE_RCv2.mq5:1639,1640,1659,1661,1742,1763,1787,1820,2035,2210,2357,2885",mt5/XAUUSD_ROBUST_FINAL_LIVE_RCv2.mq5:97,src/application/xauusd_trading_strategy_1_vector/domain/robust.py:12; src/application/xauusd_trading_strategy_1_vector/domain/robust.py:66; src/application/xauusd_trading_strategy_1_vector/domain/robust.py:76; src/application/xauusd_trading_strategy_1_vector/domain/robust.py:91; src/application/xauusd_trading_strategy_1_vector/domain/robust.py:106,src/application/xauusd_trading_strategy_1_vector/domain/robust.py:12; src/application/xauusd_trading_strategy_1_vector/domain/robust.py:66; src/application/xauusd_trading_strategy_1_vector/domain/robust.py:76; src/application/xauusd_trading_strategy_1_vector/domain/robust.py:91; src/application/xauusd_trading_strategy_1_vector/domain/robust.py:106,PARTIAL,2026-09-30 source port: Immutable explicit replay input; default copied from MQ5 assignment. Strategy consumption uses MarketState/ExecutionReplay. Native-platform validation and missing-envelope constraints remain outside offline replay. Exact native run parity not yet demonstrated.,declaration
InpPortfolioRiskBudgetPercent,RobustInputs.risk_percent,"mt5/XAUUSD_ROBUST_FINAL_LIVE_RCv2.mq5:1653,1654,1773,1828,2885,2919",mt5/XAUUSD_ROBUST_FINAL_LIVE_RCv2.mq5:98,src/application/xauusd_trading_strategy_1_vector/domain/robust.py:12; src/application/xauusd_trading_strategy_1_vector/domain/robust.py:66; src/application/xauusd_trading_strategy_1_vector/domain/robust.py:76; src/application/xauusd_trading_strategy_1_vector/domain/robust.py:91; src/application/xauusd_trading_strategy_1_vector/domain/robust.py:106,src/application/xauusd_trading_strategy_1_vector/domain/robust.py:12; src/application/xauusd_trading_strategy_1_vector/domain/robust.py:66; src/application/xauusd_trading_strategy_1_vector/domain/robust.py:76; src/application/xauusd_trading_strategy_1_vector/domain/robust.py:91; src/application/xauusd_trading_strategy_1_vector/domain/robust.py:106,PARTIAL,2026-09-30 source port: Immutable explicit replay input; default copied from MQ5 assignment. Strategy consumption uses MarketState/ExecutionReplay. Native-platform validation and missing-envelope constraints remain outside offline replay. Exact native run parity not yet demonstrated.,declaration
InpPortfolioRiskTelemetry,NOT_IMPLEMENTED,mt5/XAUUSD_ROBUST_FINAL_LIVE_RCv2.mq5:1780,mt5/XAUUSD_ROBUST_FINAL_LIVE_RCv2.mq5:99,NOT_IMPLEMENTED,NOT_IMPLEMENTED,ABSENT,Read-only input; declared default true. No equivalent active Python control; declaration does not prove missing-envelope enforcement.,declaration
InpTestDailyLossOverride,RobustInputs.daily_loss_override,"mt5/XAUUSD_ROBUST_FINAL_LIVE_RCv2.mq5:2656,2657,2666,2668,2674,2865",mt5/XAUUSD_ROBUST_FINAL_LIVE_RCv2.mq5:102,src/application/xauusd_trading_strategy_1_vector/domain/robust.py:12; src/application/xauusd_trading_strategy_1_vector/domain/robust.py:66; src/application/xauusd_trading_strategy_1_vector/domain/robust.py:76; src/application/xauusd_trading_strategy_1_vector/domain/robust.py:91; src/application/xauusd_trading_strategy_1_vector/domain/robust.py:106,src/application/xauusd_trading_strategy_1_vector/domain/robust.py:12; src/application/xauusd_trading_strategy_1_vector/domain/robust.py:66; src/application/xauusd_trading_strategy_1_vector/domain/robust.py:76; src/application/xauusd_trading_strategy_1_vector/domain/robust.py:91; src/application/xauusd_trading_strategy_1_vector/domain/robust.py:106,PARTIAL,2026-09-30 source port: Immutable explicit replay input; default copied from MQ5 assignment. Strategy consumption uses MarketState/ExecutionReplay. Native-platform validation and missing-envelope constraints remain outside offline replay. Exact native run parity not yet demonstrated.,declaration
InpTestDailyLossPercent,RobustInputs.daily_loss_percent,"mt5/XAUUSD_ROBUST_FINAL_LIVE_RCv2.mq5:2657,2865",mt5/XAUUSD_ROBUST_FINAL_LIVE_RCv2.mq5:103,src/application/xauusd_trading_strategy_1_vector/domain/robust.py:12; src/application/xauusd_trading_strategy_1_vector/domain/robust.py:66; src/application/xauusd_trading_strategy_1_vector/domain/robust.py:76; src/application/xauusd_trading_strategy_1_vector/domain/robust.py:91; src/application/xauusd_trading_strategy_1_vector/domain/robust.py:106,src/application/xauusd_trading_strategy_1_vector/domain/robust.py:12; src/application/xauusd_trading_strategy_1_vector/domain/robust.py:66; src/application/xauusd_trading_strategy_1_vector/domain/robust.py:76; src/application/xauusd_trading_strategy_1_vector/domain/robust.py:91; src/application/xauusd_trading_strategy_1_vector/domain/robust.py:106,PARTIAL,2026-09-30 source port: Immutable explicit replay input; default copied from MQ5 assignment. Strategy consumption uses MarketState/ExecutionReplay. Native-platform validation and missing-envelope constraints remain outside offline replay. Exact native run parity not yet demonstrated.,declaration
InpQADiscoveryMode,RobustInputs.qa_discovery,"mt5/XAUUSD_ROBUST_FINAL_LIVE_RCv2.mq5:1646,2004,2653,2661,2870",mt5/XAUUSD_ROBUST_FINAL_LIVE_RCv2.mq5:104,src/application/xauusd_trading_strategy_1_vector/domain/robust.py:12; src/application/xauusd_trading_strategy_1_vector/domain/robust.py:66; src/application/xauusd_trading_strategy_1_vector/domain/robust.py:76; src/application/xauusd_trading_strategy_1_vector/domain/robust.py:91; src/application/xauusd_trading_strategy_1_vector/domain/robust.py:106,src/application/xauusd_trading_strategy_1_vector/domain/robust.py:12; src/application/xauusd_trading_strategy_1_vector/domain/robust.py:66; src/application/xauusd_trading_strategy_1_vector/domain/robust.py:76; src/application/xauusd_trading_strategy_1_vector/domain/robust.py:91; src/application/xauusd_trading_strategy_1_vector/domain/robust.py:106,PARTIAL,2026-09-30 source port: Immutable explicit replay input; default copied from MQ5 assignment. Strategy consumption uses MarketState/ExecutionReplay. Native-platform validation and missing-envelope constraints remain outside offline replay. Exact native run parity not yet demonstrated.,declaration
InpQAStrategyCapitalBasis,RobustInputs.qa_capital,"mt5/XAUUSD_ROBUST_FINAL_LIVE_RCv2.mq5:1646,2653,2870",mt5/XAUUSD_ROBUST_FINAL_LIVE_RCv2.mq5:105,src/application/xauusd_trading_strategy_1_vector/domain/robust.py:12; src/application/xauusd_trading_strategy_1_vector/domain/robust.py:66; src/application/xauusd_trading_strategy_1_vector/domain/robust.py:76; src/application/xauusd_trading_strategy_1_vector/domain/robust.py:91; src/application/xauusd_trading_strategy_1_vector/domain/robust.py:106,src/application/xauusd_trading_strategy_1_vector/domain/robust.py:12; src/application/xauusd_trading_strategy_1_vector/domain/robust.py:66; src/application/xauusd_trading_strategy_1_vector/domain/robust.py:76; src/application/xauusd_trading_strategy_1_vector/domain/robust.py:91; src/application/xauusd_trading_strategy_1_vector/domain/robust.py:106,PARTIAL,2026-09-30 source port: Immutable explicit replay input; default copied from MQ5 assignment. Strategy consumption uses MarketState/ExecutionReplay. Native-platform validation and missing-envelope constraints remain outside offline replay. Exact native run parity not yet demonstrated.,declaration
InpFastValidationMode,NOT_IMPLEMENTED,mt5/XAUUSD_ROBUST_FINAL_LIVE_RCv2.mq5:394,mt5/XAUUSD_ROBUST_FINAL_LIVE_RCv2.mq5:106,NOT_IMPLEMENTED,NOT_IMPLEMENTED,ABSENT,Read-only input; declared default false. No equivalent active Python control; declaration does not prove missing-envelope enforcement.,declaration
InpMVPProfileTelemetry,NOT_IMPLEMENTED,"mt5/XAUUSD_ROBUST_FINAL_LIVE_RCv2.mq5:1988,1993,2047,2119,2230",mt5/XAUUSD_ROBUST_FINAL_LIVE_RCv2.mq5:107,NOT_IMPLEMENTED,NOT_IMPLEMENTED,ABSENT,Read-only input; declared default true. No equivalent active Python control; declaration does not prove missing-envelope enforcement.,declaration
InpSessionSafetyTelemetry,RobustInputs.session_safety_telemetry,"mt5/XAUUSD_ROBUST_FINAL_LIVE_RCv2.mq5:505,564,655",mt5/XAUUSD_ROBUST_FINAL_LIVE_RCv2.mq5:108,src/application/xauusd_trading_strategy_1_vector/domain/robust.py:12; src/application/xauusd_trading_strategy_1_vector/domain/robust.py:66; src/application/xauusd_trading_strategy_1_vector/domain/robust.py:76; src/application/xauusd_trading_strategy_1_vector/domain/robust.py:91; src/application/xauusd_trading_strategy_1_vector/domain/robust.py:106,src/application/xauusd_trading_strategy_1_vector/domain/robust.py:12; src/application/xauusd_trading_strategy_1_vector/domain/robust.py:66; src/application/xauusd_trading_strategy_1_vector/domain/robust.py:76; src/application/xauusd_trading_strategy_1_vector/domain/robust.py:91; src/application/xauusd_trading_strategy_1_vector/domain/robust.py:106,PARTIAL,Controls per-position carry audit key updates for explicit containing session windows; native journal/summary output is not replicated.,declaration
InpDebugVisual,NOT_IMPLEMENTED,mt5/XAUUSD_ROBUST_FINAL_LIVE_RCv2.mq5:808,mt5/XAUUSD_ROBUST_FINAL_LIVE_RCv2.mq5:109,NOT_IMPLEMENTED,NOT_IMPLEMENTED,ABSENT,Read-only input; declared default false. No equivalent active Python control; declaration does not prove missing-envelope enforcement.,declaration
InpShowZonesOnLiveChart,NOT_IMPLEMENTED,mt5/XAUUSD_ROBUST_FINAL_LIVE_RCv2.mq5:698,mt5/XAUUSD_ROBUST_FINAL_LIVE_RCv2.mq5:110,NOT_IMPLEMENTED,NOT_IMPLEMENTED,ABSENT,Read-only input; declared default false. No equivalent active Python control; declaration does not prove missing-envelope enforcement.,declaration
InpShowSignalTextOnLiveChart,NOT_IMPLEMENTED,mt5/XAUUSD_ROBUST_FINAL_LIVE_RCv2.mq5:705,mt5/XAUUSD_ROBUST_FINAL_LIVE_RCv2.mq5:111,NOT_IMPLEMENTED,NOT_IMPLEMENTED,ABSENT,Read-only input; declared default false. No equivalent active Python control; declaration does not prove missing-envelope enforcement.,declaration
InpCleanupVisualOnDeinit,NOT_IMPLEMENTED,mt5/XAUUSD_ROBUST_FINAL_LIVE_RCv2.mq5:2926,mt5/XAUUSD_ROBUST_FINAL_LIVE_RCv2.mq5:112,NOT_IMPLEMENTED,NOT_IMPLEMENTED,ABSENT,Read-only input; declared default false. No equivalent active Python control; declaration does not prove missing-envelope enforcement.,declaration
InpAllowSameDayFreshStart,RobustInputs.allow_same_day_fresh_start,mt5/XAUUSD_ROBUST_FINAL_LIVE_RCv2.mq5:1545,mt5/XAUUSD_ROBUST_FINAL_LIVE_RCv2.mq5:113,src/application/xauusd_trading_strategy_1_vector/domain/robust.py:12; src/application/xauusd_trading_strategy_1_vector/domain/robust.py:66; src/application/xauusd_trading_strategy_1_vector/domain/robust.py:76; src/application/xauusd_trading_strategy_1_vector/domain/robust.py:91; src/application/xauusd_trading_strategy_1_vector/domain/robust.py:106,src/application/xauusd_trading_strategy_1_vector/domain/robust.py:12; src/application/xauusd_trading_strategy_1_vector/domain/robust.py:66; src/application/xauusd_trading_strategy_1_vector/domain/robust.py:76; src/application/xauusd_trading_strategy_1_vector/domain/robust.py:91; src/application/xauusd_trading_strategy_1_vector/domain/robust.py:106,PARTIAL,2026-09-30 source port: Immutable explicit replay input; default copied from MQ5 assignment. Strategy consumption uses MarketState/ExecutionReplay. Native-platform validation and missing-envelope constraints remain outside offline replay. Exact native run parity not yet demonstrated.,declaration
InpMVPSimpleProfile,RobustInputs.legacy_profile,"mt5/XAUUSD_ROBUST_FINAL_LIVE_RCv2.mq5:290,291,292,293,297,302,303,304,1623,1626",mt5/XAUUSD_ROBUST_FINAL_LIVE_RCv2.mq5:117,src/application/xauusd_trading_strategy_1_vector/domain/robust.py:12; src/application/xauusd_trading_strategy_1_vector/domain/robust.py:66; src/application/xauusd_trading_strategy_1_vector/domain/robust.py:76; src/application/xauusd_trading_strategy_1_vector/domain/robust.py:91; src/application/xauusd_trading_strategy_1_vector/domain/robust.py:106,src/application/xauusd_trading_strategy_1_vector/domain/robust.py:12; src/application/xauusd_trading_strategy_1_vector/domain/robust.py:66; src/application/xauusd_trading_strategy_1_vector/domain/robust.py:76; src/application/xauusd_trading_strategy_1_vector/domain/robust.py:91; src/application/xauusd_trading_strategy_1_vector/domain/robust.py:106,PARTIAL,2026-09-30 source port: Immutable explicit replay input; default copied from MQ5 assignment. Strategy consumption uses MarketState/ExecutionReplay. Native-platform validation and missing-envelope constraints remain outside offline replay. Exact native run parity not yet demonstrated.,declaration
EA_MAGIC,NOT_IMPLEMENTED,"mt5/XAUUSD_ROBUST_FINAL_LIVE_RCv2.mq5:552,569,606,1354,1366,1478,1501,1506,1520,1530,1536,1693,1719,2427,2641,2689,2845",mt5/XAUUSD_ROBUST_FINAL_LIVE_RCv2.mq5:119,NOT_IMPLEMENTED,NOT_IMPLEMENTED,ABSENT,Read-only identity260911125 for trade setup and native filtering; replay stream ID is not native Magic.,declaration
trade,NOT_IMPLEMENTED,"mt5/XAUUSD_ROBUST_FINAL_LIVE_RCv2.mq5:554,555,557,558,628,629,633,634,636,1531,1537,1803,1805,1834,2062,2063,2068,2069,2149,2237,2238,2239,2244,2246,2249,2336,2337,2340,2343,2370,2371,2377,2529,2530,2535,2730,2845,2846","mt5/XAUUSD_ROBUST_FINAL_LIVE_RCv2.mq5:121,2845,2846",NOT_IMPLEMENTED,NOT_IMPLEMENTED,ABSENT,CTrade object configured at init and used for native send/delete/close/modify; offline replay has no CTrade counterpart.,declaration; ApprovedStrategyOnInit
RawZone.day,ZoneCache,NONE,mt5/XAUUSD_ROBUST_FINAL_LIVE_RCv2.mq5:975,src/application/xauusd_trading_strategy_1_vector/zone_cache.py:15; src/application/xauusd_trading_strategy_1_vector/zone_cache.py:19,src/application/xauusd_trading_strategy_1_vector/zone_cache.py:15; src/application/xauusd_trading_strategy_1_vector/zone_cache.py:19,PARTIAL,"2026-09-30 source port: Validated daily Python input, normalized bounds, same low-only swap sort, premerge R IDs, gap<1.5 merge and High priority. Python rejects malformed frames; MT5 logs/skips invalid rows. CSV note/raw-day telemetry has no full Python runtime equivalent. Exact native run parity not yet demonstrated.",LoadAllRawZones
RawZone.day_key,ZoneCache,mt5/XAUUSD_ROBUST_FINAL_LIVE_RCv2.mq5:1101,mt5/XAUUSD_ROBUST_FINAL_LIVE_RCv2.mq5:976,src/application/xauusd_trading_strategy_1_vector/zone_cache.py:15; src/application/xauusd_trading_strategy_1_vector/zone_cache.py:19,src/application/xauusd_trading_strategy_1_vector/zone_cache.py:15; src/application/xauusd_trading_strategy_1_vector/zone_cache.py:19,PARTIAL,"2026-09-30 source port: Validated daily Python input, normalized bounds, same low-only swap sort, premerge R IDs, gap<1.5 merge and High priority. Python rejects malformed frames; MT5 logs/skips invalid rows. CSV note/raw-day telemetry has no full Python runtime equivalent. Exact native run parity not yet demonstrated.",LoadAllRawZones
RawZone.low,ZoneCache,mt5/XAUUSD_ROBUST_FINAL_LIVE_RCv2.mq5:1105,mt5/XAUUSD_ROBUST_FINAL_LIVE_RCv2.mq5:977,src/application/xauusd_trading_strategy_1_vector/zone_cache.py:15; src/application/xauusd_trading_strategy_1_vector/zone_cache.py:19,src/application/xauusd_trading_strategy_1_vector/zone_cache.py:15; src/application/xauusd_trading_strategy_1_vector/zone_cache.py:19,PARTIAL,"2026-09-30 source port: Validated daily Python input, normalized bounds, same low-only swap sort, premerge R IDs, gap<1.5 merge and High priority. Python rejects malformed frames; MT5 logs/skips invalid rows. CSV note/raw-day telemetry has no full Python runtime equivalent. Exact native run parity not yet demonstrated.",LoadAllRawZones
RawZone.high,ZoneCache,mt5/XAUUSD_ROBUST_FINAL_LIVE_RCv2.mq5:1106,mt5/XAUUSD_ROBUST_FINAL_LIVE_RCv2.mq5:978,src/application/xauusd_trading_strategy_1_vector/zone_cache.py:15; src/application/xauusd_trading_strategy_1_vector/zone_cache.py:19,src/application/xauusd_trading_strategy_1_vector/zone_cache.py:15; src/application/xauusd_trading_strategy_1_vector/zone_cache.py:19,PARTIAL,"2026-09-30 source port: Validated daily Python input, normalized bounds, same low-only swap sort, premerge R IDs, gap<1.5 merge and High priority. Python rejects malformed frames; MT5 logs/skips invalid rows. CSV note/raw-day telemetry has no full Python runtime equivalent. Exact native run parity not yet demonstrated.",LoadAllRawZones
RawZone.priority,ZoneCache,mt5/XAUUSD_ROBUST_FINAL_LIVE_RCv2.mq5:1107,mt5/XAUUSD_ROBUST_FINAL_LIVE_RCv2.mq5:979,src/application/xauusd_trading_strategy_1_vector/zone_cache.py:15; src/application/xauusd_trading_strategy_1_vector/zone_cache.py:19,src/application/xauusd_trading_strategy_1_vector/zone_cache.py:15; src/application/xauusd_trading_strategy_1_vector/zone_cache.py:19,PARTIAL,"2026-09-30 source port: Validated daily Python input, normalized bounds, same low-only swap sort, premerge R IDs, gap<1.5 merge and High priority. Python rejects malformed frames; MT5 logs/skips invalid rows. CSV note/raw-day telemetry has no full Python runtime equivalent. Exact native run parity not yet demonstrated.",LoadAllRawZones
RawZone.note,ZoneCache,NONE,mt5/XAUUSD_ROBUST_FINAL_LIVE_RCv2.mq5:980,src/application/xauusd_trading_strategy_1_vector/zone_cache.py:15; src/application/xauusd_trading_strategy_1_vector/zone_cache.py:19,src/application/xauusd_trading_strategy_1_vector/zone_cache.py:15; src/application/xauusd_trading_strategy_1_vector/zone_cache.py:19,PARTIAL,"2026-09-30 source port: Validated daily Python input, normalized bounds, same low-only swap sort, premerge R IDs, gap<1.5 merge and High priority. Python rejects malformed frames; MT5 logs/skips invalid rows. CSV note/raw-day telemetry has no full Python runtime equivalent. Exact native run parity not yet demonstrated.",LoadAllRawZones
ZoneRuntime.day_key,XauDailyZoneSignalState,NONE,mt5/XAUUSD_ROBUST_FINAL_LIVE_RCv2.mq5:1103,src/application/xauusd_trading_strategy_1_vector/market.py:32; src/application/xauusd_trading_strategy_1_vector/market.py:42; src/application/xauusd_trading_strategy_1_vector/market.py:53; src/application/xauusd_trading_strategy_1_vector/market.py:95; src/application/xauusd_trading_strategy_1_vector/market.py:163; src/application/xauusd_trading_strategy_1_vector/replay.py:142; src/application/xauusd_trading_strategy_1_vector/replay.py:168; src/application/xauusd_trading_strategy_1_vector/replay.py:199; src/application/xauusd_trading_strategy_1_vector/replay.py:250; src/application/xauusd_trading_strategy_1_vector/replay.py:300; src/application/xauusd_trading_strategy_1_vector/replay.py:445; src/application/xauusd_trading_strategy_1_vector/replay.py:535; src/application/xauusd_trading_strategy_1_vector/replay.py:703,src/application/xauusd_trading_strategy_1_vector/market.py:32; src/application/xauusd_trading_strategy_1_vector/market.py:42; src/application/xauusd_trading_strategy_1_vector/market.py:53; src/application/xauusd_trading_strategy_1_vector/market.py:95; src/application/xauusd_trading_strategy_1_vector/market.py:163; src/application/xauusd_trading_strategy_1_vector/replay.py:142; src/application/xauusd_trading_strategy_1_vector/replay.py:168; src/application/xauusd_trading_strategy_1_vector/replay.py:199; src/application/xauusd_trading_strategy_1_vector/replay.py:250; src/application/xauusd_trading_strategy_1_vector/replay.py:300; src/application/xauusd_trading_strategy_1_vector/replay.py:445; src/application/xauusd_trading_strategy_1_vector/replay.py:535; src/application/xauusd_trading_strategy_1_vector/replay.py:703,PARTIAL,"2026-09-30 source port: Daily geometry/quotas reset on day change; engagement resets from native open then latches crossings; previous Bid persists. Reversal side/bar slot claimed before entry gates; actual replay fills increment separate counters, exits update usage enum. Snapshot maps each corresponding field in trace.shared_trace. Exact native run parity not yet demonstrated.",LoadZonesForDay
ZoneRuntime.id,XauDailyZoneSignalState,"mt5/XAUUSD_ROBUST_FINAL_LIVE_RCv2.mq5:343,1021,1023,1042,1044,1084,1131,1183,1215,1220,1254,1272,1282,1915,1936,1946,1988,1993,2013,2014,2018,2031,2032,2041,2047,2051,2056,2057,2058,2060,2068,2069,2084,2090,2119,2122,2124,2131,2141,2142,2363,2367,2369,2376,2400,2401,2402,2407","mt5/XAUUSD_ROBUST_FINAL_LIVE_RCv2.mq5:1021,1104,1118",src/application/xauusd_trading_strategy_1_vector/market.py:32; src/application/xauusd_trading_strategy_1_vector/market.py:42; src/application/xauusd_trading_strategy_1_vector/market.py:53; src/application/xauusd_trading_strategy_1_vector/market.py:95; src/application/xauusd_trading_strategy_1_vector/market.py:163; src/application/xauusd_trading_strategy_1_vector/replay.py:142; src/application/xauusd_trading_strategy_1_vector/replay.py:168; src/application/xauusd_trading_strategy_1_vector/replay.py:199; src/application/xauusd_trading_strategy_1_vector/replay.py:250; src/application/xauusd_trading_strategy_1_vector/replay.py:300; src/application/xauusd_trading_strategy_1_vector/replay.py:445; src/application/xauusd_trading_strategy_1_vector/replay.py:535; src/application/xauusd_trading_strategy_1_vector/replay.py:703,src/application/xauusd_trading_strategy_1_vector/market.py:32; src/application/xauusd_trading_strategy_1_vector/market.py:42; src/application/xauusd_trading_strategy_1_vector/market.py:53; src/application/xauusd_trading_strategy_1_vector/market.py:95; src/application/xauusd_trading_strategy_1_vector/market.py:163; src/application/xauusd_trading_strategy_1_vector/replay.py:142; src/application/xauusd_trading_strategy_1_vector/replay.py:168; src/application/xauusd_trading_strategy_1_vector/replay.py:199; src/application/xauusd_trading_strategy_1_vector/replay.py:250; src/application/xauusd_trading_strategy_1_vector/replay.py:300; src/application/xauusd_trading_strategy_1_vector/replay.py:445; src/application/xauusd_trading_strategy_1_vector/replay.py:535; src/application/xauusd_trading_strategy_1_vector/replay.py:703,PARTIAL,"2026-09-30 source port: Daily geometry/quotas reset on day change; engagement resets from native open then latches crossings; previous Bid persists. Reversal side/bar slot claimed before entry gates; actual replay fills increment separate counters, exits update usage enum. Snapshot maps each corresponding field in trace.shared_trace. Exact native run parity not yet demonstrated.",LoadZonesForDay; MergeZones
ZoneRuntime.low,XauDailyZoneSignalState,"mt5/XAUUSD_ROBUST_FINAL_LIVE_RCv2.mq5:345,346,993,1015,1018,1019,1023,1045,1049,1059,1080,1085,1180,1193,1205,1212,1251,1253,1264,1569,1572,1912,1914,1925,2081,2132,2394,2404","mt5/XAUUSD_ROBUST_FINAL_LIVE_RCv2.mq5:1019,1105",src/application/xauusd_trading_strategy_1_vector/market.py:32; src/application/xauusd_trading_strategy_1_vector/market.py:42; src/application/xauusd_trading_strategy_1_vector/market.py:53; src/application/xauusd_trading_strategy_1_vector/market.py:95; src/application/xauusd_trading_strategy_1_vector/market.py:163; src/application/xauusd_trading_strategy_1_vector/replay.py:142; src/application/xauusd_trading_strategy_1_vector/replay.py:168; src/application/xauusd_trading_strategy_1_vector/replay.py:199; src/application/xauusd_trading_strategy_1_vector/replay.py:250; src/application/xauusd_trading_strategy_1_vector/replay.py:300; src/application/xauusd_trading_strategy_1_vector/replay.py:445; src/application/xauusd_trading_strategy_1_vector/replay.py:535; src/application/xauusd_trading_strategy_1_vector/replay.py:703,src/application/xauusd_trading_strategy_1_vector/market.py:32; src/application/xauusd_trading_strategy_1_vector/market.py:42; src/application/xauusd_trading_strategy_1_vector/market.py:53; src/application/xauusd_trading_strategy_1_vector/market.py:95; src/application/xauusd_trading_strategy_1_vector/market.py:163; src/application/xauusd_trading_strategy_1_vector/replay.py:142; src/application/xauusd_trading_strategy_1_vector/replay.py:168; src/application/xauusd_trading_strategy_1_vector/replay.py:199; src/application/xauusd_trading_strategy_1_vector/replay.py:250; src/application/xauusd_trading_strategy_1_vector/replay.py:300; src/application/xauusd_trading_strategy_1_vector/replay.py:445; src/application/xauusd_trading_strategy_1_vector/replay.py:535; src/application/xauusd_trading_strategy_1_vector/replay.py:703,PARTIAL,"2026-09-30 source port: Daily geometry/quotas reset on day change; engagement resets from native open then latches crossings; previous Bid persists. Reversal side/bar slot claimed before entry gates; actual replay fills increment separate counters, exits update usage enum. Snapshot maps each corresponding field in trace.shared_trace. Exact native run parity not yet demonstrated.",LoadZonesForDay; MergeZones
ZoneRuntime.high,XauDailyZoneSignalState,"mt5/XAUUSD_ROBUST_FINAL_LIVE_RCv2.mq5:345,346,1015,1018,1020,1023,1046,1049,1070,1080,1085,1180,1194,1205,1217,1246,1269,1271,1569,1572,1904,1933,1935,2087,2133,2393,2404","mt5/XAUUSD_ROBUST_FINAL_LIVE_RCv2.mq5:1020,1106",src/application/xauusd_trading_strategy_1_vector/market.py:32; src/application/xauusd_trading_strategy_1_vector/market.py:42; src/application/xauusd_trading_strategy_1_vector/market.py:53; src/application/xauusd_trading_strategy_1_vector/market.py:95; src/application/xauusd_trading_strategy_1_vector/market.py:163; src/application/xauusd_trading_strategy_1_vector/replay.py:142; src/application/xauusd_trading_strategy_1_vector/replay.py:168; src/application/xauusd_trading_strategy_1_vector/replay.py:199; src/application/xauusd_trading_strategy_1_vector/replay.py:250; src/application/xauusd_trading_strategy_1_vector/replay.py:300; src/application/xauusd_trading_strategy_1_vector/replay.py:445; src/application/xauusd_trading_strategy_1_vector/replay.py:535; src/application/xauusd_trading_strategy_1_vector/replay.py:703,src/application/xauusd_trading_strategy_1_vector/market.py:32; src/application/xauusd_trading_strategy_1_vector/market.py:42; src/application/xauusd_trading_strategy_1_vector/market.py:53; src/application/xauusd_trading_strategy_1_vector/market.py:95; src/application/xauusd_trading_strategy_1_vector/market.py:163; src/application/xauusd_trading_strategy_1_vector/replay.py:142; src/application/xauusd_trading_strategy_1_vector/replay.py:168; src/application/xauusd_trading_strategy_1_vector/replay.py:199; src/application/xauusd_trading_strategy_1_vector/replay.py:250; src/application/xauusd_trading_strategy_1_vector/replay.py:300; src/application/xauusd_trading_strategy_1_vector/replay.py:445; src/application/xauusd_trading_strategy_1_vector/replay.py:535; src/application/xauusd_trading_strategy_1_vector/replay.py:703,PARTIAL,"2026-09-30 source port: Daily geometry/quotas reset on day change; engagement resets from native open then latches crossings; previous Bid persists. Reversal side/bar slot claimed before entry gates; actual replay fills increment separate counters, exits update usage enum. Snapshot maps each corresponding field in trace.shared_trace. Exact native run parity not yet demonstrated.",LoadZonesForDay; MergeZones
ZoneRuntime.priority,XauDailyZoneSignalState,"mt5/XAUUSD_ROBUST_FINAL_LIVE_RCv2.mq5:1022,1041,1044,1582,1598,1612,1625,1863","mt5/XAUUSD_ROBUST_FINAL_LIVE_RCv2.mq5:1022,1107",src/application/xauusd_trading_strategy_1_vector/market.py:32; src/application/xauusd_trading_strategy_1_vector/market.py:42; src/application/xauusd_trading_strategy_1_vector/market.py:53; src/application/xauusd_trading_strategy_1_vector/market.py:95; src/application/xauusd_trading_strategy_1_vector/market.py:163; src/application/xauusd_trading_strategy_1_vector/replay.py:142; src/application/xauusd_trading_strategy_1_vector/replay.py:168; src/application/xauusd_trading_strategy_1_vector/replay.py:199; src/application/xauusd_trading_strategy_1_vector/replay.py:250; src/application/xauusd_trading_strategy_1_vector/replay.py:300; src/application/xauusd_trading_strategy_1_vector/replay.py:445; src/application/xauusd_trading_strategy_1_vector/replay.py:535; src/application/xauusd_trading_strategy_1_vector/replay.py:703,src/application/xauusd_trading_strategy_1_vector/market.py:32; src/application/xauusd_trading_strategy_1_vector/market.py:42; src/application/xauusd_trading_strategy_1_vector/market.py:53; src/application/xauusd_trading_strategy_1_vector/market.py:95; src/application/xauusd_trading_strategy_1_vector/market.py:163; src/application/xauusd_trading_strategy_1_vector/replay.py:142; src/application/xauusd_trading_strategy_1_vector/replay.py:168; src/application/xauusd_trading_strategy_1_vector/replay.py:199; src/application/xauusd_trading_strategy_1_vector/replay.py:250; src/application/xauusd_trading_strategy_1_vector/replay.py:300; src/application/xauusd_trading_strategy_1_vector/replay.py:445; src/application/xauusd_trading_strategy_1_vector/replay.py:535; src/application/xauusd_trading_strategy_1_vector/replay.py:703,PARTIAL,"2026-09-30 source port: Daily geometry/quotas reset on day change; engagement resets from native open then latches crossings; previous Bid persists. Reversal side/bar slot claimed before entry gates; actual replay fills increment separate counters, exits update usage enum. Snapshot maps each corresponding field in trace.shared_trace. Exact native run parity not yet demonstrated.",LoadZonesForDay; MergeZones
ZoneRuntime.engaged_buy,XauDailyZoneSignalState,"mt5/XAUUSD_ROBUST_FINAL_LIVE_RCv2.mq5:1181,1182,1212,2393","mt5/XAUUSD_ROBUST_FINAL_LIVE_RCv2.mq5:1108,1180,1207,1214",src/application/xauusd_trading_strategy_1_vector/market.py:32; src/application/xauusd_trading_strategy_1_vector/market.py:42; src/application/xauusd_trading_strategy_1_vector/market.py:53; src/application/xauusd_trading_strategy_1_vector/market.py:95; src/application/xauusd_trading_strategy_1_vector/market.py:163; src/application/xauusd_trading_strategy_1_vector/replay.py:142; src/application/xauusd_trading_strategy_1_vector/replay.py:168; src/application/xauusd_trading_strategy_1_vector/replay.py:199; src/application/xauusd_trading_strategy_1_vector/replay.py:250; src/application/xauusd_trading_strategy_1_vector/replay.py:300; src/application/xauusd_trading_strategy_1_vector/replay.py:445; src/application/xauusd_trading_strategy_1_vector/replay.py:535; src/application/xauusd_trading_strategy_1_vector/replay.py:703,src/application/xauusd_trading_strategy_1_vector/market.py:32; src/application/xauusd_trading_strategy_1_vector/market.py:42; src/application/xauusd_trading_strategy_1_vector/market.py:53; src/application/xauusd_trading_strategy_1_vector/market.py:95; src/application/xauusd_trading_strategy_1_vector/market.py:163; src/application/xauusd_trading_strategy_1_vector/replay.py:142; src/application/xauusd_trading_strategy_1_vector/replay.py:168; src/application/xauusd_trading_strategy_1_vector/replay.py:199; src/application/xauusd_trading_strategy_1_vector/replay.py:250; src/application/xauusd_trading_strategy_1_vector/replay.py:300; src/application/xauusd_trading_strategy_1_vector/replay.py:445; src/application/xauusd_trading_strategy_1_vector/replay.py:535; src/application/xauusd_trading_strategy_1_vector/replay.py:703,PARTIAL,"2026-09-30 source port: Daily geometry/quotas reset on day change; engagement resets from native open then latches crossings; previous Bid persists. Reversal side/bar slot claimed before entry gates; actual replay fills increment separate counters, exits update usage enum. Snapshot maps each corresponding field in trace.shared_trace. Exact native run parity not yet demonstrated.",LoadZonesForDay; ResetEngagementForCurrentBar; UpdateZoneEngagement
ZoneRuntime.engaged_sell,XauDailyZoneSignalState,"mt5/XAUUSD_ROBUST_FINAL_LIVE_RCv2.mq5:1217,2394","mt5/XAUUSD_ROBUST_FINAL_LIVE_RCv2.mq5:1109,1181,1208,1219",src/application/xauusd_trading_strategy_1_vector/market.py:32; src/application/xauusd_trading_strategy_1_vector/market.py:42; src/application/xauusd_trading_strategy_1_vector/market.py:53; src/application/xauusd_trading_strategy_1_vector/market.py:95; src/application/xauusd_trading_strategy_1_vector/market.py:163; src/application/xauusd_trading_strategy_1_vector/replay.py:142; src/application/xauusd_trading_strategy_1_vector/replay.py:168; src/application/xauusd_trading_strategy_1_vector/replay.py:199; src/application/xauusd_trading_strategy_1_vector/replay.py:250; src/application/xauusd_trading_strategy_1_vector/replay.py:300; src/application/xauusd_trading_strategy_1_vector/replay.py:445; src/application/xauusd_trading_strategy_1_vector/replay.py:535; src/application/xauusd_trading_strategy_1_vector/replay.py:703,src/application/xauusd_trading_strategy_1_vector/market.py:32; src/application/xauusd_trading_strategy_1_vector/market.py:42; src/application/xauusd_trading_strategy_1_vector/market.py:53; src/application/xauusd_trading_strategy_1_vector/market.py:95; src/application/xauusd_trading_strategy_1_vector/market.py:163; src/application/xauusd_trading_strategy_1_vector/replay.py:142; src/application/xauusd_trading_strategy_1_vector/replay.py:168; src/application/xauusd_trading_strategy_1_vector/replay.py:199; src/application/xauusd_trading_strategy_1_vector/replay.py:250; src/application/xauusd_trading_strategy_1_vector/replay.py:300; src/application/xauusd_trading_strategy_1_vector/replay.py:445; src/application/xauusd_trading_strategy_1_vector/replay.py:535; src/application/xauusd_trading_strategy_1_vector/replay.py:703,PARTIAL,"2026-09-30 source port: Daily geometry/quotas reset on day change; engagement resets from native open then latches crossings; previous Bid persists. Reversal side/bar slot claimed before entry gates; actual replay fills increment separate counters, exits update usage enum. Snapshot maps each corresponding field in trace.shared_trace. Exact native run parity not yet demonstrated.",LoadZonesForDay; ResetEngagementForCurrentBar; UpdateZoneEngagement
ZoneRuntime.reversal_usage,XauDailyZoneSignalState,NONE,"mt5/XAUUSD_ROBUST_FINAL_LIVE_RCv2.mq5:1110,1391,1403,1409",src/application/xauusd_trading_strategy_1_vector/market.py:32; src/application/xauusd_trading_strategy_1_vector/market.py:42; src/application/xauusd_trading_strategy_1_vector/market.py:53; src/application/xauusd_trading_strategy_1_vector/market.py:95; src/application/xauusd_trading_strategy_1_vector/market.py:163; src/application/xauusd_trading_strategy_1_vector/replay.py:142; src/application/xauusd_trading_strategy_1_vector/replay.py:168; src/application/xauusd_trading_strategy_1_vector/replay.py:199; src/application/xauusd_trading_strategy_1_vector/replay.py:250; src/application/xauusd_trading_strategy_1_vector/replay.py:300; src/application/xauusd_trading_strategy_1_vector/replay.py:445; src/application/xauusd_trading_strategy_1_vector/replay.py:535; src/application/xauusd_trading_strategy_1_vector/replay.py:703,src/application/xauusd_trading_strategy_1_vector/market.py:32; src/application/xauusd_trading_strategy_1_vector/market.py:42; src/application/xauusd_trading_strategy_1_vector/market.py:53; src/application/xauusd_trading_strategy_1_vector/market.py:95; src/application/xauusd_trading_strategy_1_vector/market.py:163; src/application/xauusd_trading_strategy_1_vector/replay.py:142; src/application/xauusd_trading_strategy_1_vector/replay.py:168; src/application/xauusd_trading_strategy_1_vector/replay.py:199; src/application/xauusd_trading_strategy_1_vector/replay.py:250; src/application/xauusd_trading_strategy_1_vector/replay.py:300; src/application/xauusd_trading_strategy_1_vector/replay.py:445; src/application/xauusd_trading_strategy_1_vector/replay.py:535; src/application/xauusd_trading_strategy_1_vector/replay.py:703,PARTIAL,"2026-09-30 source port: Daily geometry/quotas reset on day change; engagement resets from native open then latches crossings; previous Bid persists. Reversal side/bar slot claimed before entry gates; actual replay fills increment separate counters, exits update usage enum. Snapshot maps each corresponding field in trace.shared_trace. Exact native run parity not yet demonstrated.",LoadZonesForDay; MarkZoneUsageActive; MarkZoneUsageConsumed
ZoneRuntime.reversal_fill_count,XauDailyZoneSignalState,"mt5/XAUUSD_ROBUST_FINAL_LIVE_RCv2.mq5:1400,1457,2001,2002,2012,2019","mt5/XAUUSD_ROBUST_FINAL_LIVE_RCv2.mq5:1111,1457",src/application/xauusd_trading_strategy_1_vector/market.py:32; src/application/xauusd_trading_strategy_1_vector/market.py:42; src/application/xauusd_trading_strategy_1_vector/market.py:53; src/application/xauusd_trading_strategy_1_vector/market.py:95; src/application/xauusd_trading_strategy_1_vector/market.py:163; src/application/xauusd_trading_strategy_1_vector/replay.py:142; src/application/xauusd_trading_strategy_1_vector/replay.py:168; src/application/xauusd_trading_strategy_1_vector/replay.py:199; src/application/xauusd_trading_strategy_1_vector/replay.py:250; src/application/xauusd_trading_strategy_1_vector/replay.py:300; src/application/xauusd_trading_strategy_1_vector/replay.py:445; src/application/xauusd_trading_strategy_1_vector/replay.py:535; src/application/xauusd_trading_strategy_1_vector/replay.py:703,src/application/xauusd_trading_strategy_1_vector/market.py:32; src/application/xauusd_trading_strategy_1_vector/market.py:42; src/application/xauusd_trading_strategy_1_vector/market.py:53; src/application/xauusd_trading_strategy_1_vector/market.py:95; src/application/xauusd_trading_strategy_1_vector/market.py:163; src/application/xauusd_trading_strategy_1_vector/replay.py:142; src/application/xauusd_trading_strategy_1_vector/replay.py:168; src/application/xauusd_trading_strategy_1_vector/replay.py:199; src/application/xauusd_trading_strategy_1_vector/replay.py:250; src/application/xauusd_trading_strategy_1_vector/replay.py:300; src/application/xauusd_trading_strategy_1_vector/replay.py:445; src/application/xauusd_trading_strategy_1_vector/replay.py:535; src/application/xauusd_trading_strategy_1_vector/replay.py:703,PARTIAL,"2026-09-30 source port: Daily geometry/quotas reset on day change; engagement resets from native open then latches crossings; previous Bid persists. Reversal side/bar slot claimed before entry gates; actual replay fills increment separate counters, exits update usage enum. Snapshot maps each corresponding field in trace.shared_trace. Exact native run parity not yet demonstrated.",AddPositionTrack; LoadZonesForDay
ZoneRuntime.pullback_fill_count,XauDailyZoneSignalState,"mt5/XAUUSD_ROBUST_FINAL_LIVE_RCv2.mq5:1462,1586,1599","mt5/XAUUSD_ROBUST_FINAL_LIVE_RCv2.mq5:1112,1462",src/application/xauusd_trading_strategy_1_vector/market.py:32; src/application/xauusd_trading_strategy_1_vector/market.py:42; src/application/xauusd_trading_strategy_1_vector/market.py:53; src/application/xauusd_trading_strategy_1_vector/market.py:95; src/application/xauusd_trading_strategy_1_vector/market.py:163; src/application/xauusd_trading_strategy_1_vector/replay.py:142; src/application/xauusd_trading_strategy_1_vector/replay.py:168; src/application/xauusd_trading_strategy_1_vector/replay.py:199; src/application/xauusd_trading_strategy_1_vector/replay.py:250; src/application/xauusd_trading_strategy_1_vector/replay.py:300; src/application/xauusd_trading_strategy_1_vector/replay.py:445; src/application/xauusd_trading_strategy_1_vector/replay.py:535; src/application/xauusd_trading_strategy_1_vector/replay.py:703,src/application/xauusd_trading_strategy_1_vector/market.py:32; src/application/xauusd_trading_strategy_1_vector/market.py:42; src/application/xauusd_trading_strategy_1_vector/market.py:53; src/application/xauusd_trading_strategy_1_vector/market.py:95; src/application/xauusd_trading_strategy_1_vector/market.py:163; src/application/xauusd_trading_strategy_1_vector/replay.py:142; src/application/xauusd_trading_strategy_1_vector/replay.py:168; src/application/xauusd_trading_strategy_1_vector/replay.py:199; src/application/xauusd_trading_strategy_1_vector/replay.py:250; src/application/xauusd_trading_strategy_1_vector/replay.py:300; src/application/xauusd_trading_strategy_1_vector/replay.py:445; src/application/xauusd_trading_strategy_1_vector/replay.py:535; src/application/xauusd_trading_strategy_1_vector/replay.py:703,PARTIAL,"2026-09-30 source port: Daily geometry/quotas reset on day change; engagement resets from native open then latches crossings; previous Bid persists. Reversal side/bar slot claimed before entry gates; actual replay fills increment separate counters, exits update usage enum. Snapshot maps each corresponding field in trace.shared_trace. Exact native run parity not yet demonstrated.",AddPositionTrack; LoadZonesForDay
ZoneRuntime.last_reversal_buy_signal_bar,XauDailyZoneSignalState,mt5/XAUUSD_ROBUST_FINAL_LIVE_RCv2.mq5:1849,"mt5/XAUUSD_ROBUST_FINAL_LIVE_RCv2.mq5:1113,1850",src/application/xauusd_trading_strategy_1_vector/market.py:32; src/application/xauusd_trading_strategy_1_vector/market.py:42; src/application/xauusd_trading_strategy_1_vector/market.py:53; src/application/xauusd_trading_strategy_1_vector/market.py:95; src/application/xauusd_trading_strategy_1_vector/market.py:163; src/application/xauusd_trading_strategy_1_vector/replay.py:142; src/application/xauusd_trading_strategy_1_vector/replay.py:168; src/application/xauusd_trading_strategy_1_vector/replay.py:199; src/application/xauusd_trading_strategy_1_vector/replay.py:250; src/application/xauusd_trading_strategy_1_vector/replay.py:300; src/application/xauusd_trading_strategy_1_vector/replay.py:445; src/application/xauusd_trading_strategy_1_vector/replay.py:535; src/application/xauusd_trading_strategy_1_vector/replay.py:703,src/application/xauusd_trading_strategy_1_vector/market.py:32; src/application/xauusd_trading_strategy_1_vector/market.py:42; src/application/xauusd_trading_strategy_1_vector/market.py:53; src/application/xauusd_trading_strategy_1_vector/market.py:95; src/application/xauusd_trading_strategy_1_vector/market.py:163; src/application/xauusd_trading_strategy_1_vector/replay.py:142; src/application/xauusd_trading_strategy_1_vector/replay.py:168; src/application/xauusd_trading_strategy_1_vector/replay.py:199; src/application/xauusd_trading_strategy_1_vector/replay.py:250; src/application/xauusd_trading_strategy_1_vector/replay.py:300; src/application/xauusd_trading_strategy_1_vector/replay.py:445; src/application/xauusd_trading_strategy_1_vector/replay.py:535; src/application/xauusd_trading_strategy_1_vector/replay.py:703,PARTIAL,"2026-09-30 source port: Daily geometry/quotas reset on day change; engagement resets from native open then latches crossings; previous Bid persists. Reversal side/bar slot claimed before entry gates; actual replay fills increment separate counters, exits update usage enum. Snapshot maps each corresponding field in trace.shared_trace. Exact native run parity not yet demonstrated.",ClaimReversalSignalSlot; LoadZonesForDay
ZoneRuntime.last_reversal_sell_signal_bar,XauDailyZoneSignalState,mt5/XAUUSD_ROBUST_FINAL_LIVE_RCv2.mq5:1854,"mt5/XAUUSD_ROBUST_FINAL_LIVE_RCv2.mq5:1114,1855",src/application/xauusd_trading_strategy_1_vector/market.py:32; src/application/xauusd_trading_strategy_1_vector/market.py:42; src/application/xauusd_trading_strategy_1_vector/market.py:53; src/application/xauusd_trading_strategy_1_vector/market.py:95; src/application/xauusd_trading_strategy_1_vector/market.py:163; src/application/xauusd_trading_strategy_1_vector/replay.py:142; src/application/xauusd_trading_strategy_1_vector/replay.py:168; src/application/xauusd_trading_strategy_1_vector/replay.py:199; src/application/xauusd_trading_strategy_1_vector/replay.py:250; src/application/xauusd_trading_strategy_1_vector/replay.py:300; src/application/xauusd_trading_strategy_1_vector/replay.py:445; src/application/xauusd_trading_strategy_1_vector/replay.py:535; src/application/xauusd_trading_strategy_1_vector/replay.py:703,src/application/xauusd_trading_strategy_1_vector/market.py:32; src/application/xauusd_trading_strategy_1_vector/market.py:42; src/application/xauusd_trading_strategy_1_vector/market.py:53; src/application/xauusd_trading_strategy_1_vector/market.py:95; src/application/xauusd_trading_strategy_1_vector/market.py:163; src/application/xauusd_trading_strategy_1_vector/replay.py:142; src/application/xauusd_trading_strategy_1_vector/replay.py:168; src/application/xauusd_trading_strategy_1_vector/replay.py:199; src/application/xauusd_trading_strategy_1_vector/replay.py:250; src/application/xauusd_trading_strategy_1_vector/replay.py:300; src/application/xauusd_trading_strategy_1_vector/replay.py:445; src/application/xauusd_trading_strategy_1_vector/replay.py:535; src/application/xauusd_trading_strategy_1_vector/replay.py:703,PARTIAL,"2026-09-30 source port: Daily geometry/quotas reset on day change; engagement resets from native open then latches crossings; previous Bid persists. Reversal side/bar slot claimed before entry gates; actual replay fills increment separate counters, exits update usage enum. Snapshot maps each corresponding field in trace.shared_trace. Exact native run parity not yet demonstrated.",ClaimReversalSignalSlot; LoadZonesForDay
PullbackCycle.active,XauPullbackWindowState,"mt5/XAUUSD_ROBUST_FINAL_LIVE_RCv2.mq5:1798,2108,2147,2164,2185,2266,2303","mt5/XAUUSD_ROBUST_FINAL_LIVE_RCv2.mq5:1420,2128,2151",src/application/xauusd_trading_strategy_1_vector/market.py:32; src/application/xauusd_trading_strategy_1_vector/market.py:42; src/application/xauusd_trading_strategy_1_vector/market.py:53; src/application/xauusd_trading_strategy_1_vector/market.py:95; src/application/xauusd_trading_strategy_1_vector/market.py:163; src/application/xauusd_trading_strategy_1_vector/replay.py:142; src/application/xauusd_trading_strategy_1_vector/replay.py:168; src/application/xauusd_trading_strategy_1_vector/replay.py:199; src/application/xauusd_trading_strategy_1_vector/replay.py:250; src/application/xauusd_trading_strategy_1_vector/replay.py:300; src/application/xauusd_trading_strategy_1_vector/replay.py:445; src/application/xauusd_trading_strategy_1_vector/replay.py:535; src/application/xauusd_trading_strategy_1_vector/replay.py:703; src/application/xauusd_trading_strategy_1_vector/trace.py:21; src/application/xauusd_trading_strategy_1_vector/trace.py:37; src/application/xauusd_trading_strategy_1_vector/trace.py:64,src/application/xauusd_trading_strategy_1_vector/market.py:32; src/application/xauusd_trading_strategy_1_vector/market.py:42; src/application/xauusd_trading_strategy_1_vector/market.py:53; src/application/xauusd_trading_strategy_1_vector/market.py:95; src/application/xauusd_trading_strategy_1_vector/market.py:163; src/application/xauusd_trading_strategy_1_vector/replay.py:142; src/application/xauusd_trading_strategy_1_vector/replay.py:168; src/application/xauusd_trading_strategy_1_vector/replay.py:199; src/application/xauusd_trading_strategy_1_vector/replay.py:250; src/application/xauusd_trading_strategy_1_vector/replay.py:300; src/application/xauusd_trading_strategy_1_vector/replay.py:445; src/application/xauusd_trading_strategy_1_vector/replay.py:535; src/application/xauusd_trading_strategy_1_vector/replay.py:703; src/application/xauusd_trading_strategy_1_vector/trace.py:21; src/application/xauusd_trading_strategy_1_vector/trace.py:37; src/application/xauusd_trading_strategy_1_vector/trace.py:64,PARTIAL,2026-09-30 source port: Active same-day zone/side parent retained. Age before old-bar close; offsets 1..window_bars. Penetration inclusive; exact-edge invalid stop retries. Fill ends matching active cycle and clears ticket. EndCycle deactivates despite rejected delete and retains ticket. Native callback ordering still requires recorded execution evidence. Exact native run parity not yet demonstrated.,CompletePullbackCycleOnFill; CreatePullbackCycle; EndCycle
PullbackCycle.buy,XauPullbackWindowState,"mt5/XAUUSD_ROBUST_FINAL_LIVE_RCv2.mq5:1807,2108,2150,2189,2190,2194,2201,2204,2205,2213,2218,2224,2230,2234,2236,2237,2244,2246,2253,2254,2255,2270,2278,2283",mt5/XAUUSD_ROBUST_FINAL_LIVE_RCv2.mq5:2129,src/application/xauusd_trading_strategy_1_vector/market.py:32; src/application/xauusd_trading_strategy_1_vector/market.py:42; src/application/xauusd_trading_strategy_1_vector/market.py:53; src/application/xauusd_trading_strategy_1_vector/market.py:95; src/application/xauusd_trading_strategy_1_vector/market.py:163; src/application/xauusd_trading_strategy_1_vector/replay.py:142; src/application/xauusd_trading_strategy_1_vector/replay.py:168; src/application/xauusd_trading_strategy_1_vector/replay.py:199; src/application/xauusd_trading_strategy_1_vector/replay.py:250; src/application/xauusd_trading_strategy_1_vector/replay.py:300; src/application/xauusd_trading_strategy_1_vector/replay.py:445; src/application/xauusd_trading_strategy_1_vector/replay.py:535; src/application/xauusd_trading_strategy_1_vector/replay.py:703; src/application/xauusd_trading_strategy_1_vector/trace.py:21; src/application/xauusd_trading_strategy_1_vector/trace.py:37; src/application/xauusd_trading_strategy_1_vector/trace.py:64,src/application/xauusd_trading_strategy_1_vector/market.py:32; src/application/xauusd_trading_strategy_1_vector/market.py:42; src/application/xauusd_trading_strategy_1_vector/market.py:53; src/application/xauusd_trading_strategy_1_vector/market.py:95; src/application/xauusd_trading_strategy_1_vector/market.py:163; src/application/xauusd_trading_strategy_1_vector/replay.py:142; src/application/xauusd_trading_strategy_1_vector/replay.py:168; src/application/xauusd_trading_strategy_1_vector/replay.py:199; src/application/xauusd_trading_strategy_1_vector/replay.py:250; src/application/xauusd_trading_strategy_1_vector/replay.py:300; src/application/xauusd_trading_strategy_1_vector/replay.py:445; src/application/xauusd_trading_strategy_1_vector/replay.py:535; src/application/xauusd_trading_strategy_1_vector/replay.py:703; src/application/xauusd_trading_strategy_1_vector/trace.py:21; src/application/xauusd_trading_strategy_1_vector/trace.py:37; src/application/xauusd_trading_strategy_1_vector/trace.py:64,PARTIAL,2026-09-30 source port: Active same-day zone/side parent retained. Age before old-bar close; offsets 1..window_bars. Penetration inclusive; exact-edge invalid stop retries. Fill ends matching active cycle and clears ticket. EndCycle deactivates despite rejected delete and retains ticket. Native callback ordering still requires recorded execution evidence. Exact native run parity not yet demonstrated.,CreatePullbackCycle
PullbackCycle.day_key,XauPullbackWindowState,"mt5/XAUUSD_ROBUST_FINAL_LIVE_RCv2.mq5:2108,2186,2234,2266,2267",mt5/XAUUSD_ROBUST_FINAL_LIVE_RCv2.mq5:2130,src/application/xauusd_trading_strategy_1_vector/market.py:32; src/application/xauusd_trading_strategy_1_vector/market.py:42; src/application/xauusd_trading_strategy_1_vector/market.py:53; src/application/xauusd_trading_strategy_1_vector/market.py:95; src/application/xauusd_trading_strategy_1_vector/market.py:163; src/application/xauusd_trading_strategy_1_vector/replay.py:142; src/application/xauusd_trading_strategy_1_vector/replay.py:168; src/application/xauusd_trading_strategy_1_vector/replay.py:199; src/application/xauusd_trading_strategy_1_vector/replay.py:250; src/application/xauusd_trading_strategy_1_vector/replay.py:300; src/application/xauusd_trading_strategy_1_vector/replay.py:445; src/application/xauusd_trading_strategy_1_vector/replay.py:535; src/application/xauusd_trading_strategy_1_vector/replay.py:703; src/application/xauusd_trading_strategy_1_vector/trace.py:21; src/application/xauusd_trading_strategy_1_vector/trace.py:37; src/application/xauusd_trading_strategy_1_vector/trace.py:64,src/application/xauusd_trading_strategy_1_vector/market.py:32; src/application/xauusd_trading_strategy_1_vector/market.py:42; src/application/xauusd_trading_strategy_1_vector/market.py:53; src/application/xauusd_trading_strategy_1_vector/market.py:95; src/application/xauusd_trading_strategy_1_vector/market.py:163; src/application/xauusd_trading_strategy_1_vector/replay.py:142; src/application/xauusd_trading_strategy_1_vector/replay.py:168; src/application/xauusd_trading_strategy_1_vector/replay.py:199; src/application/xauusd_trading_strategy_1_vector/replay.py:250; src/application/xauusd_trading_strategy_1_vector/replay.py:300; src/application/xauusd_trading_strategy_1_vector/replay.py:445; src/application/xauusd_trading_strategy_1_vector/replay.py:535; src/application/xauusd_trading_strategy_1_vector/replay.py:703; src/application/xauusd_trading_strategy_1_vector/trace.py:21; src/application/xauusd_trading_strategy_1_vector/trace.py:37; src/application/xauusd_trading_strategy_1_vector/trace.py:64,PARTIAL,2026-09-30 source port: Active same-day zone/side parent retained. Age before old-bar close; offsets 1..window_bars. Penetration inclusive; exact-edge invalid stop retries. Fill ends matching active cycle and clears ticket. EndCycle deactivates despite rejected delete and retains ticket. Native callback ordering still requires recorded execution evidence. Exact native run parity not yet demonstrated.,CreatePullbackCycle
PullbackCycle.zone_id,XauPullbackWindowState,"mt5/XAUUSD_ROBUST_FINAL_LIVE_RCv2.mq5:1807,2108,2150,2186,2194,2204,2205,2218,2224,2230,2234,2236,2244,2246,2253,2254,2255,2267,2283",mt5/XAUUSD_ROBUST_FINAL_LIVE_RCv2.mq5:2131,src/application/xauusd_trading_strategy_1_vector/market.py:32; src/application/xauusd_trading_strategy_1_vector/market.py:42; src/application/xauusd_trading_strategy_1_vector/market.py:53; src/application/xauusd_trading_strategy_1_vector/market.py:95; src/application/xauusd_trading_strategy_1_vector/market.py:163; src/application/xauusd_trading_strategy_1_vector/replay.py:142; src/application/xauusd_trading_strategy_1_vector/replay.py:168; src/application/xauusd_trading_strategy_1_vector/replay.py:199; src/application/xauusd_trading_strategy_1_vector/replay.py:250; src/application/xauusd_trading_strategy_1_vector/replay.py:300; src/application/xauusd_trading_strategy_1_vector/replay.py:445; src/application/xauusd_trading_strategy_1_vector/replay.py:535; src/application/xauusd_trading_strategy_1_vector/replay.py:703; src/application/xauusd_trading_strategy_1_vector/trace.py:21; src/application/xauusd_trading_strategy_1_vector/trace.py:37; src/application/xauusd_trading_strategy_1_vector/trace.py:64,src/application/xauusd_trading_strategy_1_vector/market.py:32; src/application/xauusd_trading_strategy_1_vector/market.py:42; src/application/xauusd_trading_strategy_1_vector/market.py:53; src/application/xauusd_trading_strategy_1_vector/market.py:95; src/application/xauusd_trading_strategy_1_vector/market.py:163; src/application/xauusd_trading_strategy_1_vector/replay.py:142; src/application/xauusd_trading_strategy_1_vector/replay.py:168; src/application/xauusd_trading_strategy_1_vector/replay.py:199; src/application/xauusd_trading_strategy_1_vector/replay.py:250; src/application/xauusd_trading_strategy_1_vector/replay.py:300; src/application/xauusd_trading_strategy_1_vector/replay.py:445; src/application/xauusd_trading_strategy_1_vector/replay.py:535; src/application/xauusd_trading_strategy_1_vector/replay.py:703; src/application/xauusd_trading_strategy_1_vector/trace.py:21; src/application/xauusd_trading_strategy_1_vector/trace.py:37; src/application/xauusd_trading_strategy_1_vector/trace.py:64,PARTIAL,2026-09-30 source port: Active same-day zone/side parent retained. Age before old-bar close; offsets 1..window_bars. Penetration inclusive; exact-edge invalid stop retries. Fill ends matching active cycle and clears ticket. EndCycle deactivates despite rejected delete and retains ticket. Native callback ordering still requires recorded execution evidence. Exact native run parity not yet demonstrated.,CreatePullbackCycle
PullbackCycle.zone_low,XauPullbackWindowState,"mt5/XAUUSD_ROBUST_FINAL_LIVE_RCv2.mq5:2189,2279",mt5/XAUUSD_ROBUST_FINAL_LIVE_RCv2.mq5:2132,src/application/xauusd_trading_strategy_1_vector/market.py:32; src/application/xauusd_trading_strategy_1_vector/market.py:42; src/application/xauusd_trading_strategy_1_vector/market.py:53; src/application/xauusd_trading_strategy_1_vector/market.py:95; src/application/xauusd_trading_strategy_1_vector/market.py:163; src/application/xauusd_trading_strategy_1_vector/replay.py:142; src/application/xauusd_trading_strategy_1_vector/replay.py:168; src/application/xauusd_trading_strategy_1_vector/replay.py:199; src/application/xauusd_trading_strategy_1_vector/replay.py:250; src/application/xauusd_trading_strategy_1_vector/replay.py:300; src/application/xauusd_trading_strategy_1_vector/replay.py:445; src/application/xauusd_trading_strategy_1_vector/replay.py:535; src/application/xauusd_trading_strategy_1_vector/replay.py:703; src/application/xauusd_trading_strategy_1_vector/trace.py:21; src/application/xauusd_trading_strategy_1_vector/trace.py:37; src/application/xauusd_trading_strategy_1_vector/trace.py:64,src/application/xauusd_trading_strategy_1_vector/market.py:32; src/application/xauusd_trading_strategy_1_vector/market.py:42; src/application/xauusd_trading_strategy_1_vector/market.py:53; src/application/xauusd_trading_strategy_1_vector/market.py:95; src/application/xauusd_trading_strategy_1_vector/market.py:163; src/application/xauusd_trading_strategy_1_vector/replay.py:142; src/application/xauusd_trading_strategy_1_vector/replay.py:168; src/application/xauusd_trading_strategy_1_vector/replay.py:199; src/application/xauusd_trading_strategy_1_vector/replay.py:250; src/application/xauusd_trading_strategy_1_vector/replay.py:300; src/application/xauusd_trading_strategy_1_vector/replay.py:445; src/application/xauusd_trading_strategy_1_vector/replay.py:535; src/application/xauusd_trading_strategy_1_vector/replay.py:703; src/application/xauusd_trading_strategy_1_vector/trace.py:21; src/application/xauusd_trading_strategy_1_vector/trace.py:37; src/application/xauusd_trading_strategy_1_vector/trace.py:64,PARTIAL,2026-09-30 source port: Active same-day zone/side parent retained. Age before old-bar close; offsets 1..window_bars. Penetration inclusive; exact-edge invalid stop retries. Fill ends matching active cycle and clears ticket. EndCycle deactivates despite rejected delete and retains ticket. Native callback ordering still requires recorded execution evidence. Exact native run parity not yet demonstrated.,CreatePullbackCycle
PullbackCycle.zone_high,XauPullbackWindowState,"mt5/XAUUSD_ROBUST_FINAL_LIVE_RCv2.mq5:2189,2278",mt5/XAUUSD_ROBUST_FINAL_LIVE_RCv2.mq5:2133,src/application/xauusd_trading_strategy_1_vector/market.py:32; src/application/xauusd_trading_strategy_1_vector/market.py:42; src/application/xauusd_trading_strategy_1_vector/market.py:53; src/application/xauusd_trading_strategy_1_vector/market.py:95; src/application/xauusd_trading_strategy_1_vector/market.py:163; src/application/xauusd_trading_strategy_1_vector/replay.py:142; src/application/xauusd_trading_strategy_1_vector/replay.py:168; src/application/xauusd_trading_strategy_1_vector/replay.py:199; src/application/xauusd_trading_strategy_1_vector/replay.py:250; src/application/xauusd_trading_strategy_1_vector/replay.py:300; src/application/xauusd_trading_strategy_1_vector/replay.py:445; src/application/xauusd_trading_strategy_1_vector/replay.py:535; src/application/xauusd_trading_strategy_1_vector/replay.py:703; src/application/xauusd_trading_strategy_1_vector/trace.py:21; src/application/xauusd_trading_strategy_1_vector/trace.py:37; src/application/xauusd_trading_strategy_1_vector/trace.py:64,src/application/xauusd_trading_strategy_1_vector/market.py:32; src/application/xauusd_trading_strategy_1_vector/market.py:42; src/application/xauusd_trading_strategy_1_vector/market.py:53; src/application/xauusd_trading_strategy_1_vector/market.py:95; src/application/xauusd_trading_strategy_1_vector/market.py:163; src/application/xauusd_trading_strategy_1_vector/replay.py:142; src/application/xauusd_trading_strategy_1_vector/replay.py:168; src/application/xauusd_trading_strategy_1_vector/replay.py:199; src/application/xauusd_trading_strategy_1_vector/replay.py:250; src/application/xauusd_trading_strategy_1_vector/replay.py:300; src/application/xauusd_trading_strategy_1_vector/replay.py:445; src/application/xauusd_trading_strategy_1_vector/replay.py:535; src/application/xauusd_trading_strategy_1_vector/replay.py:703; src/application/xauusd_trading_strategy_1_vector/trace.py:21; src/application/xauusd_trading_strategy_1_vector/trace.py:37; src/application/xauusd_trading_strategy_1_vector/trace.py:64,PARTIAL,2026-09-30 source port: Active same-day zone/side parent retained. Age before old-bar close; offsets 1..window_bars. Penetration inclusive; exact-edge invalid stop retries. Fill ends matching active cycle and clears ticket. EndCycle deactivates despite rejected delete and retains ticket. Native callback ordering still requires recorded execution evidence. Exact native run parity not yet demonstrated.,CreatePullbackCycle
PullbackCycle.breakout_bar_time,XauPullbackWindowState,NONE,mt5/XAUUSD_ROBUST_FINAL_LIVE_RCv2.mq5:2134,src/application/xauusd_trading_strategy_1_vector/market.py:32; src/application/xauusd_trading_strategy_1_vector/market.py:42; src/application/xauusd_trading_strategy_1_vector/market.py:53; src/application/xauusd_trading_strategy_1_vector/market.py:95; src/application/xauusd_trading_strategy_1_vector/market.py:163; src/application/xauusd_trading_strategy_1_vector/replay.py:142; src/application/xauusd_trading_strategy_1_vector/replay.py:168; src/application/xauusd_trading_strategy_1_vector/replay.py:199; src/application/xauusd_trading_strategy_1_vector/replay.py:250; src/application/xauusd_trading_strategy_1_vector/replay.py:300; src/application/xauusd_trading_strategy_1_vector/replay.py:445; src/application/xauusd_trading_strategy_1_vector/replay.py:535; src/application/xauusd_trading_strategy_1_vector/replay.py:703; src/application/xauusd_trading_strategy_1_vector/trace.py:21; src/application/xauusd_trading_strategy_1_vector/trace.py:37; src/application/xauusd_trading_strategy_1_vector/trace.py:64,src/application/xauusd_trading_strategy_1_vector/market.py:32; src/application/xauusd_trading_strategy_1_vector/market.py:42; src/application/xauusd_trading_strategy_1_vector/market.py:53; src/application/xauusd_trading_strategy_1_vector/market.py:95; src/application/xauusd_trading_strategy_1_vector/market.py:163; src/application/xauusd_trading_strategy_1_vector/replay.py:142; src/application/xauusd_trading_strategy_1_vector/replay.py:168; src/application/xauusd_trading_strategy_1_vector/replay.py:199; src/application/xauusd_trading_strategy_1_vector/replay.py:250; src/application/xauusd_trading_strategy_1_vector/replay.py:300; src/application/xauusd_trading_strategy_1_vector/replay.py:445; src/application/xauusd_trading_strategy_1_vector/replay.py:535; src/application/xauusd_trading_strategy_1_vector/replay.py:703; src/application/xauusd_trading_strategy_1_vector/trace.py:21; src/application/xauusd_trading_strategy_1_vector/trace.py:37; src/application/xauusd_trading_strategy_1_vector/trace.py:64,PARTIAL,2026-09-30 source port: Active same-day zone/side parent retained. Age before old-bar close; offsets 1..window_bars. Penetration inclusive; exact-edge invalid stop retries. Fill ends matching active cycle and clears ticket. EndCycle deactivates despite rejected delete and retains ticket. Native callback ordering still requires recorded execution evidence. Exact native run parity not yet demonstrated.,CreatePullbackCycle
PullbackCycle.valid_bar_no,XauPullbackWindowState,"mt5/XAUUSD_ROBUST_FINAL_LIVE_RCv2.mq5:2165,2166","mt5/XAUUSD_ROBUST_FINAL_LIVE_RCv2.mq5:2135,2166",src/application/xauusd_trading_strategy_1_vector/market.py:32; src/application/xauusd_trading_strategy_1_vector/market.py:42; src/application/xauusd_trading_strategy_1_vector/market.py:53; src/application/xauusd_trading_strategy_1_vector/market.py:95; src/application/xauusd_trading_strategy_1_vector/market.py:163; src/application/xauusd_trading_strategy_1_vector/replay.py:142; src/application/xauusd_trading_strategy_1_vector/replay.py:168; src/application/xauusd_trading_strategy_1_vector/replay.py:199; src/application/xauusd_trading_strategy_1_vector/replay.py:250; src/application/xauusd_trading_strategy_1_vector/replay.py:300; src/application/xauusd_trading_strategy_1_vector/replay.py:445; src/application/xauusd_trading_strategy_1_vector/replay.py:535; src/application/xauusd_trading_strategy_1_vector/replay.py:703; src/application/xauusd_trading_strategy_1_vector/trace.py:21; src/application/xauusd_trading_strategy_1_vector/trace.py:37; src/application/xauusd_trading_strategy_1_vector/trace.py:64,src/application/xauusd_trading_strategy_1_vector/market.py:32; src/application/xauusd_trading_strategy_1_vector/market.py:42; src/application/xauusd_trading_strategy_1_vector/market.py:53; src/application/xauusd_trading_strategy_1_vector/market.py:95; src/application/xauusd_trading_strategy_1_vector/market.py:163; src/application/xauusd_trading_strategy_1_vector/replay.py:142; src/application/xauusd_trading_strategy_1_vector/replay.py:168; src/application/xauusd_trading_strategy_1_vector/replay.py:199; src/application/xauusd_trading_strategy_1_vector/replay.py:250; src/application/xauusd_trading_strategy_1_vector/replay.py:300; src/application/xauusd_trading_strategy_1_vector/replay.py:445; src/application/xauusd_trading_strategy_1_vector/replay.py:535; src/application/xauusd_trading_strategy_1_vector/replay.py:703; src/application/xauusd_trading_strategy_1_vector/trace.py:21; src/application/xauusd_trading_strategy_1_vector/trace.py:37; src/application/xauusd_trading_strategy_1_vector/trace.py:64,PARTIAL,2026-09-30 source port: Active same-day zone/side parent retained. Age before old-bar close; offsets 1..window_bars. Penetration inclusive; exact-edge invalid stop retries. Fill ends matching active cycle and clears ticket. EndCycle deactivates despite rejected delete and retains ticket. Native callback ordering still requires recorded execution evidence. Exact native run parity not yet demonstrated.,AgePullbackCyclesOnNewBar; CreatePullbackCycle
PullbackCycle.penetration_latched,XauPullbackWindowState,"mt5/XAUUSD_ROBUST_FINAL_LIVE_RCv2.mq5:2185,2276,2288","mt5/XAUUSD_ROBUST_FINAL_LIVE_RCv2.mq5:2136,2282",src/application/xauusd_trading_strategy_1_vector/market.py:32; src/application/xauusd_trading_strategy_1_vector/market.py:42; src/application/xauusd_trading_strategy_1_vector/market.py:53; src/application/xauusd_trading_strategy_1_vector/market.py:95; src/application/xauusd_trading_strategy_1_vector/market.py:163; src/application/xauusd_trading_strategy_1_vector/replay.py:142; src/application/xauusd_trading_strategy_1_vector/replay.py:168; src/application/xauusd_trading_strategy_1_vector/replay.py:199; src/application/xauusd_trading_strategy_1_vector/replay.py:250; src/application/xauusd_trading_strategy_1_vector/replay.py:300; src/application/xauusd_trading_strategy_1_vector/replay.py:445; src/application/xauusd_trading_strategy_1_vector/replay.py:535; src/application/xauusd_trading_strategy_1_vector/replay.py:703; src/application/xauusd_trading_strategy_1_vector/trace.py:21; src/application/xauusd_trading_strategy_1_vector/trace.py:37; src/application/xauusd_trading_strategy_1_vector/trace.py:64,src/application/xauusd_trading_strategy_1_vector/market.py:32; src/application/xauusd_trading_strategy_1_vector/market.py:42; src/application/xauusd_trading_strategy_1_vector/market.py:53; src/application/xauusd_trading_strategy_1_vector/market.py:95; src/application/xauusd_trading_strategy_1_vector/market.py:163; src/application/xauusd_trading_strategy_1_vector/replay.py:142; src/application/xauusd_trading_strategy_1_vector/replay.py:168; src/application/xauusd_trading_strategy_1_vector/replay.py:199; src/application/xauusd_trading_strategy_1_vector/replay.py:250; src/application/xauusd_trading_strategy_1_vector/replay.py:300; src/application/xauusd_trading_strategy_1_vector/replay.py:445; src/application/xauusd_trading_strategy_1_vector/replay.py:535; src/application/xauusd_trading_strategy_1_vector/replay.py:703; src/application/xauusd_trading_strategy_1_vector/trace.py:21; src/application/xauusd_trading_strategy_1_vector/trace.py:37; src/application/xauusd_trading_strategy_1_vector/trace.py:64,PARTIAL,2026-09-30 source port: Active same-day zone/side parent retained. Age before old-bar close; offsets 1..window_bars. Penetration inclusive; exact-edge invalid stop retries. Fill ends matching active cycle and clears ticket. EndCycle deactivates despite rejected delete and retains ticket. Native callback ordering still requires recorded execution evidence. Exact native run parity not yet demonstrated.,CreatePullbackCycle; ManagePullbackCycles
PullbackCycle.order_ticket,XauPullbackWindowState,"mt5/XAUUSD_ROBUST_FINAL_LIVE_RCv2.mq5:1798,1799,2148,2253,2288,2290","mt5/XAUUSD_ROBUST_FINAL_LIVE_RCv2.mq5:1421,1810,2137,2249,2294",src/application/xauusd_trading_strategy_1_vector/market.py:32; src/application/xauusd_trading_strategy_1_vector/market.py:42; src/application/xauusd_trading_strategy_1_vector/market.py:53; src/application/xauusd_trading_strategy_1_vector/market.py:95; src/application/xauusd_trading_strategy_1_vector/market.py:163; src/application/xauusd_trading_strategy_1_vector/replay.py:142; src/application/xauusd_trading_strategy_1_vector/replay.py:168; src/application/xauusd_trading_strategy_1_vector/replay.py:199; src/application/xauusd_trading_strategy_1_vector/replay.py:250; src/application/xauusd_trading_strategy_1_vector/replay.py:300; src/application/xauusd_trading_strategy_1_vector/replay.py:445; src/application/xauusd_trading_strategy_1_vector/replay.py:535; src/application/xauusd_trading_strategy_1_vector/replay.py:703; src/application/xauusd_trading_strategy_1_vector/trace.py:21; src/application/xauusd_trading_strategy_1_vector/trace.py:37; src/application/xauusd_trading_strategy_1_vector/trace.py:64,src/application/xauusd_trading_strategy_1_vector/market.py:32; src/application/xauusd_trading_strategy_1_vector/market.py:42; src/application/xauusd_trading_strategy_1_vector/market.py:53; src/application/xauusd_trading_strategy_1_vector/market.py:95; src/application/xauusd_trading_strategy_1_vector/market.py:163; src/application/xauusd_trading_strategy_1_vector/replay.py:142; src/application/xauusd_trading_strategy_1_vector/replay.py:168; src/application/xauusd_trading_strategy_1_vector/replay.py:199; src/application/xauusd_trading_strategy_1_vector/replay.py:250; src/application/xauusd_trading_strategy_1_vector/replay.py:300; src/application/xauusd_trading_strategy_1_vector/replay.py:445; src/application/xauusd_trading_strategy_1_vector/replay.py:535; src/application/xauusd_trading_strategy_1_vector/replay.py:703; src/application/xauusd_trading_strategy_1_vector/trace.py:21; src/application/xauusd_trading_strategy_1_vector/trace.py:37; src/application/xauusd_trading_strategy_1_vector/trace.py:64,PARTIAL,2026-09-30 source port: Active same-day zone/side parent retained. Age before old-bar close; offsets 1..window_bars. Penetration inclusive; exact-edge invalid stop retries. Fill ends matching active cycle and clears ticket. EndCycle deactivates despite rejected delete and retains ticket. Native callback ordering still requires recorded execution evidence. Exact native run parity not yet demonstrated.,CompletePullbackCycleOnFill; CreatePullbackCycle; EnforcePendingRiskReservations; ManagePullbackCycles; PlaceConservativePending
PullbackCycle.waiting_logged,XauPullbackWindowState,mt5/XAUUSD_ROBUST_FINAL_LIVE_RCv2.mq5:2192,"mt5/XAUUSD_ROBUST_FINAL_LIVE_RCv2.mq5:1811,2138,2195,2250,2295",src/application/xauusd_trading_strategy_1_vector/market.py:32; src/application/xauusd_trading_strategy_1_vector/market.py:42; src/application/xauusd_trading_strategy_1_vector/market.py:53; src/application/xauusd_trading_strategy_1_vector/market.py:95; src/application/xauusd_trading_strategy_1_vector/market.py:163; src/application/xauusd_trading_strategy_1_vector/replay.py:142; src/application/xauusd_trading_strategy_1_vector/replay.py:168; src/application/xauusd_trading_strategy_1_vector/replay.py:199; src/application/xauusd_trading_strategy_1_vector/replay.py:250; src/application/xauusd_trading_strategy_1_vector/replay.py:300; src/application/xauusd_trading_strategy_1_vector/replay.py:445; src/application/xauusd_trading_strategy_1_vector/replay.py:535; src/application/xauusd_trading_strategy_1_vector/replay.py:703; src/application/xauusd_trading_strategy_1_vector/trace.py:21; src/application/xauusd_trading_strategy_1_vector/trace.py:37; src/application/xauusd_trading_strategy_1_vector/trace.py:64,src/application/xauusd_trading_strategy_1_vector/market.py:32; src/application/xauusd_trading_strategy_1_vector/market.py:42; src/application/xauusd_trading_strategy_1_vector/market.py:53; src/application/xauusd_trading_strategy_1_vector/market.py:95; src/application/xauusd_trading_strategy_1_vector/market.py:163; src/application/xauusd_trading_strategy_1_vector/replay.py:142; src/application/xauusd_trading_strategy_1_vector/replay.py:168; src/application/xauusd_trading_strategy_1_vector/replay.py:199; src/application/xauusd_trading_strategy_1_vector/replay.py:250; src/application/xauusd_trading_strategy_1_vector/replay.py:300; src/application/xauusd_trading_strategy_1_vector/replay.py:445; src/application/xauusd_trading_strategy_1_vector/replay.py:535; src/application/xauusd_trading_strategy_1_vector/replay.py:703; src/application/xauusd_trading_strategy_1_vector/trace.py:21; src/application/xauusd_trading_strategy_1_vector/trace.py:37; src/application/xauusd_trading_strategy_1_vector/trace.py:64,PARTIAL,2026-09-30 source port: Active same-day zone/side parent retained. Age before old-bar close; offsets 1..window_bars. Penetration inclusive; exact-edge invalid stop retries. Fill ends matching active cycle and clears ticket. EndCycle deactivates despite rejected delete and retains ticket. Native callback ordering still requires recorded execution evidence. Exact native run parity not yet demonstrated.,CreatePullbackCycle; EnforcePendingRiskReservations; ManagePullbackCycles; PlaceConservativePending
PullbackCycle.risk_waiting_logged,XauPullbackWindowState,mt5/XAUUSD_ROBUST_FINAL_LIVE_RCv2.mq5:2217,"mt5/XAUUSD_ROBUST_FINAL_LIVE_RCv2.mq5:1812,2139,2220,2223,2251",src/application/xauusd_trading_strategy_1_vector/market.py:32; src/application/xauusd_trading_strategy_1_vector/market.py:42; src/application/xauusd_trading_strategy_1_vector/market.py:53; src/application/xauusd_trading_strategy_1_vector/market.py:95; src/application/xauusd_trading_strategy_1_vector/market.py:163; src/application/xauusd_trading_strategy_1_vector/replay.py:142; src/application/xauusd_trading_strategy_1_vector/replay.py:168; src/application/xauusd_trading_strategy_1_vector/replay.py:199; src/application/xauusd_trading_strategy_1_vector/replay.py:250; src/application/xauusd_trading_strategy_1_vector/replay.py:300; src/application/xauusd_trading_strategy_1_vector/replay.py:445; src/application/xauusd_trading_strategy_1_vector/replay.py:535; src/application/xauusd_trading_strategy_1_vector/replay.py:703; src/application/xauusd_trading_strategy_1_vector/trace.py:21; src/application/xauusd_trading_strategy_1_vector/trace.py:37; src/application/xauusd_trading_strategy_1_vector/trace.py:64,src/application/xauusd_trading_strategy_1_vector/market.py:32; src/application/xauusd_trading_strategy_1_vector/market.py:42; src/application/xauusd_trading_strategy_1_vector/market.py:53; src/application/xauusd_trading_strategy_1_vector/market.py:95; src/application/xauusd_trading_strategy_1_vector/market.py:163; src/application/xauusd_trading_strategy_1_vector/replay.py:142; src/application/xauusd_trading_strategy_1_vector/replay.py:168; src/application/xauusd_trading_strategy_1_vector/replay.py:199; src/application/xauusd_trading_strategy_1_vector/replay.py:250; src/application/xauusd_trading_strategy_1_vector/replay.py:300; src/application/xauusd_trading_strategy_1_vector/replay.py:445; src/application/xauusd_trading_strategy_1_vector/replay.py:535; src/application/xauusd_trading_strategy_1_vector/replay.py:703; src/application/xauusd_trading_strategy_1_vector/trace.py:21; src/application/xauusd_trading_strategy_1_vector/trace.py:37; src/application/xauusd_trading_strategy_1_vector/trace.py:64,PARTIAL,2026-09-30 source port: Active same-day zone/side parent retained. Age before old-bar close; offsets 1..window_bars. Penetration inclusive; exact-edge invalid stop retries. Fill ends matching active cycle and clears ticket. EndCycle deactivates despite rejected delete and retains ticket. Native callback ordering still requires recorded execution evidence. Exact native run parity not yet demonstrated.,CreatePullbackCycle; EnforcePendingRiskReservations; PlaceConservativePending
PullbackCycle.parent_breakout_id,XauPullbackWindowState,"mt5/XAUUSD_ROBUST_FINAL_LIVE_RCv2.mq5:1807,2150,2194,2204,2205,2219,2225,2230,2235,2236,2244,2246,2253,2254,2256,2283",mt5/XAUUSD_ROBUST_FINAL_LIVE_RCv2.mq5:2140,src/application/xauusd_trading_strategy_1_vector/market.py:32; src/application/xauusd_trading_strategy_1_vector/market.py:42; src/application/xauusd_trading_strategy_1_vector/market.py:53; src/application/xauusd_trading_strategy_1_vector/market.py:95; src/application/xauusd_trading_strategy_1_vector/market.py:163; src/application/xauusd_trading_strategy_1_vector/replay.py:142; src/application/xauusd_trading_strategy_1_vector/replay.py:168; src/application/xauusd_trading_strategy_1_vector/replay.py:199; src/application/xauusd_trading_strategy_1_vector/replay.py:250; src/application/xauusd_trading_strategy_1_vector/replay.py:300; src/application/xauusd_trading_strategy_1_vector/replay.py:445; src/application/xauusd_trading_strategy_1_vector/replay.py:535; src/application/xauusd_trading_strategy_1_vector/replay.py:703; src/application/xauusd_trading_strategy_1_vector/trace.py:21; src/application/xauusd_trading_strategy_1_vector/trace.py:37; src/application/xauusd_trading_strategy_1_vector/trace.py:64,src/application/xauusd_trading_strategy_1_vector/market.py:32; src/application/xauusd_trading_strategy_1_vector/market.py:42; src/application/xauusd_trading_strategy_1_vector/market.py:53; src/application/xauusd_trading_strategy_1_vector/market.py:95; src/application/xauusd_trading_strategy_1_vector/market.py:163; src/application/xauusd_trading_strategy_1_vector/replay.py:142; src/application/xauusd_trading_strategy_1_vector/replay.py:168; src/application/xauusd_trading_strategy_1_vector/replay.py:199; src/application/xauusd_trading_strategy_1_vector/replay.py:250; src/application/xauusd_trading_strategy_1_vector/replay.py:300; src/application/xauusd_trading_strategy_1_vector/replay.py:445; src/application/xauusd_trading_strategy_1_vector/replay.py:535; src/application/xauusd_trading_strategy_1_vector/replay.py:703; src/application/xauusd_trading_strategy_1_vector/trace.py:21; src/application/xauusd_trading_strategy_1_vector/trace.py:37; src/application/xauusd_trading_strategy_1_vector/trace.py:64,PARTIAL,2026-09-30 source port: Active same-day zone/side parent retained. Age before old-bar close; offsets 1..window_bars. Penetration inclusive; exact-edge invalid stop retries. Fill ends matching active cycle and clears ticket. EndCycle deactivates despite rejected delete and retains ticket. Native callback ordering still requires recorded execution evidence. Exact native run parity not yet demonstrated.,CreatePullbackCycle
RequestMeta.active,ReplayOrder request metadata,mt5/XAUUSD_ROBUST_FINAL_LIVE_RCv2.mq5:1310,"mt5/XAUUSD_ROBUST_FINAL_LIVE_RCv2.mq5:1290,1304",src/application/xauusd_trading_strategy_1_vector/market.py:32; src/application/xauusd_trading_strategy_1_vector/market.py:42; src/application/xauusd_trading_strategy_1_vector/market.py:53; src/application/xauusd_trading_strategy_1_vector/market.py:95; src/application/xauusd_trading_strategy_1_vector/market.py:163; src/application/xauusd_trading_strategy_1_vector/replay.py:142; src/application/xauusd_trading_strategy_1_vector/replay.py:168; src/application/xauusd_trading_strategy_1_vector/replay.py:199; src/application/xauusd_trading_strategy_1_vector/replay.py:250; src/application/xauusd_trading_strategy_1_vector/replay.py:300; src/application/xauusd_trading_strategy_1_vector/replay.py:445; src/application/xauusd_trading_strategy_1_vector/replay.py:535; src/application/xauusd_trading_strategy_1_vector/replay.py:703; src/application/xauusd_trading_strategy_1_vector/trace.py:21; src/application/xauusd_trading_strategy_1_vector/trace.py:37; src/application/xauusd_trading_strategy_1_vector/trace.py:64,src/application/xauusd_trading_strategy_1_vector/market.py:32; src/application/xauusd_trading_strategy_1_vector/market.py:42; src/application/xauusd_trading_strategy_1_vector/market.py:53; src/application/xauusd_trading_strategy_1_vector/market.py:95; src/application/xauusd_trading_strategy_1_vector/market.py:163; src/application/xauusd_trading_strategy_1_vector/replay.py:142; src/application/xauusd_trading_strategy_1_vector/replay.py:168; src/application/xauusd_trading_strategy_1_vector/replay.py:199; src/application/xauusd_trading_strategy_1_vector/replay.py:250; src/application/xauusd_trading_strategy_1_vector/replay.py:300; src/application/xauusd_trading_strategy_1_vector/replay.py:445; src/application/xauusd_trading_strategy_1_vector/replay.py:535; src/application/xauusd_trading_strategy_1_vector/replay.py:703; src/application/xauusd_trading_strategy_1_vector/trace.py:21; src/application/xauusd_trading_strategy_1_vector/trace.py:37; src/application/xauusd_trading_strategy_1_vector/trace.py:64,PARTIAL,"2026-09-30 source port: Metadata appended before send; failed send or recognized fill deactivates request. Requested price, initial SL, TP, immutable R0, target, parent and ordinal retained. Comments projected in MT5 format; broker request/deal association is synthetic. Exact native run parity not yet demonstrated.",AddRequestMeta; DeactivateRequest
RequestMeta.comment,ReplayOrder request metadata,mt5/XAUUSD_ROBUST_FINAL_LIVE_RCv2.mq5:1310,mt5/XAUUSD_ROBUST_FINAL_LIVE_RCv2.mq5:1291,src/application/xauusd_trading_strategy_1_vector/market.py:32; src/application/xauusd_trading_strategy_1_vector/market.py:42; src/application/xauusd_trading_strategy_1_vector/market.py:53; src/application/xauusd_trading_strategy_1_vector/market.py:95; src/application/xauusd_trading_strategy_1_vector/market.py:163; src/application/xauusd_trading_strategy_1_vector/replay.py:142; src/application/xauusd_trading_strategy_1_vector/replay.py:168; src/application/xauusd_trading_strategy_1_vector/replay.py:199; src/application/xauusd_trading_strategy_1_vector/replay.py:250; src/application/xauusd_trading_strategy_1_vector/replay.py:300; src/application/xauusd_trading_strategy_1_vector/replay.py:445; src/application/xauusd_trading_strategy_1_vector/replay.py:535; src/application/xauusd_trading_strategy_1_vector/replay.py:703; src/application/xauusd_trading_strategy_1_vector/trace.py:21; src/application/xauusd_trading_strategy_1_vector/trace.py:37; src/application/xauusd_trading_strategy_1_vector/trace.py:64,src/application/xauusd_trading_strategy_1_vector/market.py:32; src/application/xauusd_trading_strategy_1_vector/market.py:42; src/application/xauusd_trading_strategy_1_vector/market.py:53; src/application/xauusd_trading_strategy_1_vector/market.py:95; src/application/xauusd_trading_strategy_1_vector/market.py:163; src/application/xauusd_trading_strategy_1_vector/replay.py:142; src/application/xauusd_trading_strategy_1_vector/replay.py:168; src/application/xauusd_trading_strategy_1_vector/replay.py:199; src/application/xauusd_trading_strategy_1_vector/replay.py:250; src/application/xauusd_trading_strategy_1_vector/replay.py:300; src/application/xauusd_trading_strategy_1_vector/replay.py:445; src/application/xauusd_trading_strategy_1_vector/replay.py:535; src/application/xauusd_trading_strategy_1_vector/replay.py:703; src/application/xauusd_trading_strategy_1_vector/trace.py:21; src/application/xauusd_trading_strategy_1_vector/trace.py:37; src/application/xauusd_trading_strategy_1_vector/trace.py:64,PARTIAL,"2026-09-30 source port: Metadata appended before send; failed send or recognized fill deactivates request. Requested price, initial SL, TP, immutable R0, target, parent and ordinal retained. Comments projected in MT5 format; broker request/deal association is synthetic. Exact native run parity not yet demonstrated.",AddRequestMeta
RequestMeta.requested_price,ReplayOrder request metadata,mt5/XAUUSD_ROBUST_FINAL_LIVE_RCv2.mq5:2709,mt5/XAUUSD_ROBUST_FINAL_LIVE_RCv2.mq5:1292,src/application/xauusd_trading_strategy_1_vector/market.py:32; src/application/xauusd_trading_strategy_1_vector/market.py:42; src/application/xauusd_trading_strategy_1_vector/market.py:53; src/application/xauusd_trading_strategy_1_vector/market.py:95; src/application/xauusd_trading_strategy_1_vector/market.py:163; src/application/xauusd_trading_strategy_1_vector/replay.py:142; src/application/xauusd_trading_strategy_1_vector/replay.py:168; src/application/xauusd_trading_strategy_1_vector/replay.py:199; src/application/xauusd_trading_strategy_1_vector/replay.py:250; src/application/xauusd_trading_strategy_1_vector/replay.py:300; src/application/xauusd_trading_strategy_1_vector/replay.py:445; src/application/xauusd_trading_strategy_1_vector/replay.py:535; src/application/xauusd_trading_strategy_1_vector/replay.py:703; src/application/xauusd_trading_strategy_1_vector/trace.py:21; src/application/xauusd_trading_strategy_1_vector/trace.py:37; src/application/xauusd_trading_strategy_1_vector/trace.py:64,src/application/xauusd_trading_strategy_1_vector/market.py:32; src/application/xauusd_trading_strategy_1_vector/market.py:42; src/application/xauusd_trading_strategy_1_vector/market.py:53; src/application/xauusd_trading_strategy_1_vector/market.py:95; src/application/xauusd_trading_strategy_1_vector/market.py:163; src/application/xauusd_trading_strategy_1_vector/replay.py:142; src/application/xauusd_trading_strategy_1_vector/replay.py:168; src/application/xauusd_trading_strategy_1_vector/replay.py:199; src/application/xauusd_trading_strategy_1_vector/replay.py:250; src/application/xauusd_trading_strategy_1_vector/replay.py:300; src/application/xauusd_trading_strategy_1_vector/replay.py:445; src/application/xauusd_trading_strategy_1_vector/replay.py:535; src/application/xauusd_trading_strategy_1_vector/replay.py:703; src/application/xauusd_trading_strategy_1_vector/trace.py:21; src/application/xauusd_trading_strategy_1_vector/trace.py:37; src/application/xauusd_trading_strategy_1_vector/trace.py:64,PARTIAL,"2026-09-30 source port: Metadata appended before send; failed send or recognized fill deactivates request. Requested price, initial SL, TP, immutable R0, target, parent and ordinal retained. Comments projected in MT5 format; broker request/deal association is synthetic. Exact native run parity not yet demonstrated.",AddRequestMeta
RequestMeta.sl,ReplayOrder request metadata,mt5/XAUUSD_ROBUST_FINAL_LIVE_RCv2.mq5:2710,mt5/XAUUSD_ROBUST_FINAL_LIVE_RCv2.mq5:1293,src/application/xauusd_trading_strategy_1_vector/market.py:32; src/application/xauusd_trading_strategy_1_vector/market.py:42; src/application/xauusd_trading_strategy_1_vector/market.py:53; src/application/xauusd_trading_strategy_1_vector/market.py:95; src/application/xauusd_trading_strategy_1_vector/market.py:163; src/application/xauusd_trading_strategy_1_vector/replay.py:142; src/application/xauusd_trading_strategy_1_vector/replay.py:168; src/application/xauusd_trading_strategy_1_vector/replay.py:199; src/application/xauusd_trading_strategy_1_vector/replay.py:250; src/application/xauusd_trading_strategy_1_vector/replay.py:300; src/application/xauusd_trading_strategy_1_vector/replay.py:445; src/application/xauusd_trading_strategy_1_vector/replay.py:535; src/application/xauusd_trading_strategy_1_vector/replay.py:703; src/application/xauusd_trading_strategy_1_vector/trace.py:21; src/application/xauusd_trading_strategy_1_vector/trace.py:37; src/application/xauusd_trading_strategy_1_vector/trace.py:64,src/application/xauusd_trading_strategy_1_vector/market.py:32; src/application/xauusd_trading_strategy_1_vector/market.py:42; src/application/xauusd_trading_strategy_1_vector/market.py:53; src/application/xauusd_trading_strategy_1_vector/market.py:95; src/application/xauusd_trading_strategy_1_vector/market.py:163; src/application/xauusd_trading_strategy_1_vector/replay.py:142; src/application/xauusd_trading_strategy_1_vector/replay.py:168; src/application/xauusd_trading_strategy_1_vector/replay.py:199; src/application/xauusd_trading_strategy_1_vector/replay.py:250; src/application/xauusd_trading_strategy_1_vector/replay.py:300; src/application/xauusd_trading_strategy_1_vector/replay.py:445; src/application/xauusd_trading_strategy_1_vector/replay.py:535; src/application/xauusd_trading_strategy_1_vector/replay.py:703; src/application/xauusd_trading_strategy_1_vector/trace.py:21; src/application/xauusd_trading_strategy_1_vector/trace.py:37; src/application/xauusd_trading_strategy_1_vector/trace.py:64,PARTIAL,"2026-09-30 source port: Metadata appended before send; failed send or recognized fill deactivates request. Requested price, initial SL, TP, immutable R0, target, parent and ordinal retained. Comments projected in MT5 format; broker request/deal association is synthetic. Exact native run parity not yet demonstrated.",AddRequestMeta
RequestMeta.tp,ReplayOrder request metadata,mt5/XAUUSD_ROBUST_FINAL_LIVE_RCv2.mq5:2711,mt5/XAUUSD_ROBUST_FINAL_LIVE_RCv2.mq5:1294,src/application/xauusd_trading_strategy_1_vector/market.py:32; src/application/xauusd_trading_strategy_1_vector/market.py:42; src/application/xauusd_trading_strategy_1_vector/market.py:53; src/application/xauusd_trading_strategy_1_vector/market.py:95; src/application/xauusd_trading_strategy_1_vector/market.py:163; src/application/xauusd_trading_strategy_1_vector/replay.py:142; src/application/xauusd_trading_strategy_1_vector/replay.py:168; src/application/xauusd_trading_strategy_1_vector/replay.py:199; src/application/xauusd_trading_strategy_1_vector/replay.py:250; src/application/xauusd_trading_strategy_1_vector/replay.py:300; src/application/xauusd_trading_strategy_1_vector/replay.py:445; src/application/xauusd_trading_strategy_1_vector/replay.py:535; src/application/xauusd_trading_strategy_1_vector/replay.py:703; src/application/xauusd_trading_strategy_1_vector/trace.py:21; src/application/xauusd_trading_strategy_1_vector/trace.py:37; src/application/xauusd_trading_strategy_1_vector/trace.py:64,src/application/xauusd_trading_strategy_1_vector/market.py:32; src/application/xauusd_trading_strategy_1_vector/market.py:42; src/application/xauusd_trading_strategy_1_vector/market.py:53; src/application/xauusd_trading_strategy_1_vector/market.py:95; src/application/xauusd_trading_strategy_1_vector/market.py:163; src/application/xauusd_trading_strategy_1_vector/replay.py:142; src/application/xauusd_trading_strategy_1_vector/replay.py:168; src/application/xauusd_trading_strategy_1_vector/replay.py:199; src/application/xauusd_trading_strategy_1_vector/replay.py:250; src/application/xauusd_trading_strategy_1_vector/replay.py:300; src/application/xauusd_trading_strategy_1_vector/replay.py:445; src/application/xauusd_trading_strategy_1_vector/replay.py:535; src/application/xauusd_trading_strategy_1_vector/replay.py:703; src/application/xauusd_trading_strategy_1_vector/trace.py:21; src/application/xauusd_trading_strategy_1_vector/trace.py:37; src/application/xauusd_trading_strategy_1_vector/trace.py:64,PARTIAL,"2026-09-30 source port: Metadata appended before send; failed send or recognized fill deactivates request. Requested price, initial SL, TP, immutable R0, target, parent and ordinal retained. Comments projected in MT5 format; broker request/deal association is synthetic. Exact native run parity not yet demonstrated.",AddRequestMeta
RequestMeta.r0,ReplayOrder request metadata,mt5/XAUUSD_ROBUST_FINAL_LIVE_RCv2.mq5:2712,mt5/XAUUSD_ROBUST_FINAL_LIVE_RCv2.mq5:1295,src/application/xauusd_trading_strategy_1_vector/market.py:32; src/application/xauusd_trading_strategy_1_vector/market.py:42; src/application/xauusd_trading_strategy_1_vector/market.py:53; src/application/xauusd_trading_strategy_1_vector/market.py:95; src/application/xauusd_trading_strategy_1_vector/market.py:163; src/application/xauusd_trading_strategy_1_vector/replay.py:142; src/application/xauusd_trading_strategy_1_vector/replay.py:168; src/application/xauusd_trading_strategy_1_vector/replay.py:199; src/application/xauusd_trading_strategy_1_vector/replay.py:250; src/application/xauusd_trading_strategy_1_vector/replay.py:300; src/application/xauusd_trading_strategy_1_vector/replay.py:445; src/application/xauusd_trading_strategy_1_vector/replay.py:535; src/application/xauusd_trading_strategy_1_vector/replay.py:703; src/application/xauusd_trading_strategy_1_vector/trace.py:21; src/application/xauusd_trading_strategy_1_vector/trace.py:37; src/application/xauusd_trading_strategy_1_vector/trace.py:64,src/application/xauusd_trading_strategy_1_vector/market.py:32; src/application/xauusd_trading_strategy_1_vector/market.py:42; src/application/xauusd_trading_strategy_1_vector/market.py:53; src/application/xauusd_trading_strategy_1_vector/market.py:95; src/application/xauusd_trading_strategy_1_vector/market.py:163; src/application/xauusd_trading_strategy_1_vector/replay.py:142; src/application/xauusd_trading_strategy_1_vector/replay.py:168; src/application/xauusd_trading_strategy_1_vector/replay.py:199; src/application/xauusd_trading_strategy_1_vector/replay.py:250; src/application/xauusd_trading_strategy_1_vector/replay.py:300; src/application/xauusd_trading_strategy_1_vector/replay.py:445; src/application/xauusd_trading_strategy_1_vector/replay.py:535; src/application/xauusd_trading_strategy_1_vector/replay.py:703; src/application/xauusd_trading_strategy_1_vector/trace.py:21; src/application/xauusd_trading_strategy_1_vector/trace.py:37; src/application/xauusd_trading_strategy_1_vector/trace.py:64,PARTIAL,"2026-09-30 source port: Metadata appended before send; failed send or recognized fill deactivates request. Requested price, initial SL, TP, immutable R0, target, parent and ordinal retained. Comments projected in MT5 format; broker request/deal association is synthetic. Exact native run parity not yet demonstrated.",AddRequestMeta
RequestMeta.target_zone_id,ReplayOrder request metadata,mt5/XAUUSD_ROBUST_FINAL_LIVE_RCv2.mq5:2713,mt5/XAUUSD_ROBUST_FINAL_LIVE_RCv2.mq5:1296,src/application/xauusd_trading_strategy_1_vector/market.py:32; src/application/xauusd_trading_strategy_1_vector/market.py:42; src/application/xauusd_trading_strategy_1_vector/market.py:53; src/application/xauusd_trading_strategy_1_vector/market.py:95; src/application/xauusd_trading_strategy_1_vector/market.py:163; src/application/xauusd_trading_strategy_1_vector/replay.py:142; src/application/xauusd_trading_strategy_1_vector/replay.py:168; src/application/xauusd_trading_strategy_1_vector/replay.py:199; src/application/xauusd_trading_strategy_1_vector/replay.py:250; src/application/xauusd_trading_strategy_1_vector/replay.py:300; src/application/xauusd_trading_strategy_1_vector/replay.py:445; src/application/xauusd_trading_strategy_1_vector/replay.py:535; src/application/xauusd_trading_strategy_1_vector/replay.py:703; src/application/xauusd_trading_strategy_1_vector/trace.py:21; src/application/xauusd_trading_strategy_1_vector/trace.py:37; src/application/xauusd_trading_strategy_1_vector/trace.py:64,src/application/xauusd_trading_strategy_1_vector/market.py:32; src/application/xauusd_trading_strategy_1_vector/market.py:42; src/application/xauusd_trading_strategy_1_vector/market.py:53; src/application/xauusd_trading_strategy_1_vector/market.py:95; src/application/xauusd_trading_strategy_1_vector/market.py:163; src/application/xauusd_trading_strategy_1_vector/replay.py:142; src/application/xauusd_trading_strategy_1_vector/replay.py:168; src/application/xauusd_trading_strategy_1_vector/replay.py:199; src/application/xauusd_trading_strategy_1_vector/replay.py:250; src/application/xauusd_trading_strategy_1_vector/replay.py:300; src/application/xauusd_trading_strategy_1_vector/replay.py:445; src/application/xauusd_trading_strategy_1_vector/replay.py:535; src/application/xauusd_trading_strategy_1_vector/replay.py:703; src/application/xauusd_trading_strategy_1_vector/trace.py:21; src/application/xauusd_trading_strategy_1_vector/trace.py:37; src/application/xauusd_trading_strategy_1_vector/trace.py:64,PARTIAL,"2026-09-30 source port: Metadata appended before send; failed send or recognized fill deactivates request. Requested price, initial SL, TP, immutable R0, target, parent and ordinal retained. Comments projected in MT5 format; broker request/deal association is synthetic. Exact native run parity not yet demonstrated.",AddRequestMeta
RequestMeta.parent_breakout_id,ReplayOrder request metadata,mt5/XAUUSD_ROBUST_FINAL_LIVE_RCv2.mq5:2714,mt5/XAUUSD_ROBUST_FINAL_LIVE_RCv2.mq5:1297,src/application/xauusd_trading_strategy_1_vector/market.py:32; src/application/xauusd_trading_strategy_1_vector/market.py:42; src/application/xauusd_trading_strategy_1_vector/market.py:53; src/application/xauusd_trading_strategy_1_vector/market.py:95; src/application/xauusd_trading_strategy_1_vector/market.py:163; src/application/xauusd_trading_strategy_1_vector/replay.py:142; src/application/xauusd_trading_strategy_1_vector/replay.py:168; src/application/xauusd_trading_strategy_1_vector/replay.py:199; src/application/xauusd_trading_strategy_1_vector/replay.py:250; src/application/xauusd_trading_strategy_1_vector/replay.py:300; src/application/xauusd_trading_strategy_1_vector/replay.py:445; src/application/xauusd_trading_strategy_1_vector/replay.py:535; src/application/xauusd_trading_strategy_1_vector/replay.py:703; src/application/xauusd_trading_strategy_1_vector/trace.py:21; src/application/xauusd_trading_strategy_1_vector/trace.py:37; src/application/xauusd_trading_strategy_1_vector/trace.py:64,src/application/xauusd_trading_strategy_1_vector/market.py:32; src/application/xauusd_trading_strategy_1_vector/market.py:42; src/application/xauusd_trading_strategy_1_vector/market.py:53; src/application/xauusd_trading_strategy_1_vector/market.py:95; src/application/xauusd_trading_strategy_1_vector/market.py:163; src/application/xauusd_trading_strategy_1_vector/replay.py:142; src/application/xauusd_trading_strategy_1_vector/replay.py:168; src/application/xauusd_trading_strategy_1_vector/replay.py:199; src/application/xauusd_trading_strategy_1_vector/replay.py:250; src/application/xauusd_trading_strategy_1_vector/replay.py:300; src/application/xauusd_trading_strategy_1_vector/replay.py:445; src/application/xauusd_trading_strategy_1_vector/replay.py:535; src/application/xauusd_trading_strategy_1_vector/replay.py:703; src/application/xauusd_trading_strategy_1_vector/trace.py:21; src/application/xauusd_trading_strategy_1_vector/trace.py:37; src/application/xauusd_trading_strategy_1_vector/trace.py:64,PARTIAL,"2026-09-30 source port: Metadata appended before send; failed send or recognized fill deactivates request. Requested price, initial SL, TP, immutable R0, target, parent and ordinal retained. Comments projected in MT5 format; broker request/deal association is synthetic. Exact native run parity not yet demonstrated.",AddRequestMeta
RequestMeta.reversal_ordinal,ReplayOrder request metadata,mt5/XAUUSD_ROBUST_FINAL_LIVE_RCv2.mq5:2715,mt5/XAUUSD_ROBUST_FINAL_LIVE_RCv2.mq5:1298,src/application/xauusd_trading_strategy_1_vector/market.py:32; src/application/xauusd_trading_strategy_1_vector/market.py:42; src/application/xauusd_trading_strategy_1_vector/market.py:53; src/application/xauusd_trading_strategy_1_vector/market.py:95; src/application/xauusd_trading_strategy_1_vector/market.py:163; src/application/xauusd_trading_strategy_1_vector/replay.py:142; src/application/xauusd_trading_strategy_1_vector/replay.py:168; src/application/xauusd_trading_strategy_1_vector/replay.py:199; src/application/xauusd_trading_strategy_1_vector/replay.py:250; src/application/xauusd_trading_strategy_1_vector/replay.py:300; src/application/xauusd_trading_strategy_1_vector/replay.py:445; src/application/xauusd_trading_strategy_1_vector/replay.py:535; src/application/xauusd_trading_strategy_1_vector/replay.py:703; src/application/xauusd_trading_strategy_1_vector/trace.py:21; src/application/xauusd_trading_strategy_1_vector/trace.py:37; src/application/xauusd_trading_strategy_1_vector/trace.py:64,src/application/xauusd_trading_strategy_1_vector/market.py:32; src/application/xauusd_trading_strategy_1_vector/market.py:42; src/application/xauusd_trading_strategy_1_vector/market.py:53; src/application/xauusd_trading_strategy_1_vector/market.py:95; src/application/xauusd_trading_strategy_1_vector/market.py:163; src/application/xauusd_trading_strategy_1_vector/replay.py:142; src/application/xauusd_trading_strategy_1_vector/replay.py:168; src/application/xauusd_trading_strategy_1_vector/replay.py:199; src/application/xauusd_trading_strategy_1_vector/replay.py:250; src/application/xauusd_trading_strategy_1_vector/replay.py:300; src/application/xauusd_trading_strategy_1_vector/replay.py:445; src/application/xauusd_trading_strategy_1_vector/replay.py:535; src/application/xauusd_trading_strategy_1_vector/replay.py:703; src/application/xauusd_trading_strategy_1_vector/trace.py:21; src/application/xauusd_trading_strategy_1_vector/trace.py:37; src/application/xauusd_trading_strategy_1_vector/trace.py:64,PARTIAL,"2026-09-30 source port: Metadata appended before send; failed send or recognized fill deactivates request. Requested price, initial SL, TP, immutable R0, target, parent and ordinal retained. Comments projected in MT5 format; broker request/deal association is synthetic. Exact native run parity not yet demonstrated.",AddRequestMeta
PositionTrack.active,ReplayOrder position state,"mt5/XAUUSD_ROBUST_FINAL_LIVE_RCv2.mq5:1374,1381,1680,2312,2321,2504,2554","mt5/XAUUSD_ROBUST_FINAL_LIVE_RCv2.mq5:1432,2768",src/application/xauusd_trading_strategy_1_vector/market.py:32; src/application/xauusd_trading_strategy_1_vector/market.py:42; src/application/xauusd_trading_strategy_1_vector/market.py:53; src/application/xauusd_trading_strategy_1_vector/market.py:95; src/application/xauusd_trading_strategy_1_vector/market.py:163; src/application/xauusd_trading_strategy_1_vector/replay.py:142; src/application/xauusd_trading_strategy_1_vector/replay.py:168; src/application/xauusd_trading_strategy_1_vector/replay.py:199; src/application/xauusd_trading_strategy_1_vector/replay.py:250; src/application/xauusd_trading_strategy_1_vector/replay.py:300; src/application/xauusd_trading_strategy_1_vector/replay.py:445; src/application/xauusd_trading_strategy_1_vector/replay.py:535; src/application/xauusd_trading_strategy_1_vector/replay.py:703; src/application/xauusd_trading_strategy_1_vector/trace.py:21; src/application/xauusd_trading_strategy_1_vector/trace.py:37; src/application/xauusd_trading_strategy_1_vector/trace.py:64,src/application/xauusd_trading_strategy_1_vector/market.py:32; src/application/xauusd_trading_strategy_1_vector/market.py:42; src/application/xauusd_trading_strategy_1_vector/market.py:53; src/application/xauusd_trading_strategy_1_vector/market.py:95; src/application/xauusd_trading_strategy_1_vector/market.py:163; src/application/xauusd_trading_strategy_1_vector/replay.py:142; src/application/xauusd_trading_strategy_1_vector/replay.py:168; src/application/xauusd_trading_strategy_1_vector/replay.py:199; src/application/xauusd_trading_strategy_1_vector/replay.py:250; src/application/xauusd_trading_strategy_1_vector/replay.py:300; src/application/xauusd_trading_strategy_1_vector/replay.py:445; src/application/xauusd_trading_strategy_1_vector/replay.py:535; src/application/xauusd_trading_strategy_1_vector/replay.py:703; src/application/xauusd_trading_strategy_1_vector/trace.py:21; src/application/xauusd_trading_strategy_1_vector/trace.py:37; src/application/xauusd_trading_strategy_1_vector/trace.py:64,PARTIAL,"2026-09-30 source port: Successful simulated fill records requested anchor separately from actual fill, initial SL/R0, parent, stacked-PB and reversal ordinal. Sticky stages 1/1.5/2R; cost BE, half-R stop and confirmed pivots; desired SL retained on retry. Close updates daily net/gross, usage and risk reservations. Native identities, partial deals, carry audit and exact callback timing remain unverified. Exact native run parity not yet demonstrated.",AddPositionTrack; ApprovedStrategyOnTradeTransaction
PositionTrack.position_id,ReplayOrder position state,"mt5/XAUUSD_ROBUST_FINAL_LIVE_RCv2.mq5:1374,2333,2506,2556,2606",mt5/XAUUSD_ROBUST_FINAL_LIVE_RCv2.mq5:1433,src/application/xauusd_trading_strategy_1_vector/market.py:32; src/application/xauusd_trading_strategy_1_vector/market.py:42; src/application/xauusd_trading_strategy_1_vector/market.py:53; src/application/xauusd_trading_strategy_1_vector/market.py:95; src/application/xauusd_trading_strategy_1_vector/market.py:163; src/application/xauusd_trading_strategy_1_vector/replay.py:142; src/application/xauusd_trading_strategy_1_vector/replay.py:168; src/application/xauusd_trading_strategy_1_vector/replay.py:199; src/application/xauusd_trading_strategy_1_vector/replay.py:250; src/application/xauusd_trading_strategy_1_vector/replay.py:300; src/application/xauusd_trading_strategy_1_vector/replay.py:445; src/application/xauusd_trading_strategy_1_vector/replay.py:535; src/application/xauusd_trading_strategy_1_vector/replay.py:703; src/application/xauusd_trading_strategy_1_vector/trace.py:21; src/application/xauusd_trading_strategy_1_vector/trace.py:37; src/application/xauusd_trading_strategy_1_vector/trace.py:64,src/application/xauusd_trading_strategy_1_vector/market.py:32; src/application/xauusd_trading_strategy_1_vector/market.py:42; src/application/xauusd_trading_strategy_1_vector/market.py:53; src/application/xauusd_trading_strategy_1_vector/market.py:95; src/application/xauusd_trading_strategy_1_vector/market.py:163; src/application/xauusd_trading_strategy_1_vector/replay.py:142; src/application/xauusd_trading_strategy_1_vector/replay.py:168; src/application/xauusd_trading_strategy_1_vector/replay.py:199; src/application/xauusd_trading_strategy_1_vector/replay.py:250; src/application/xauusd_trading_strategy_1_vector/replay.py:300; src/application/xauusd_trading_strategy_1_vector/replay.py:445; src/application/xauusd_trading_strategy_1_vector/replay.py:535; src/application/xauusd_trading_strategy_1_vector/replay.py:703; src/application/xauusd_trading_strategy_1_vector/trace.py:21; src/application/xauusd_trading_strategy_1_vector/trace.py:37; src/application/xauusd_trading_strategy_1_vector/trace.py:64,PARTIAL,"2026-09-30 source port: Successful simulated fill records requested anchor separately from actual fill, initial SL/R0, parent, stacked-PB and reversal ordinal. Sticky stages 1/1.5/2R; cost BE, half-R stop and confirmed pivots; desired SL retained on retry. Close updates daily net/gross, usage and risk reservations. Native identities, partial deals, carry audit and exact callback timing remain unverified. Exact native run parity not yet demonstrated.",AddPositionTrack
PositionTrack.position_ticket,ReplayOrder position state,"mt5/XAUUSD_ROBUST_FINAL_LIVE_RCv2.mq5:1680,2332,2505,2555,2755",mt5/XAUUSD_ROBUST_FINAL_LIVE_RCv2.mq5:1434,src/application/xauusd_trading_strategy_1_vector/market.py:32; src/application/xauusd_trading_strategy_1_vector/market.py:42; src/application/xauusd_trading_strategy_1_vector/market.py:53; src/application/xauusd_trading_strategy_1_vector/market.py:95; src/application/xauusd_trading_strategy_1_vector/market.py:163; src/application/xauusd_trading_strategy_1_vector/replay.py:142; src/application/xauusd_trading_strategy_1_vector/replay.py:168; src/application/xauusd_trading_strategy_1_vector/replay.py:199; src/application/xauusd_trading_strategy_1_vector/replay.py:250; src/application/xauusd_trading_strategy_1_vector/replay.py:300; src/application/xauusd_trading_strategy_1_vector/replay.py:445; src/application/xauusd_trading_strategy_1_vector/replay.py:535; src/application/xauusd_trading_strategy_1_vector/replay.py:703; src/application/xauusd_trading_strategy_1_vector/trace.py:21; src/application/xauusd_trading_strategy_1_vector/trace.py:37; src/application/xauusd_trading_strategy_1_vector/trace.py:64,src/application/xauusd_trading_strategy_1_vector/market.py:32; src/application/xauusd_trading_strategy_1_vector/market.py:42; src/application/xauusd_trading_strategy_1_vector/market.py:53; src/application/xauusd_trading_strategy_1_vector/market.py:95; src/application/xauusd_trading_strategy_1_vector/market.py:163; src/application/xauusd_trading_strategy_1_vector/replay.py:142; src/application/xauusd_trading_strategy_1_vector/replay.py:168; src/application/xauusd_trading_strategy_1_vector/replay.py:199; src/application/xauusd_trading_strategy_1_vector/replay.py:250; src/application/xauusd_trading_strategy_1_vector/replay.py:300; src/application/xauusd_trading_strategy_1_vector/replay.py:445; src/application/xauusd_trading_strategy_1_vector/replay.py:535; src/application/xauusd_trading_strategy_1_vector/replay.py:703; src/application/xauusd_trading_strategy_1_vector/trace.py:21; src/application/xauusd_trading_strategy_1_vector/trace.py:37; src/application/xauusd_trading_strategy_1_vector/trace.py:64,PARTIAL,"2026-09-30 source port: Successful simulated fill records requested anchor separately from actual fill, initial SL/R0, parent, stacked-PB and reversal ordinal. Sticky stages 1/1.5/2R; cost BE, half-R stop and confirmed pivots; desired SL retained on retry. Close updates daily net/gross, usage and risk reservations. Native identities, partial deals, carry audit and exact callback timing remain unverified. Exact native run parity not yet demonstrated.",AddPositionTrack
PositionTrack.day_key,ReplayOrder position state,"mt5/XAUUSD_ROBUST_FINAL_LIVE_RCv2.mq5:579,612,1381,2312,2321,2751",mt5/XAUUSD_ROBUST_FINAL_LIVE_RCv2.mq5:1435,src/application/xauusd_trading_strategy_1_vector/market.py:32; src/application/xauusd_trading_strategy_1_vector/market.py:42; src/application/xauusd_trading_strategy_1_vector/market.py:53; src/application/xauusd_trading_strategy_1_vector/market.py:95; src/application/xauusd_trading_strategy_1_vector/market.py:163; src/application/xauusd_trading_strategy_1_vector/replay.py:142; src/application/xauusd_trading_strategy_1_vector/replay.py:168; src/application/xauusd_trading_strategy_1_vector/replay.py:199; src/application/xauusd_trading_strategy_1_vector/replay.py:250; src/application/xauusd_trading_strategy_1_vector/replay.py:300; src/application/xauusd_trading_strategy_1_vector/replay.py:445; src/application/xauusd_trading_strategy_1_vector/replay.py:535; src/application/xauusd_trading_strategy_1_vector/replay.py:703; src/application/xauusd_trading_strategy_1_vector/trace.py:21; src/application/xauusd_trading_strategy_1_vector/trace.py:37; src/application/xauusd_trading_strategy_1_vector/trace.py:64,src/application/xauusd_trading_strategy_1_vector/market.py:32; src/application/xauusd_trading_strategy_1_vector/market.py:42; src/application/xauusd_trading_strategy_1_vector/market.py:53; src/application/xauusd_trading_strategy_1_vector/market.py:95; src/application/xauusd_trading_strategy_1_vector/market.py:163; src/application/xauusd_trading_strategy_1_vector/replay.py:142; src/application/xauusd_trading_strategy_1_vector/replay.py:168; src/application/xauusd_trading_strategy_1_vector/replay.py:199; src/application/xauusd_trading_strategy_1_vector/replay.py:250; src/application/xauusd_trading_strategy_1_vector/replay.py:300; src/application/xauusd_trading_strategy_1_vector/replay.py:445; src/application/xauusd_trading_strategy_1_vector/replay.py:535; src/application/xauusd_trading_strategy_1_vector/replay.py:703; src/application/xauusd_trading_strategy_1_vector/trace.py:21; src/application/xauusd_trading_strategy_1_vector/trace.py:37; src/application/xauusd_trading_strategy_1_vector/trace.py:64,PARTIAL,"2026-09-30 source port: Successful simulated fill records requested anchor separately from actual fill, initial SL/R0, parent, stacked-PB and reversal ordinal. Sticky stages 1/1.5/2R; cost BE, half-R stop and confirmed pivots; desired SL retained on retry. Close updates daily net/gross, usage and risk reservations. Native identities, partial deals, carry audit and exact callback timing remain unverified. Exact native run parity not yet demonstrated.",AddPositionTrack
PositionTrack.zone_id,ReplayOrder position state,"mt5/XAUUSD_ROBUST_FINAL_LIVE_RCv2.mq5:579,612,1382,2312,2321,2518,2520,2528,2535,2542,2543,2566,2567,2572,2573,2578,2579,2594,2751,2752",mt5/XAUUSD_ROBUST_FINAL_LIVE_RCv2.mq5:1436,src/application/xauusd_trading_strategy_1_vector/market.py:32; src/application/xauusd_trading_strategy_1_vector/market.py:42; src/application/xauusd_trading_strategy_1_vector/market.py:53; src/application/xauusd_trading_strategy_1_vector/market.py:95; src/application/xauusd_trading_strategy_1_vector/market.py:163; src/application/xauusd_trading_strategy_1_vector/replay.py:142; src/application/xauusd_trading_strategy_1_vector/replay.py:168; src/application/xauusd_trading_strategy_1_vector/replay.py:199; src/application/xauusd_trading_strategy_1_vector/replay.py:250; src/application/xauusd_trading_strategy_1_vector/replay.py:300; src/application/xauusd_trading_strategy_1_vector/replay.py:445; src/application/xauusd_trading_strategy_1_vector/replay.py:535; src/application/xauusd_trading_strategy_1_vector/replay.py:703; src/application/xauusd_trading_strategy_1_vector/trace.py:21; src/application/xauusd_trading_strategy_1_vector/trace.py:37; src/application/xauusd_trading_strategy_1_vector/trace.py:64,src/application/xauusd_trading_strategy_1_vector/market.py:32; src/application/xauusd_trading_strategy_1_vector/market.py:42; src/application/xauusd_trading_strategy_1_vector/market.py:53; src/application/xauusd_trading_strategy_1_vector/market.py:95; src/application/xauusd_trading_strategy_1_vector/market.py:163; src/application/xauusd_trading_strategy_1_vector/replay.py:142; src/application/xauusd_trading_strategy_1_vector/replay.py:168; src/application/xauusd_trading_strategy_1_vector/replay.py:199; src/application/xauusd_trading_strategy_1_vector/replay.py:250; src/application/xauusd_trading_strategy_1_vector/replay.py:300; src/application/xauusd_trading_strategy_1_vector/replay.py:445; src/application/xauusd_trading_strategy_1_vector/replay.py:535; src/application/xauusd_trading_strategy_1_vector/replay.py:703; src/application/xauusd_trading_strategy_1_vector/trace.py:21; src/application/xauusd_trading_strategy_1_vector/trace.py:37; src/application/xauusd_trading_strategy_1_vector/trace.py:64,PARTIAL,"2026-09-30 source port: Successful simulated fill records requested anchor separately from actual fill, initial SL/R0, parent, stacked-PB and reversal ordinal. Sticky stages 1/1.5/2R; cost BE, half-R stop and confirmed pivots; desired SL retained on retry. Close updates daily net/gross, usage and risk reservations. Native identities, partial deals, carry audit and exact callback timing remain unverified. Exact native run parity not yet demonstrated.",AddPositionTrack
PositionTrack.trade_type,ReplayOrder position state,"mt5/XAUUSD_ROBUST_FINAL_LIVE_RCv2.mq5:579,612,1381,2313,2322,2518,2520,2528,2535,2542,2543,2566,2567,2572,2573,2578,2579,2594,2751,2753",mt5/XAUUSD_ROBUST_FINAL_LIVE_RCv2.mq5:1437,src/application/xauusd_trading_strategy_1_vector/market.py:32; src/application/xauusd_trading_strategy_1_vector/market.py:42; src/application/xauusd_trading_strategy_1_vector/market.py:53; src/application/xauusd_trading_strategy_1_vector/market.py:95; src/application/xauusd_trading_strategy_1_vector/market.py:163; src/application/xauusd_trading_strategy_1_vector/replay.py:142; src/application/xauusd_trading_strategy_1_vector/replay.py:168; src/application/xauusd_trading_strategy_1_vector/replay.py:199; src/application/xauusd_trading_strategy_1_vector/replay.py:250; src/application/xauusd_trading_strategy_1_vector/replay.py:300; src/application/xauusd_trading_strategy_1_vector/replay.py:445; src/application/xauusd_trading_strategy_1_vector/replay.py:535; src/application/xauusd_trading_strategy_1_vector/replay.py:703; src/application/xauusd_trading_strategy_1_vector/trace.py:21; src/application/xauusd_trading_strategy_1_vector/trace.py:37; src/application/xauusd_trading_strategy_1_vector/trace.py:64,src/application/xauusd_trading_strategy_1_vector/market.py:32; src/application/xauusd_trading_strategy_1_vector/market.py:42; src/application/xauusd_trading_strategy_1_vector/market.py:53; src/application/xauusd_trading_strategy_1_vector/market.py:95; src/application/xauusd_trading_strategy_1_vector/market.py:163; src/application/xauusd_trading_strategy_1_vector/replay.py:142; src/application/xauusd_trading_strategy_1_vector/replay.py:168; src/application/xauusd_trading_strategy_1_vector/replay.py:199; src/application/xauusd_trading_strategy_1_vector/replay.py:250; src/application/xauusd_trading_strategy_1_vector/replay.py:300; src/application/xauusd_trading_strategy_1_vector/replay.py:445; src/application/xauusd_trading_strategy_1_vector/replay.py:535; src/application/xauusd_trading_strategy_1_vector/replay.py:703; src/application/xauusd_trading_strategy_1_vector/trace.py:21; src/application/xauusd_trading_strategy_1_vector/trace.py:37; src/application/xauusd_trading_strategy_1_vector/trace.py:64,PARTIAL,"2026-09-30 source port: Successful simulated fill records requested anchor separately from actual fill, initial SL/R0, parent, stacked-PB and reversal ordinal. Sticky stages 1/1.5/2R; cost BE, half-R stop and confirmed pivots; desired SL retained on retry. Close updates daily net/gross, usage and risk reservations. Native identities, partial deals, carry audit and exact callback timing remain unverified. Exact native run parity not yet demonstrated.",AddPositionTrack
PositionTrack.buy,ReplayOrder position state,"mt5/XAUUSD_ROBUST_FINAL_LIVE_RCv2.mq5:579,612,1382,2313,2322,2511,2514,2559,2587,2590,2600,2608,2609,2759",mt5/XAUUSD_ROBUST_FINAL_LIVE_RCv2.mq5:1438,src/application/xauusd_trading_strategy_1_vector/market.py:32; src/application/xauusd_trading_strategy_1_vector/market.py:42; src/application/xauusd_trading_strategy_1_vector/market.py:53; src/application/xauusd_trading_strategy_1_vector/market.py:95; src/application/xauusd_trading_strategy_1_vector/market.py:163; src/application/xauusd_trading_strategy_1_vector/replay.py:142; src/application/xauusd_trading_strategy_1_vector/replay.py:168; src/application/xauusd_trading_strategy_1_vector/replay.py:199; src/application/xauusd_trading_strategy_1_vector/replay.py:250; src/application/xauusd_trading_strategy_1_vector/replay.py:300; src/application/xauusd_trading_strategy_1_vector/replay.py:445; src/application/xauusd_trading_strategy_1_vector/replay.py:535; src/application/xauusd_trading_strategy_1_vector/replay.py:703; src/application/xauusd_trading_strategy_1_vector/trace.py:21; src/application/xauusd_trading_strategy_1_vector/trace.py:37; src/application/xauusd_trading_strategy_1_vector/trace.py:64,src/application/xauusd_trading_strategy_1_vector/market.py:32; src/application/xauusd_trading_strategy_1_vector/market.py:42; src/application/xauusd_trading_strategy_1_vector/market.py:53; src/application/xauusd_trading_strategy_1_vector/market.py:95; src/application/xauusd_trading_strategy_1_vector/market.py:163; src/application/xauusd_trading_strategy_1_vector/replay.py:142; src/application/xauusd_trading_strategy_1_vector/replay.py:168; src/application/xauusd_trading_strategy_1_vector/replay.py:199; src/application/xauusd_trading_strategy_1_vector/replay.py:250; src/application/xauusd_trading_strategy_1_vector/replay.py:300; src/application/xauusd_trading_strategy_1_vector/replay.py:445; src/application/xauusd_trading_strategy_1_vector/replay.py:535; src/application/xauusd_trading_strategy_1_vector/replay.py:703; src/application/xauusd_trading_strategy_1_vector/trace.py:21; src/application/xauusd_trading_strategy_1_vector/trace.py:37; src/application/xauusd_trading_strategy_1_vector/trace.py:64,PARTIAL,"2026-09-30 source port: Successful simulated fill records requested anchor separately from actual fill, initial SL/R0, parent, stacked-PB and reversal ordinal. Sticky stages 1/1.5/2R; cost BE, half-R stop and confirmed pivots; desired SL retained on retry. Close updates daily net/gross, usage and risk reservations. Native identities, partial deals, carry audit and exact callback timing remain unverified. Exact native run parity not yet demonstrated.",AddPositionTrack
PositionTrack.risk_anchor_entry,ReplayOrder position state,"mt5/XAUUSD_ROBUST_FINAL_LIVE_RCv2.mq5:2559,2560,2566,2567,2572,2573,2578,2579,2600,2601",mt5/XAUUSD_ROBUST_FINAL_LIVE_RCv2.mq5:1439,src/application/xauusd_trading_strategy_1_vector/market.py:32; src/application/xauusd_trading_strategy_1_vector/market.py:42; src/application/xauusd_trading_strategy_1_vector/market.py:53; src/application/xauusd_trading_strategy_1_vector/market.py:95; src/application/xauusd_trading_strategy_1_vector/market.py:163; src/application/xauusd_trading_strategy_1_vector/replay.py:142; src/application/xauusd_trading_strategy_1_vector/replay.py:168; src/application/xauusd_trading_strategy_1_vector/replay.py:199; src/application/xauusd_trading_strategy_1_vector/replay.py:250; src/application/xauusd_trading_strategy_1_vector/replay.py:300; src/application/xauusd_trading_strategy_1_vector/replay.py:445; src/application/xauusd_trading_strategy_1_vector/replay.py:535; src/application/xauusd_trading_strategy_1_vector/replay.py:703; src/application/xauusd_trading_strategy_1_vector/trace.py:21; src/application/xauusd_trading_strategy_1_vector/trace.py:37; src/application/xauusd_trading_strategy_1_vector/trace.py:64,src/application/xauusd_trading_strategy_1_vector/market.py:32; src/application/xauusd_trading_strategy_1_vector/market.py:42; src/application/xauusd_trading_strategy_1_vector/market.py:53; src/application/xauusd_trading_strategy_1_vector/market.py:95; src/application/xauusd_trading_strategy_1_vector/market.py:163; src/application/xauusd_trading_strategy_1_vector/replay.py:142; src/application/xauusd_trading_strategy_1_vector/replay.py:168; src/application/xauusd_trading_strategy_1_vector/replay.py:199; src/application/xauusd_trading_strategy_1_vector/replay.py:250; src/application/xauusd_trading_strategy_1_vector/replay.py:300; src/application/xauusd_trading_strategy_1_vector/replay.py:445; src/application/xauusd_trading_strategy_1_vector/replay.py:535; src/application/xauusd_trading_strategy_1_vector/replay.py:703; src/application/xauusd_trading_strategy_1_vector/trace.py:21; src/application/xauusd_trading_strategy_1_vector/trace.py:37; src/application/xauusd_trading_strategy_1_vector/trace.py:64,PARTIAL,"2026-09-30 source port: Successful simulated fill records requested anchor separately from actual fill, initial SL/R0, parent, stacked-PB and reversal ordinal. Sticky stages 1/1.5/2R; cost BE, half-R stop and confirmed pivots; desired SL retained on retry. Close updates daily net/gross, usage and risk reservations. Native identities, partial deals, carry audit and exact callback timing remain unverified. Exact native run parity not yet demonstrated.",AddPositionTrack
PositionTrack.actual_fill,ReplayOrder position state,"mt5/XAUUSD_ROBUST_FINAL_LIVE_RCv2.mq5:2608,2609",mt5/XAUUSD_ROBUST_FINAL_LIVE_RCv2.mq5:1440,src/application/xauusd_trading_strategy_1_vector/market.py:32; src/application/xauusd_trading_strategy_1_vector/market.py:42; src/application/xauusd_trading_strategy_1_vector/market.py:53; src/application/xauusd_trading_strategy_1_vector/market.py:95; src/application/xauusd_trading_strategy_1_vector/market.py:163; src/application/xauusd_trading_strategy_1_vector/replay.py:142; src/application/xauusd_trading_strategy_1_vector/replay.py:168; src/application/xauusd_trading_strategy_1_vector/replay.py:199; src/application/xauusd_trading_strategy_1_vector/replay.py:250; src/application/xauusd_trading_strategy_1_vector/replay.py:300; src/application/xauusd_trading_strategy_1_vector/replay.py:445; src/application/xauusd_trading_strategy_1_vector/replay.py:535; src/application/xauusd_trading_strategy_1_vector/replay.py:703; src/application/xauusd_trading_strategy_1_vector/trace.py:21; src/application/xauusd_trading_strategy_1_vector/trace.py:37; src/application/xauusd_trading_strategy_1_vector/trace.py:64,src/application/xauusd_trading_strategy_1_vector/market.py:32; src/application/xauusd_trading_strategy_1_vector/market.py:42; src/application/xauusd_trading_strategy_1_vector/market.py:53; src/application/xauusd_trading_strategy_1_vector/market.py:95; src/application/xauusd_trading_strategy_1_vector/market.py:163; src/application/xauusd_trading_strategy_1_vector/replay.py:142; src/application/xauusd_trading_strategy_1_vector/replay.py:168; src/application/xauusd_trading_strategy_1_vector/replay.py:199; src/application/xauusd_trading_strategy_1_vector/replay.py:250; src/application/xauusd_trading_strategy_1_vector/replay.py:300; src/application/xauusd_trading_strategy_1_vector/replay.py:445; src/application/xauusd_trading_strategy_1_vector/replay.py:535; src/application/xauusd_trading_strategy_1_vector/replay.py:703; src/application/xauusd_trading_strategy_1_vector/trace.py:21; src/application/xauusd_trading_strategy_1_vector/trace.py:37; src/application/xauusd_trading_strategy_1_vector/trace.py:64,PARTIAL,"2026-09-30 source port: Successful simulated fill records requested anchor separately from actual fill, initial SL/R0, parent, stacked-PB and reversal ordinal. Sticky stages 1/1.5/2R; cost BE, half-R stop and confirmed pivots; desired SL retained on retry. Close updates daily net/gross, usage and risk reservations. Native identities, partial deals, carry audit and exact callback timing remain unverified. Exact native run parity not yet demonstrated.",AddPositionTrack
PositionTrack.initial_sl,ReplayOrder position state,mt5/XAUUSD_ROBUST_FINAL_LIVE_RCv2.mq5:1681,mt5/XAUUSD_ROBUST_FINAL_LIVE_RCv2.mq5:1441,src/application/xauusd_trading_strategy_1_vector/market.py:32; src/application/xauusd_trading_strategy_1_vector/market.py:42; src/application/xauusd_trading_strategy_1_vector/market.py:53; src/application/xauusd_trading_strategy_1_vector/market.py:95; src/application/xauusd_trading_strategy_1_vector/market.py:163; src/application/xauusd_trading_strategy_1_vector/replay.py:142; src/application/xauusd_trading_strategy_1_vector/replay.py:168; src/application/xauusd_trading_strategy_1_vector/replay.py:199; src/application/xauusd_trading_strategy_1_vector/replay.py:250; src/application/xauusd_trading_strategy_1_vector/replay.py:300; src/application/xauusd_trading_strategy_1_vector/replay.py:445; src/application/xauusd_trading_strategy_1_vector/replay.py:535; src/application/xauusd_trading_strategy_1_vector/replay.py:703; src/application/xauusd_trading_strategy_1_vector/trace.py:21; src/application/xauusd_trading_strategy_1_vector/trace.py:37; src/application/xauusd_trading_strategy_1_vector/trace.py:64,src/application/xauusd_trading_strategy_1_vector/market.py:32; src/application/xauusd_trading_strategy_1_vector/market.py:42; src/application/xauusd_trading_strategy_1_vector/market.py:53; src/application/xauusd_trading_strategy_1_vector/market.py:95; src/application/xauusd_trading_strategy_1_vector/market.py:163; src/application/xauusd_trading_strategy_1_vector/replay.py:142; src/application/xauusd_trading_strategy_1_vector/replay.py:168; src/application/xauusd_trading_strategy_1_vector/replay.py:199; src/application/xauusd_trading_strategy_1_vector/replay.py:250; src/application/xauusd_trading_strategy_1_vector/replay.py:300; src/application/xauusd_trading_strategy_1_vector/replay.py:445; src/application/xauusd_trading_strategy_1_vector/replay.py:535; src/application/xauusd_trading_strategy_1_vector/replay.py:703; src/application/xauusd_trading_strategy_1_vector/trace.py:21; src/application/xauusd_trading_strategy_1_vector/trace.py:37; src/application/xauusd_trading_strategy_1_vector/trace.py:64,PARTIAL,"2026-09-30 source port: Successful simulated fill records requested anchor separately from actual fill, initial SL/R0, parent, stacked-PB and reversal ordinal. Sticky stages 1/1.5/2R; cost BE, half-R stop and confirmed pivots; desired SL retained on retry. Close updates daily net/gross, usage and risk reservations. Native identities, partial deals, carry audit and exact callback timing remain unverified. Exact native run parity not yet demonstrated.",AddPositionTrack
PositionTrack.tp,ReplayOrder position state,"mt5/XAUUSD_ROBUST_FINAL_LIVE_RCv2.mq5:2566,2567,2572,2573,2578,2579,2594",mt5/XAUUSD_ROBUST_FINAL_LIVE_RCv2.mq5:1442,src/application/xauusd_trading_strategy_1_vector/market.py:32; src/application/xauusd_trading_strategy_1_vector/market.py:42; src/application/xauusd_trading_strategy_1_vector/market.py:53; src/application/xauusd_trading_strategy_1_vector/market.py:95; src/application/xauusd_trading_strategy_1_vector/market.py:163; src/application/xauusd_trading_strategy_1_vector/replay.py:142; src/application/xauusd_trading_strategy_1_vector/replay.py:168; src/application/xauusd_trading_strategy_1_vector/replay.py:199; src/application/xauusd_trading_strategy_1_vector/replay.py:250; src/application/xauusd_trading_strategy_1_vector/replay.py:300; src/application/xauusd_trading_strategy_1_vector/replay.py:445; src/application/xauusd_trading_strategy_1_vector/replay.py:535; src/application/xauusd_trading_strategy_1_vector/replay.py:703; src/application/xauusd_trading_strategy_1_vector/trace.py:21; src/application/xauusd_trading_strategy_1_vector/trace.py:37; src/application/xauusd_trading_strategy_1_vector/trace.py:64,src/application/xauusd_trading_strategy_1_vector/market.py:32; src/application/xauusd_trading_strategy_1_vector/market.py:42; src/application/xauusd_trading_strategy_1_vector/market.py:53; src/application/xauusd_trading_strategy_1_vector/market.py:95; src/application/xauusd_trading_strategy_1_vector/market.py:163; src/application/xauusd_trading_strategy_1_vector/replay.py:142; src/application/xauusd_trading_strategy_1_vector/replay.py:168; src/application/xauusd_trading_strategy_1_vector/replay.py:199; src/application/xauusd_trading_strategy_1_vector/replay.py:250; src/application/xauusd_trading_strategy_1_vector/replay.py:300; src/application/xauusd_trading_strategy_1_vector/replay.py:445; src/application/xauusd_trading_strategy_1_vector/replay.py:535; src/application/xauusd_trading_strategy_1_vector/replay.py:703; src/application/xauusd_trading_strategy_1_vector/trace.py:21; src/application/xauusd_trading_strategy_1_vector/trace.py:37; src/application/xauusd_trading_strategy_1_vector/trace.py:64,PARTIAL,"2026-09-30 source port: Successful simulated fill records requested anchor separately from actual fill, initial SL/R0, parent, stacked-PB and reversal ordinal. Sticky stages 1/1.5/2R; cost BE, half-R stop and confirmed pivots; desired SL retained on retry. Close updates daily net/gross, usage and risk reservations. Native identities, partial deals, carry audit and exact callback timing remain unverified. Exact native run parity not yet demonstrated.",AddPositionTrack
PositionTrack.r0,ReplayOrder position state,"mt5/XAUUSD_ROBUST_FINAL_LIVE_RCv2.mq5:2521,2544,2554,2563,2567,2569,2573,2575,2579,2600,2601,2754",mt5/XAUUSD_ROBUST_FINAL_LIVE_RCv2.mq5:1443,src/application/xauusd_trading_strategy_1_vector/market.py:32; src/application/xauusd_trading_strategy_1_vector/market.py:42; src/application/xauusd_trading_strategy_1_vector/market.py:53; src/application/xauusd_trading_strategy_1_vector/market.py:95; src/application/xauusd_trading_strategy_1_vector/market.py:163; src/application/xauusd_trading_strategy_1_vector/replay.py:142; src/application/xauusd_trading_strategy_1_vector/replay.py:168; src/application/xauusd_trading_strategy_1_vector/replay.py:199; src/application/xauusd_trading_strategy_1_vector/replay.py:250; src/application/xauusd_trading_strategy_1_vector/replay.py:300; src/application/xauusd_trading_strategy_1_vector/replay.py:445; src/application/xauusd_trading_strategy_1_vector/replay.py:535; src/application/xauusd_trading_strategy_1_vector/replay.py:703; src/application/xauusd_trading_strategy_1_vector/trace.py:21; src/application/xauusd_trading_strategy_1_vector/trace.py:37; src/application/xauusd_trading_strategy_1_vector/trace.py:64,src/application/xauusd_trading_strategy_1_vector/market.py:32; src/application/xauusd_trading_strategy_1_vector/market.py:42; src/application/xauusd_trading_strategy_1_vector/market.py:53; src/application/xauusd_trading_strategy_1_vector/market.py:95; src/application/xauusd_trading_strategy_1_vector/market.py:163; src/application/xauusd_trading_strategy_1_vector/replay.py:142; src/application/xauusd_trading_strategy_1_vector/replay.py:168; src/application/xauusd_trading_strategy_1_vector/replay.py:199; src/application/xauusd_trading_strategy_1_vector/replay.py:250; src/application/xauusd_trading_strategy_1_vector/replay.py:300; src/application/xauusd_trading_strategy_1_vector/replay.py:445; src/application/xauusd_trading_strategy_1_vector/replay.py:535; src/application/xauusd_trading_strategy_1_vector/replay.py:703; src/application/xauusd_trading_strategy_1_vector/trace.py:21; src/application/xauusd_trading_strategy_1_vector/trace.py:37; src/application/xauusd_trading_strategy_1_vector/trace.py:64,PARTIAL,"2026-09-30 source port: Successful simulated fill records requested anchor separately from actual fill, initial SL/R0, parent, stacked-PB and reversal ordinal. Sticky stages 1/1.5/2R; cost BE, half-R stop and confirmed pivots; desired SL retained on retry. Close updates daily net/gross, usage and risk reservations. Native identities, partial deals, carry audit and exact callback timing remain unverified. Exact native run parity not yet demonstrated.",AddPositionTrack
PositionTrack.r_stage,ReplayOrder position state,"mt5/XAUUSD_ROBUST_FINAL_LIVE_RCv2.mq5:2563,2569,2575,2584,2598,2604,2758","mt5/XAUUSD_ROBUST_FINAL_LIVE_RCv2.mq5:1444,2565,2571,2577",src/application/xauusd_trading_strategy_1_vector/market.py:32; src/application/xauusd_trading_strategy_1_vector/market.py:42; src/application/xauusd_trading_strategy_1_vector/market.py:53; src/application/xauusd_trading_strategy_1_vector/market.py:95; src/application/xauusd_trading_strategy_1_vector/market.py:163; src/application/xauusd_trading_strategy_1_vector/replay.py:142; src/application/xauusd_trading_strategy_1_vector/replay.py:168; src/application/xauusd_trading_strategy_1_vector/replay.py:199; src/application/xauusd_trading_strategy_1_vector/replay.py:250; src/application/xauusd_trading_strategy_1_vector/replay.py:300; src/application/xauusd_trading_strategy_1_vector/replay.py:445; src/application/xauusd_trading_strategy_1_vector/replay.py:535; src/application/xauusd_trading_strategy_1_vector/replay.py:703; src/application/xauusd_trading_strategy_1_vector/trace.py:21; src/application/xauusd_trading_strategy_1_vector/trace.py:37; src/application/xauusd_trading_strategy_1_vector/trace.py:64,src/application/xauusd_trading_strategy_1_vector/market.py:32; src/application/xauusd_trading_strategy_1_vector/market.py:42; src/application/xauusd_trading_strategy_1_vector/market.py:53; src/application/xauusd_trading_strategy_1_vector/market.py:95; src/application/xauusd_trading_strategy_1_vector/market.py:163; src/application/xauusd_trading_strategy_1_vector/replay.py:142; src/application/xauusd_trading_strategy_1_vector/replay.py:168; src/application/xauusd_trading_strategy_1_vector/replay.py:199; src/application/xauusd_trading_strategy_1_vector/replay.py:250; src/application/xauusd_trading_strategy_1_vector/replay.py:300; src/application/xauusd_trading_strategy_1_vector/replay.py:445; src/application/xauusd_trading_strategy_1_vector/replay.py:535; src/application/xauusd_trading_strategy_1_vector/replay.py:703; src/application/xauusd_trading_strategy_1_vector/trace.py:21; src/application/xauusd_trading_strategy_1_vector/trace.py:37; src/application/xauusd_trading_strategy_1_vector/trace.py:64,PARTIAL,"2026-09-30 source port: Successful simulated fill records requested anchor separately from actual fill, initial SL/R0, parent, stacked-PB and reversal ordinal. Sticky stages 1/1.5/2R; cost BE, half-R stop and confirmed pivots; desired SL retained on retry. Close updates daily net/gross, usage and risk reservations. Native identities, partial deals, carry audit and exact callback timing remain unverified. Exact native run parity not yet demonstrated.",AddPositionTrack; ManageProfitProtection
PositionTrack.desired_sl,ReplayOrder position state,NONE,"mt5/XAUUSD_ROBUST_FINAL_LIVE_RCv2.mq5:1445,2513,2541",src/application/xauusd_trading_strategy_1_vector/market.py:32; src/application/xauusd_trading_strategy_1_vector/market.py:42; src/application/xauusd_trading_strategy_1_vector/market.py:53; src/application/xauusd_trading_strategy_1_vector/market.py:95; src/application/xauusd_trading_strategy_1_vector/market.py:163; src/application/xauusd_trading_strategy_1_vector/replay.py:142; src/application/xauusd_trading_strategy_1_vector/replay.py:168; src/application/xauusd_trading_strategy_1_vector/replay.py:199; src/application/xauusd_trading_strategy_1_vector/replay.py:250; src/application/xauusd_trading_strategy_1_vector/replay.py:300; src/application/xauusd_trading_strategy_1_vector/replay.py:445; src/application/xauusd_trading_strategy_1_vector/replay.py:535; src/application/xauusd_trading_strategy_1_vector/replay.py:703; src/application/xauusd_trading_strategy_1_vector/trace.py:21; src/application/xauusd_trading_strategy_1_vector/trace.py:37; src/application/xauusd_trading_strategy_1_vector/trace.py:64,src/application/xauusd_trading_strategy_1_vector/market.py:32; src/application/xauusd_trading_strategy_1_vector/market.py:42; src/application/xauusd_trading_strategy_1_vector/market.py:53; src/application/xauusd_trading_strategy_1_vector/market.py:95; src/application/xauusd_trading_strategy_1_vector/market.py:163; src/application/xauusd_trading_strategy_1_vector/replay.py:142; src/application/xauusd_trading_strategy_1_vector/replay.py:168; src/application/xauusd_trading_strategy_1_vector/replay.py:199; src/application/xauusd_trading_strategy_1_vector/replay.py:250; src/application/xauusd_trading_strategy_1_vector/replay.py:300; src/application/xauusd_trading_strategy_1_vector/replay.py:445; src/application/xauusd_trading_strategy_1_vector/replay.py:535; src/application/xauusd_trading_strategy_1_vector/replay.py:703; src/application/xauusd_trading_strategy_1_vector/trace.py:21; src/application/xauusd_trading_strategy_1_vector/trace.py:37; src/application/xauusd_trading_strategy_1_vector/trace.py:64,PARTIAL,"2026-09-30 source port: Successful simulated fill records requested anchor separately from actual fill, initial SL/R0, parent, stacked-PB and reversal ordinal. Sticky stages 1/1.5/2R; cost BE, half-R stop and confirmed pivots; desired SL retained on retry. Close updates daily net/gross, usage and risk reservations. Native identities, partial deals, carry audit and exact callback timing remain unverified. Exact native run parity not yet demonstrated.",AddPositionTrack; ModifyStopExact
PositionTrack.sl_retry_logged,ReplayOrder position state,"mt5/XAUUSD_ROBUST_FINAL_LIVE_RCv2.mq5:2516,2527,2533","mt5/XAUUSD_ROBUST_FINAL_LIVE_RCv2.mq5:1446,2522,2536,2540",src/application/xauusd_trading_strategy_1_vector/market.py:32; src/application/xauusd_trading_strategy_1_vector/market.py:42; src/application/xauusd_trading_strategy_1_vector/market.py:53; src/application/xauusd_trading_strategy_1_vector/market.py:95; src/application/xauusd_trading_strategy_1_vector/market.py:163; src/application/xauusd_trading_strategy_1_vector/replay.py:142; src/application/xauusd_trading_strategy_1_vector/replay.py:168; src/application/xauusd_trading_strategy_1_vector/replay.py:199; src/application/xauusd_trading_strategy_1_vector/replay.py:250; src/application/xauusd_trading_strategy_1_vector/replay.py:300; src/application/xauusd_trading_strategy_1_vector/replay.py:445; src/application/xauusd_trading_strategy_1_vector/replay.py:535; src/application/xauusd_trading_strategy_1_vector/replay.py:703; src/application/xauusd_trading_strategy_1_vector/trace.py:21; src/application/xauusd_trading_strategy_1_vector/trace.py:37; src/application/xauusd_trading_strategy_1_vector/trace.py:64,src/application/xauusd_trading_strategy_1_vector/market.py:32; src/application/xauusd_trading_strategy_1_vector/market.py:42; src/application/xauusd_trading_strategy_1_vector/market.py:53; src/application/xauusd_trading_strategy_1_vector/market.py:95; src/application/xauusd_trading_strategy_1_vector/market.py:163; src/application/xauusd_trading_strategy_1_vector/replay.py:142; src/application/xauusd_trading_strategy_1_vector/replay.py:168; src/application/xauusd_trading_strategy_1_vector/replay.py:199; src/application/xauusd_trading_strategy_1_vector/replay.py:250; src/application/xauusd_trading_strategy_1_vector/replay.py:300; src/application/xauusd_trading_strategy_1_vector/replay.py:445; src/application/xauusd_trading_strategy_1_vector/replay.py:535; src/application/xauusd_trading_strategy_1_vector/replay.py:703; src/application/xauusd_trading_strategy_1_vector/trace.py:21; src/application/xauusd_trading_strategy_1_vector/trace.py:37; src/application/xauusd_trading_strategy_1_vector/trace.py:64,PARTIAL,"2026-09-30 source port: Successful simulated fill records requested anchor separately from actual fill, initial SL/R0, parent, stacked-PB and reversal ordinal. Sticky stages 1/1.5/2R; cost BE, half-R stop and confirmed pivots; desired SL retained on retry. Close updates daily net/gross, usage and risk reservations. Native identities, partial deals, carry audit and exact callback timing remain unverified. Exact native run parity not yet demonstrated.",AddPositionTrack; ModifyStopExact
PositionTrack.target_zone_id,ReplayOrder position state,NONE,mt5/XAUUSD_ROBUST_FINAL_LIVE_RCv2.mq5:1447,src/application/xauusd_trading_strategy_1_vector/market.py:32; src/application/xauusd_trading_strategy_1_vector/market.py:42; src/application/xauusd_trading_strategy_1_vector/market.py:53; src/application/xauusd_trading_strategy_1_vector/market.py:95; src/application/xauusd_trading_strategy_1_vector/market.py:163; src/application/xauusd_trading_strategy_1_vector/replay.py:142; src/application/xauusd_trading_strategy_1_vector/replay.py:168; src/application/xauusd_trading_strategy_1_vector/replay.py:199; src/application/xauusd_trading_strategy_1_vector/replay.py:250; src/application/xauusd_trading_strategy_1_vector/replay.py:300; src/application/xauusd_trading_strategy_1_vector/replay.py:445; src/application/xauusd_trading_strategy_1_vector/replay.py:535; src/application/xauusd_trading_strategy_1_vector/replay.py:703; src/application/xauusd_trading_strategy_1_vector/trace.py:21; src/application/xauusd_trading_strategy_1_vector/trace.py:37; src/application/xauusd_trading_strategy_1_vector/trace.py:64,src/application/xauusd_trading_strategy_1_vector/market.py:32; src/application/xauusd_trading_strategy_1_vector/market.py:42; src/application/xauusd_trading_strategy_1_vector/market.py:53; src/application/xauusd_trading_strategy_1_vector/market.py:95; src/application/xauusd_trading_strategy_1_vector/market.py:163; src/application/xauusd_trading_strategy_1_vector/replay.py:142; src/application/xauusd_trading_strategy_1_vector/replay.py:168; src/application/xauusd_trading_strategy_1_vector/replay.py:199; src/application/xauusd_trading_strategy_1_vector/replay.py:250; src/application/xauusd_trading_strategy_1_vector/replay.py:300; src/application/xauusd_trading_strategy_1_vector/replay.py:445; src/application/xauusd_trading_strategy_1_vector/replay.py:535; src/application/xauusd_trading_strategy_1_vector/replay.py:703; src/application/xauusd_trading_strategy_1_vector/trace.py:21; src/application/xauusd_trading_strategy_1_vector/trace.py:37; src/application/xauusd_trading_strategy_1_vector/trace.py:64,PARTIAL,"2026-09-30 source port: Successful simulated fill records requested anchor separately from actual fill, initial SL/R0, parent, stacked-PB and reversal ordinal. Sticky stages 1/1.5/2R; cost BE, half-R stop and confirmed pivots; desired SL retained on retry. Close updates daily net/gross, usage and risk reservations. Native identities, partial deals, carry audit and exact callback timing remain unverified. Exact native run parity not yet demonstrated.",AddPositionTrack
PositionTrack.parent_breakout_id,ReplayOrder position state,mt5/XAUUSD_ROBUST_FINAL_LIVE_RCv2.mq5:2756,mt5/XAUUSD_ROBUST_FINAL_LIVE_RCv2.mq5:1448,src/application/xauusd_trading_strategy_1_vector/market.py:32; src/application/xauusd_trading_strategy_1_vector/market.py:42; src/application/xauusd_trading_strategy_1_vector/market.py:53; src/application/xauusd_trading_strategy_1_vector/market.py:95; src/application/xauusd_trading_strategy_1_vector/market.py:163; src/application/xauusd_trading_strategy_1_vector/replay.py:142; src/application/xauusd_trading_strategy_1_vector/replay.py:168; src/application/xauusd_trading_strategy_1_vector/replay.py:199; src/application/xauusd_trading_strategy_1_vector/replay.py:250; src/application/xauusd_trading_strategy_1_vector/replay.py:300; src/application/xauusd_trading_strategy_1_vector/replay.py:445; src/application/xauusd_trading_strategy_1_vector/replay.py:535; src/application/xauusd_trading_strategy_1_vector/replay.py:703; src/application/xauusd_trading_strategy_1_vector/trace.py:21; src/application/xauusd_trading_strategy_1_vector/trace.py:37; src/application/xauusd_trading_strategy_1_vector/trace.py:64,src/application/xauusd_trading_strategy_1_vector/market.py:32; src/application/xauusd_trading_strategy_1_vector/market.py:42; src/application/xauusd_trading_strategy_1_vector/market.py:53; src/application/xauusd_trading_strategy_1_vector/market.py:95; src/application/xauusd_trading_strategy_1_vector/market.py:163; src/application/xauusd_trading_strategy_1_vector/replay.py:142; src/application/xauusd_trading_strategy_1_vector/replay.py:168; src/application/xauusd_trading_strategy_1_vector/replay.py:199; src/application/xauusd_trading_strategy_1_vector/replay.py:250; src/application/xauusd_trading_strategy_1_vector/replay.py:300; src/application/xauusd_trading_strategy_1_vector/replay.py:445; src/application/xauusd_trading_strategy_1_vector/replay.py:535; src/application/xauusd_trading_strategy_1_vector/replay.py:703; src/application/xauusd_trading_strategy_1_vector/trace.py:21; src/application/xauusd_trading_strategy_1_vector/trace.py:37; src/application/xauusd_trading_strategy_1_vector/trace.py:64,PARTIAL,"2026-09-30 source port: Successful simulated fill records requested anchor separately from actual fill, initial SL/R0, parent, stacked-PB and reversal ordinal. Sticky stages 1/1.5/2R; cost BE, half-R stop and confirmed pivots; desired SL retained on retry. Close updates daily net/gross, usage and risk reservations. Native identities, partial deals, carry audit and exact callback timing remain unverified. Exact native run parity not yet demonstrated.",AddPositionTrack
PositionTrack.stacked_pullback,ReplayOrder position state,mt5/XAUUSD_ROBUST_FINAL_LIVE_RCv2.mq5:2757,mt5/XAUUSD_ROBUST_FINAL_LIVE_RCv2.mq5:1449,src/application/xauusd_trading_strategy_1_vector/market.py:32; src/application/xauusd_trading_strategy_1_vector/market.py:42; src/application/xauusd_trading_strategy_1_vector/market.py:53; src/application/xauusd_trading_strategy_1_vector/market.py:95; src/application/xauusd_trading_strategy_1_vector/market.py:163; src/application/xauusd_trading_strategy_1_vector/replay.py:142; src/application/xauusd_trading_strategy_1_vector/replay.py:168; src/application/xauusd_trading_strategy_1_vector/replay.py:199; src/application/xauusd_trading_strategy_1_vector/replay.py:250; src/application/xauusd_trading_strategy_1_vector/replay.py:300; src/application/xauusd_trading_strategy_1_vector/replay.py:445; src/application/xauusd_trading_strategy_1_vector/replay.py:535; src/application/xauusd_trading_strategy_1_vector/replay.py:703; src/application/xauusd_trading_strategy_1_vector/trace.py:21; src/application/xauusd_trading_strategy_1_vector/trace.py:37; src/application/xauusd_trading_strategy_1_vector/trace.py:64,src/application/xauusd_trading_strategy_1_vector/market.py:32; src/application/xauusd_trading_strategy_1_vector/market.py:42; src/application/xauusd_trading_strategy_1_vector/market.py:53; src/application/xauusd_trading_strategy_1_vector/market.py:95; src/application/xauusd_trading_strategy_1_vector/market.py:163; src/application/xauusd_trading_strategy_1_vector/replay.py:142; src/application/xauusd_trading_strategy_1_vector/replay.py:168; src/application/xauusd_trading_strategy_1_vector/replay.py:199; src/application/xauusd_trading_strategy_1_vector/replay.py:250; src/application/xauusd_trading_strategy_1_vector/replay.py:300; src/application/xauusd_trading_strategy_1_vector/replay.py:445; src/application/xauusd_trading_strategy_1_vector/replay.py:535; src/application/xauusd_trading_strategy_1_vector/replay.py:703; src/application/xauusd_trading_strategy_1_vector/trace.py:21; src/application/xauusd_trading_strategy_1_vector/trace.py:37; src/application/xauusd_trading_strategy_1_vector/trace.py:64,PARTIAL,"2026-09-30 source port: Successful simulated fill records requested anchor separately from actual fill, initial SL/R0, parent, stacked-PB and reversal ordinal. Sticky stages 1/1.5/2R; cost BE, half-R stop and confirmed pivots; desired SL retained on retry. Close updates daily net/gross, usage and risk reservations. Native identities, partial deals, carry audit and exact callback timing remain unverified. Exact native run parity not yet demonstrated.",AddPositionTrack
PositionTrack.reversal_ordinal,ReplayOrder position state,"mt5/XAUUSD_ROBUST_FINAL_LIVE_RCv2.mq5:2766,2769,2771",mt5/XAUUSD_ROBUST_FINAL_LIVE_RCv2.mq5:1450,src/application/xauusd_trading_strategy_1_vector/market.py:32; src/application/xauusd_trading_strategy_1_vector/market.py:42; src/application/xauusd_trading_strategy_1_vector/market.py:53; src/application/xauusd_trading_strategy_1_vector/market.py:95; src/application/xauusd_trading_strategy_1_vector/market.py:163; src/application/xauusd_trading_strategy_1_vector/replay.py:142; src/application/xauusd_trading_strategy_1_vector/replay.py:168; src/application/xauusd_trading_strategy_1_vector/replay.py:199; src/application/xauusd_trading_strategy_1_vector/replay.py:250; src/application/xauusd_trading_strategy_1_vector/replay.py:300; src/application/xauusd_trading_strategy_1_vector/replay.py:445; src/application/xauusd_trading_strategy_1_vector/replay.py:535; src/application/xauusd_trading_strategy_1_vector/replay.py:703; src/application/xauusd_trading_strategy_1_vector/trace.py:21; src/application/xauusd_trading_strategy_1_vector/trace.py:37; src/application/xauusd_trading_strategy_1_vector/trace.py:64,src/application/xauusd_trading_strategy_1_vector/market.py:32; src/application/xauusd_trading_strategy_1_vector/market.py:42; src/application/xauusd_trading_strategy_1_vector/market.py:53; src/application/xauusd_trading_strategy_1_vector/market.py:95; src/application/xauusd_trading_strategy_1_vector/market.py:163; src/application/xauusd_trading_strategy_1_vector/replay.py:142; src/application/xauusd_trading_strategy_1_vector/replay.py:168; src/application/xauusd_trading_strategy_1_vector/replay.py:199; src/application/xauusd_trading_strategy_1_vector/replay.py:250; src/application/xauusd_trading_strategy_1_vector/replay.py:300; src/application/xauusd_trading_strategy_1_vector/replay.py:445; src/application/xauusd_trading_strategy_1_vector/replay.py:535; src/application/xauusd_trading_strategy_1_vector/replay.py:703; src/application/xauusd_trading_strategy_1_vector/trace.py:21; src/application/xauusd_trading_strategy_1_vector/trace.py:37; src/application/xauusd_trading_strategy_1_vector/trace.py:64,PARTIAL,"2026-09-30 source port: Successful simulated fill records requested anchor separately from actual fill, initial SL/R0, parent, stacked-PB and reversal ordinal. Sticky stages 1/1.5/2R; cost BE, half-R stop and confirmed pivots; desired SL retained on retry. Close updates daily net/gross, usage and risk reservations. Native identities, partial deals, carry audit and exact callback timing remain unverified. Exact native run parity not yet demonstrated.",AddPositionTrack
PositionTrack.session_close_requested,ReplayOrder position state,mt5/XAUUSD_ROBUST_FINAL_LIVE_RCv2.mq5:2760,"mt5/XAUUSD_ROBUST_FINAL_LIVE_RCv2.mq5:623,632,1451",src/application/xauusd_trading_strategy_1_vector/market.py:32; src/application/xauusd_trading_strategy_1_vector/market.py:42; src/application/xauusd_trading_strategy_1_vector/market.py:53; src/application/xauusd_trading_strategy_1_vector/market.py:95; src/application/xauusd_trading_strategy_1_vector/market.py:163; src/application/xauusd_trading_strategy_1_vector/replay.py:142; src/application/xauusd_trading_strategy_1_vector/replay.py:168; src/application/xauusd_trading_strategy_1_vector/replay.py:199; src/application/xauusd_trading_strategy_1_vector/replay.py:250; src/application/xauusd_trading_strategy_1_vector/replay.py:300; src/application/xauusd_trading_strategy_1_vector/replay.py:445; src/application/xauusd_trading_strategy_1_vector/replay.py:535; src/application/xauusd_trading_strategy_1_vector/replay.py:703; src/application/xauusd_trading_strategy_1_vector/trace.py:21; src/application/xauusd_trading_strategy_1_vector/trace.py:37; src/application/xauusd_trading_strategy_1_vector/trace.py:64,src/application/xauusd_trading_strategy_1_vector/market.py:32; src/application/xauusd_trading_strategy_1_vector/market.py:42; src/application/xauusd_trading_strategy_1_vector/market.py:53; src/application/xauusd_trading_strategy_1_vector/market.py:95; src/application/xauusd_trading_strategy_1_vector/market.py:163; src/application/xauusd_trading_strategy_1_vector/replay.py:142; src/application/xauusd_trading_strategy_1_vector/replay.py:168; src/application/xauusd_trading_strategy_1_vector/replay.py:199; src/application/xauusd_trading_strategy_1_vector/replay.py:250; src/application/xauusd_trading_strategy_1_vector/replay.py:300; src/application/xauusd_trading_strategy_1_vector/replay.py:445; src/application/xauusd_trading_strategy_1_vector/replay.py:535; src/application/xauusd_trading_strategy_1_vector/replay.py:703; src/application/xauusd_trading_strategy_1_vector/trace.py:21; src/application/xauusd_trading_strategy_1_vector/trace.py:37; src/application/xauusd_trading_strategy_1_vector/trace.py:64,PARTIAL,"2026-09-30 source port: Successful simulated fill records requested anchor separately from actual fill, initial SL/R0, parent, stacked-PB and reversal ordinal. Sticky stages 1/1.5/2R; cost BE, half-R stop and confirmed pivots; desired SL retained on retry. Close updates daily net/gross, usage and risk reservations. Native identities, partial deals, carry audit and exact callback timing remain unverified. Exact native run parity not yet demonstrated.",AddPositionTrack; FlattenSessionPositions
PositionTrack.session_close_reason,ReplayOrder position state,mt5/XAUUSD_ROBUST_FINAL_LIVE_RCv2.mq5:2761,"mt5/XAUUSD_ROBUST_FINAL_LIVE_RCv2.mq5:624,1452",src/application/xauusd_trading_strategy_1_vector/market.py:32; src/application/xauusd_trading_strategy_1_vector/market.py:42; src/application/xauusd_trading_strategy_1_vector/market.py:53; src/application/xauusd_trading_strategy_1_vector/market.py:95; src/application/xauusd_trading_strategy_1_vector/market.py:163; src/application/xauusd_trading_strategy_1_vector/replay.py:142; src/application/xauusd_trading_strategy_1_vector/replay.py:168; src/application/xauusd_trading_strategy_1_vector/replay.py:199; src/application/xauusd_trading_strategy_1_vector/replay.py:250; src/application/xauusd_trading_strategy_1_vector/replay.py:300; src/application/xauusd_trading_strategy_1_vector/replay.py:445; src/application/xauusd_trading_strategy_1_vector/replay.py:535; src/application/xauusd_trading_strategy_1_vector/replay.py:703; src/application/xauusd_trading_strategy_1_vector/trace.py:21; src/application/xauusd_trading_strategy_1_vector/trace.py:37; src/application/xauusd_trading_strategy_1_vector/trace.py:64,src/application/xauusd_trading_strategy_1_vector/market.py:32; src/application/xauusd_trading_strategy_1_vector/market.py:42; src/application/xauusd_trading_strategy_1_vector/market.py:53; src/application/xauusd_trading_strategy_1_vector/market.py:95; src/application/xauusd_trading_strategy_1_vector/market.py:163; src/application/xauusd_trading_strategy_1_vector/replay.py:142; src/application/xauusd_trading_strategy_1_vector/replay.py:168; src/application/xauusd_trading_strategy_1_vector/replay.py:199; src/application/xauusd_trading_strategy_1_vector/replay.py:250; src/application/xauusd_trading_strategy_1_vector/replay.py:300; src/application/xauusd_trading_strategy_1_vector/replay.py:445; src/application/xauusd_trading_strategy_1_vector/replay.py:535; src/application/xauusd_trading_strategy_1_vector/replay.py:703; src/application/xauusd_trading_strategy_1_vector/trace.py:21; src/application/xauusd_trading_strategy_1_vector/trace.py:37; src/application/xauusd_trading_strategy_1_vector/trace.py:64,PARTIAL,"2026-09-30 source port: Successful simulated fill records requested anchor separately from actual fill, initial SL/R0, parent, stacked-PB and reversal ordinal. Sticky stages 1/1.5/2R; cost BE, half-R stop and confirmed pivots; desired SL retained on retry. Close updates daily net/gross, usage and risk reservations. Native identities, partial deals, carry audit and exact callback timing remain unverified. Exact native run parity not yet demonstrated.",AddPositionTrack; FlattenSessionPositions
PositionTrack.last_carry_audit_key,ReplayOrder position state,mt5/XAUUSD_ROBUST_FINAL_LIVE_RCv2.mq5:577,"mt5/XAUUSD_ROBUST_FINAL_LIVE_RCv2.mq5:578,1453",src/application/xauusd_trading_strategy_1_vector/market.py:32; src/application/xauusd_trading_strategy_1_vector/market.py:42; src/application/xauusd_trading_strategy_1_vector/market.py:53; src/application/xauusd_trading_strategy_1_vector/market.py:95; src/application/xauusd_trading_strategy_1_vector/market.py:163; src/application/xauusd_trading_strategy_1_vector/replay.py:142; src/application/xauusd_trading_strategy_1_vector/replay.py:168; src/application/xauusd_trading_strategy_1_vector/replay.py:199; src/application/xauusd_trading_strategy_1_vector/replay.py:250; src/application/xauusd_trading_strategy_1_vector/replay.py:300; src/application/xauusd_trading_strategy_1_vector/replay.py:445; src/application/xauusd_trading_strategy_1_vector/replay.py:535; src/application/xauusd_trading_strategy_1_vector/replay.py:703; src/application/xauusd_trading_strategy_1_vector/trace.py:21; src/application/xauusd_trading_strategy_1_vector/trace.py:37; src/application/xauusd_trading_strategy_1_vector/trace.py:64,src/application/xauusd_trading_strategy_1_vector/market.py:32; src/application/xauusd_trading_strategy_1_vector/market.py:42; src/application/xauusd_trading_strategy_1_vector/market.py:53; src/application/xauusd_trading_strategy_1_vector/market.py:95; src/application/xauusd_trading_strategy_1_vector/market.py:163; src/application/xauusd_trading_strategy_1_vector/replay.py:142; src/application/xauusd_trading_strategy_1_vector/replay.py:168; src/application/xauusd_trading_strategy_1_vector/replay.py:199; src/application/xauusd_trading_strategy_1_vector/replay.py:250; src/application/xauusd_trading_strategy_1_vector/replay.py:300; src/application/xauusd_trading_strategy_1_vector/replay.py:445; src/application/xauusd_trading_strategy_1_vector/replay.py:535; src/application/xauusd_trading_strategy_1_vector/replay.py:703; src/application/xauusd_trading_strategy_1_vector/trace.py:21; src/application/xauusd_trading_strategy_1_vector/trace.py:37; src/application/xauusd_trading_strategy_1_vector/trace.py:64,PARTIAL,Updated once logically per containing window when filled position predates session start and session telemetry enabled. Preserved outside session and on close; explicit windows required for native session correspondence.,AddPositionTrack; AuditCrossSessionPositions
g_raw_zones,MarketState / ExecutionReplay / trace.shared_trace,"mt5/XAUUSD_ROBUST_FINAL_LIVE_RCv2.mq5:973,983,1099,1101,1105,1106,1107","mt5/XAUUSD_ROBUST_FINAL_LIVE_RCv2.mq5:224,932,974,975,976,977,978,979,980",src/application/xauusd_trading_strategy_1_vector/zone_cache.py:15; src/application/xauusd_trading_strategy_1_vector/zone_cache.py:19,src/application/xauusd_trading_strategy_1_vector/zone_cache.py:15; src/application/xauusd_trading_strategy_1_vector/zone_cache.py:19,PARTIAL,"2026-09-30 source port: Validated daily Python input, normalized bounds, same low-only swap sort, premerge R IDs, gap<1.5 merge and High priority. Python rejects malformed frames; MT5 logs/skips invalid rows. CSV note/raw-day telemetry has no full Python runtime equivalent. Exact native run parity not yet demonstrated.",declaration; LoadAllRawZones
g_zones,MarketState / ExecutionReplay / trace.shared_trace,"mt5/XAUUSD_ROBUST_FINAL_LIVE_RCv2.mq5:342,343,345,346,1039,1041,1042,1044,1045,1046,1049,1059,1070,1080,1084,1085,1102,1117,1118,1119,1121,1122,1131,1178,1180,1181,1182,1183,1191,1193,1194,1201,1205,1212,1215,1217,1220,1231,1239,1246,1249,1251,1253,1254,1263,1264,1269,1271,1272,1282,1400,1457,1462,1565,1568,1569,1572,1581,1582,1586,1597,1598,1599,1611,1612,1624,1625,1846,1849,1854,1862,1863,1870,1895,1904,1910,1912,1914,1915,1924,1925,1933,1935,1936,1946,1988,1993,2001,2002,2012,2013,2014,2018,2019,2031,2032,2041,2047,2051,2056,2057,2058,2060,2068,2069,2079,2081,2084,2087,2090,2119,2122,2124,2131,2132,2133,2141,2142,2363,2367,2369,2376,2391,2393,2394,2400,2401,2402,2404,2407,2919","mt5/XAUUSD_ROBUST_FINAL_LIVE_RCv2.mq5:225,1097,1102,1103,1104,1105,1106,1107,1108,1109,1110,1111,1112,1113,1114,1117,1118,1119,1180,1181,1207,1208,1214,1219,1391,1403,1409,1457,1462,1850,1855",src/application/xauusd_trading_strategy_1_vector/market.py:32; src/application/xauusd_trading_strategy_1_vector/market.py:42; src/application/xauusd_trading_strategy_1_vector/market.py:53; src/application/xauusd_trading_strategy_1_vector/market.py:95; src/application/xauusd_trading_strategy_1_vector/market.py:163; src/application/xauusd_trading_strategy_1_vector/replay.py:142; src/application/xauusd_trading_strategy_1_vector/replay.py:168; src/application/xauusd_trading_strategy_1_vector/replay.py:199; src/application/xauusd_trading_strategy_1_vector/replay.py:250; src/application/xauusd_trading_strategy_1_vector/replay.py:300; src/application/xauusd_trading_strategy_1_vector/replay.py:445; src/application/xauusd_trading_strategy_1_vector/replay.py:535; src/application/xauusd_trading_strategy_1_vector/replay.py:703; src/application/xauusd_trading_strategy_1_vector/trace.py:21; src/application/xauusd_trading_strategy_1_vector/trace.py:37; src/application/xauusd_trading_strategy_1_vector/trace.py:64,src/application/xauusd_trading_strategy_1_vector/market.py:32; src/application/xauusd_trading_strategy_1_vector/market.py:42; src/application/xauusd_trading_strategy_1_vector/market.py:53; src/application/xauusd_trading_strategy_1_vector/market.py:95; src/application/xauusd_trading_strategy_1_vector/market.py:163; src/application/xauusd_trading_strategy_1_vector/replay.py:142; src/application/xauusd_trading_strategy_1_vector/replay.py:168; src/application/xauusd_trading_strategy_1_vector/replay.py:199; src/application/xauusd_trading_strategy_1_vector/replay.py:250; src/application/xauusd_trading_strategy_1_vector/replay.py:300; src/application/xauusd_trading_strategy_1_vector/replay.py:445; src/application/xauusd_trading_strategy_1_vector/replay.py:535; src/application/xauusd_trading_strategy_1_vector/replay.py:703; src/application/xauusd_trading_strategy_1_vector/trace.py:21; src/application/xauusd_trading_strategy_1_vector/trace.py:37; src/application/xauusd_trading_strategy_1_vector/trace.py:64,PARTIAL,"2026-09-30 source port: Daily geometry/quotas reset on day change; engagement resets from native open then latches crossings; previous Bid persists. Reversal side/bar slot claimed before entry gates; actual replay fills increment separate counters, exits update usage enum. Snapshot maps each corresponding field in trace.shared_trace. Exact native run parity not yet demonstrated.",declaration; AddPositionTrack; ClaimReversalSignalSlot; LoadZonesForDay; MarkZoneUsageActive; MarkZoneUsageConsumed; ResetEngagementForCurrentBar; UpdateZoneEngagement
g_cycles,MarketState / ExecutionReplay / trace.shared_trace,"mt5/XAUUSD_ROBUST_FINAL_LIVE_RCv2.mq5:1796,1798,1799,1807,2107,2108,2127,2147,2148,2150,2162,2164,2165,2166,2185,2186,2189,2190,2192,2194,2201,2204,2205,2213,2217,2218,2219,2224,2225,2230,2234,2235,2236,2237,2244,2246,2253,2254,2255,2256,2264,2266,2267,2270,2276,2278,2279,2283,2288,2290,2303","mt5/XAUUSD_ROBUST_FINAL_LIVE_RCv2.mq5:226,1420,1421,1810,1811,1812,2127,2128,2129,2130,2131,2132,2133,2134,2135,2136,2137,2138,2139,2140,2151,2166,2195,2220,2223,2249,2250,2251,2282,2294,2295",src/application/xauusd_trading_strategy_1_vector/market.py:32; src/application/xauusd_trading_strategy_1_vector/market.py:42; src/application/xauusd_trading_strategy_1_vector/market.py:53; src/application/xauusd_trading_strategy_1_vector/market.py:95; src/application/xauusd_trading_strategy_1_vector/market.py:163; src/application/xauusd_trading_strategy_1_vector/replay.py:142; src/application/xauusd_trading_strategy_1_vector/replay.py:168; src/application/xauusd_trading_strategy_1_vector/replay.py:199; src/application/xauusd_trading_strategy_1_vector/replay.py:250; src/application/xauusd_trading_strategy_1_vector/replay.py:300; src/application/xauusd_trading_strategy_1_vector/replay.py:445; src/application/xauusd_trading_strategy_1_vector/replay.py:535; src/application/xauusd_trading_strategy_1_vector/replay.py:703; src/application/xauusd_trading_strategy_1_vector/trace.py:21; src/application/xauusd_trading_strategy_1_vector/trace.py:37; src/application/xauusd_trading_strategy_1_vector/trace.py:64,src/application/xauusd_trading_strategy_1_vector/market.py:32; src/application/xauusd_trading_strategy_1_vector/market.py:42; src/application/xauusd_trading_strategy_1_vector/market.py:53; src/application/xauusd_trading_strategy_1_vector/market.py:95; src/application/xauusd_trading_strategy_1_vector/market.py:163; src/application/xauusd_trading_strategy_1_vector/replay.py:142; src/application/xauusd_trading_strategy_1_vector/replay.py:168; src/application/xauusd_trading_strategy_1_vector/replay.py:199; src/application/xauusd_trading_strategy_1_vector/replay.py:250; src/application/xauusd_trading_strategy_1_vector/replay.py:300; src/application/xauusd_trading_strategy_1_vector/replay.py:445; src/application/xauusd_trading_strategy_1_vector/replay.py:535; src/application/xauusd_trading_strategy_1_vector/replay.py:703; src/application/xauusd_trading_strategy_1_vector/trace.py:21; src/application/xauusd_trading_strategy_1_vector/trace.py:37; src/application/xauusd_trading_strategy_1_vector/trace.py:64,PARTIAL,2026-09-30 source port: Active same-day zone/side parent retained. Age before old-bar close; offsets 1..window_bars. Penetration inclusive; exact-edge invalid stop retries. Fill ends matching active cycle and clears ticket. EndCycle deactivates despite rejected delete and retains ticket. Native callback ordering still requires recorded execution evidence. Exact native run parity not yet demonstrated.,declaration; AgePullbackCyclesOnNewBar; CompletePullbackCycleOnFill; CreatePullbackCycle; EndCycle; EnforcePendingRiskReservations; ManagePullbackCycles; PlaceConservativePending
g_requests,MarketState / ExecutionReplay / trace.shared_trace,"mt5/XAUUSD_ROBUST_FINAL_LIVE_RCv2.mq5:1289,1304,1309,1310,2709,2710,2711,2712,2713,2714,2715","mt5/XAUUSD_ROBUST_FINAL_LIVE_RCv2.mq5:227,1289,1290,1291,1292,1293,1294,1295,1296,1297,1298,1304",src/application/xauusd_trading_strategy_1_vector/market.py:32; src/application/xauusd_trading_strategy_1_vector/market.py:42; src/application/xauusd_trading_strategy_1_vector/market.py:53; src/application/xauusd_trading_strategy_1_vector/market.py:95; src/application/xauusd_trading_strategy_1_vector/market.py:163; src/application/xauusd_trading_strategy_1_vector/replay.py:142; src/application/xauusd_trading_strategy_1_vector/replay.py:168; src/application/xauusd_trading_strategy_1_vector/replay.py:199; src/application/xauusd_trading_strategy_1_vector/replay.py:250; src/application/xauusd_trading_strategy_1_vector/replay.py:300; src/application/xauusd_trading_strategy_1_vector/replay.py:445; src/application/xauusd_trading_strategy_1_vector/replay.py:535; src/application/xauusd_trading_strategy_1_vector/replay.py:703; src/application/xauusd_trading_strategy_1_vector/trace.py:21; src/application/xauusd_trading_strategy_1_vector/trace.py:37; src/application/xauusd_trading_strategy_1_vector/trace.py:64,src/application/xauusd_trading_strategy_1_vector/market.py:32; src/application/xauusd_trading_strategy_1_vector/market.py:42; src/application/xauusd_trading_strategy_1_vector/market.py:53; src/application/xauusd_trading_strategy_1_vector/market.py:95; src/application/xauusd_trading_strategy_1_vector/market.py:163; src/application/xauusd_trading_strategy_1_vector/replay.py:142; src/application/xauusd_trading_strategy_1_vector/replay.py:168; src/application/xauusd_trading_strategy_1_vector/replay.py:199; src/application/xauusd_trading_strategy_1_vector/replay.py:250; src/application/xauusd_trading_strategy_1_vector/replay.py:300; src/application/xauusd_trading_strategy_1_vector/replay.py:445; src/application/xauusd_trading_strategy_1_vector/replay.py:535; src/application/xauusd_trading_strategy_1_vector/replay.py:703; src/application/xauusd_trading_strategy_1_vector/trace.py:21; src/application/xauusd_trading_strategy_1_vector/trace.py:37; src/application/xauusd_trading_strategy_1_vector/trace.py:64,PARTIAL,"2026-09-30 source port: Metadata appended before send; failed send or recognized fill deactivates request. Requested price, initial SL, TP, immutable R0, target, parent and ordinal retained. Comments projected in MT5 format; broker request/deal association is synthetic. Exact native run parity not yet demonstrated.",declaration; AddRequestMeta; DeactivateRequest
g_positions,MarketState / ExecutionReplay / trace.shared_trace,"mt5/XAUUSD_ROBUST_FINAL_LIVE_RCv2.mq5:577,579,612,1374,1380,1381,1382,1431,1679,1680,1681,2311,2312,2313,2319,2321,2322,2332,2333,2504,2505,2506,2511,2514,2516,2518,2520,2521,2527,2528,2533,2535,2542,2543,2544,2552,2554,2555,2556,2559,2560,2563,2566,2567,2569,2572,2573,2575,2578,2579,2584,2587,2590,2594,2598,2600,2601,2604,2606,2608,2609,2751,2752,2753,2754,2755,2756,2757,2758,2759,2760,2761,2766,2769,2771","mt5/XAUUSD_ROBUST_FINAL_LIVE_RCv2.mq5:228,578,623,624,632,1431,1432,1433,1434,1435,1436,1437,1438,1439,1440,1441,1442,1443,1444,1445,1446,1447,1448,1449,1450,1451,1452,1453,2513,2522,2536,2540,2541,2565,2571,2577,2768",src/application/xauusd_trading_strategy_1_vector/market.py:32; src/application/xauusd_trading_strategy_1_vector/market.py:42; src/application/xauusd_trading_strategy_1_vector/market.py:53; src/application/xauusd_trading_strategy_1_vector/market.py:95; src/application/xauusd_trading_strategy_1_vector/market.py:163; src/application/xauusd_trading_strategy_1_vector/replay.py:142; src/application/xauusd_trading_strategy_1_vector/replay.py:168; src/application/xauusd_trading_strategy_1_vector/replay.py:199; src/application/xauusd_trading_strategy_1_vector/replay.py:250; src/application/xauusd_trading_strategy_1_vector/replay.py:300; src/application/xauusd_trading_strategy_1_vector/replay.py:445; src/application/xauusd_trading_strategy_1_vector/replay.py:535; src/application/xauusd_trading_strategy_1_vector/replay.py:703; src/application/xauusd_trading_strategy_1_vector/trace.py:21; src/application/xauusd_trading_strategy_1_vector/trace.py:37; src/application/xauusd_trading_strategy_1_vector/trace.py:64,src/application/xauusd_trading_strategy_1_vector/market.py:32; src/application/xauusd_trading_strategy_1_vector/market.py:42; src/application/xauusd_trading_strategy_1_vector/market.py:53; src/application/xauusd_trading_strategy_1_vector/market.py:95; src/application/xauusd_trading_strategy_1_vector/market.py:163; src/application/xauusd_trading_strategy_1_vector/replay.py:142; src/application/xauusd_trading_strategy_1_vector/replay.py:168; src/application/xauusd_trading_strategy_1_vector/replay.py:199; src/application/xauusd_trading_strategy_1_vector/replay.py:250; src/application/xauusd_trading_strategy_1_vector/replay.py:300; src/application/xauusd_trading_strategy_1_vector/replay.py:445; src/application/xauusd_trading_strategy_1_vector/replay.py:535; src/application/xauusd_trading_strategy_1_vector/replay.py:703; src/application/xauusd_trading_strategy_1_vector/trace.py:21; src/application/xauusd_trading_strategy_1_vector/trace.py:37; src/application/xauusd_trading_strategy_1_vector/trace.py:64,PARTIAL,"2026-09-30 source port: Successful simulated fill records requested anchor separately from actual fill, initial SL/R0, parent, stacked-PB and reversal ordinal. Sticky stages 1/1.5/2R; cost BE, half-R stop and confirmed pivots; desired SL retained on retry. Close updates daily net/gross, usage and risk reservations. Native identities, partial deals, carry audit and exact callback timing remain unverified. Exact native run parity not yet demonstrated.",declaration; AddPositionTrack; ApprovedStrategyOnTradeTransaction; AuditCrossSessionPositions; FlattenSessionPositions; ManageProfitProtection; ModifyStopExact
g_day_key,MarketState / ExecutionReplay / trace.shared_trace,"mt5/XAUUSD_ROBUST_FINAL_LIVE_RCv2.mq5:1042,1046,1130,2051,2122,2130,2266,2367,2407,2784,2794,2796,2815","mt5/XAUUSD_ROBUST_FINAL_LIVE_RCv2.mq5:230,2795",src/application/xauusd_trading_strategy_1_vector/market.py:32; src/application/xauusd_trading_strategy_1_vector/market.py:42; src/application/xauusd_trading_strategy_1_vector/market.py:53; src/application/xauusd_trading_strategy_1_vector/market.py:95; src/application/xauusd_trading_strategy_1_vector/market.py:163; src/application/xauusd_trading_strategy_1_vector/replay.py:142; src/application/xauusd_trading_strategy_1_vector/replay.py:168; src/application/xauusd_trading_strategy_1_vector/replay.py:199; src/application/xauusd_trading_strategy_1_vector/replay.py:250; src/application/xauusd_trading_strategy_1_vector/replay.py:300; src/application/xauusd_trading_strategy_1_vector/replay.py:445; src/application/xauusd_trading_strategy_1_vector/replay.py:535; src/application/xauusd_trading_strategy_1_vector/replay.py:703; src/application/xauusd_trading_strategy_1_vector/trace.py:21; src/application/xauusd_trading_strategy_1_vector/trace.py:37; src/application/xauusd_trading_strategy_1_vector/trace.py:64,src/application/xauusd_trading_strategy_1_vector/market.py:32; src/application/xauusd_trading_strategy_1_vector/market.py:42; src/application/xauusd_trading_strategy_1_vector/market.py:53; src/application/xauusd_trading_strategy_1_vector/market.py:95; src/application/xauusd_trading_strategy_1_vector/market.py:163; src/application/xauusd_trading_strategy_1_vector/replay.py:142; src/application/xauusd_trading_strategy_1_vector/replay.py:168; src/application/xauusd_trading_strategy_1_vector/replay.py:199; src/application/xauusd_trading_strategy_1_vector/replay.py:250; src/application/xauusd_trading_strategy_1_vector/replay.py:300; src/application/xauusd_trading_strategy_1_vector/replay.py:445; src/application/xauusd_trading_strategy_1_vector/replay.py:535; src/application/xauusd_trading_strategy_1_vector/replay.py:703; src/application/xauusd_trading_strategy_1_vector/trace.py:21; src/application/xauusd_trading_strategy_1_vector/trace.py:37; src/application/xauusd_trading_strategy_1_vector/trace.py:64,PARTIAL,2026-09-30 source port: Broker day changes after old-bar close; snapshot uses dotted date. Exact native run parity not yet demonstrated.,declaration; HandleDayChange
g_day_valid,MarketState / ExecutionReplay / trace.shared_trace,"mt5/XAUUSD_ROBUST_FINAL_LIVE_RCv2.mq5:1125,2078,2387,2948","mt5/XAUUSD_ROBUST_FINAL_LIVE_RCv2.mq5:231,1098,1121",src/application/xauusd_trading_strategy_1_vector/market.py:32; src/application/xauusd_trading_strategy_1_vector/market.py:42; src/application/xauusd_trading_strategy_1_vector/market.py:53; src/application/xauusd_trading_strategy_1_vector/market.py:95; src/application/xauusd_trading_strategy_1_vector/market.py:163; src/application/xauusd_trading_strategy_1_vector/replay.py:142; src/application/xauusd_trading_strategy_1_vector/replay.py:168; src/application/xauusd_trading_strategy_1_vector/replay.py:199; src/application/xauusd_trading_strategy_1_vector/replay.py:250; src/application/xauusd_trading_strategy_1_vector/replay.py:300; src/application/xauusd_trading_strategy_1_vector/replay.py:445; src/application/xauusd_trading_strategy_1_vector/replay.py:535; src/application/xauusd_trading_strategy_1_vector/replay.py:703; src/application/xauusd_trading_strategy_1_vector/trace.py:21; src/application/xauusd_trading_strategy_1_vector/trace.py:37; src/application/xauusd_trading_strategy_1_vector/trace.py:64,src/application/xauusd_trading_strategy_1_vector/market.py:32; src/application/xauusd_trading_strategy_1_vector/market.py:42; src/application/xauusd_trading_strategy_1_vector/market.py:53; src/application/xauusd_trading_strategy_1_vector/market.py:95; src/application/xauusd_trading_strategy_1_vector/market.py:163; src/application/xauusd_trading_strategy_1_vector/replay.py:142; src/application/xauusd_trading_strategy_1_vector/replay.py:168; src/application/xauusd_trading_strategy_1_vector/replay.py:199; src/application/xauusd_trading_strategy_1_vector/replay.py:250; src/application/xauusd_trading_strategy_1_vector/replay.py:300; src/application/xauusd_trading_strategy_1_vector/replay.py:445; src/application/xauusd_trading_strategy_1_vector/replay.py:535; src/application/xauusd_trading_strategy_1_vector/replay.py:703; src/application/xauusd_trading_strategy_1_vector/trace.py:21; src/application/xauusd_trading_strategy_1_vector/trace.py:37; src/application/xauusd_trading_strategy_1_vector/trace.py:64,PARTIAL,2026-09-30 source port: Whether current daily zones are nonempty. Exact native run parity not yet demonstrated.,declaration; LoadZonesForDay
g_bar_time,MarketState / ExecutionReplay / trace.shared_trace,"mt5/XAUUSD_ROBUST_FINAL_LIVE_RCv2.mq5:1490,1491,1492,1846,1849,1850,1854,1855,2804,2811,2909,2937","mt5/XAUUSD_ROBUST_FINAL_LIVE_RCv2.mq5:232,2817,2908",src/application/xauusd_trading_strategy_1_vector/market.py:32; src/application/xauusd_trading_strategy_1_vector/market.py:42; src/application/xauusd_trading_strategy_1_vector/market.py:53; src/application/xauusd_trading_strategy_1_vector/market.py:95; src/application/xauusd_trading_strategy_1_vector/market.py:163; src/application/xauusd_trading_strategy_1_vector/replay.py:142; src/application/xauusd_trading_strategy_1_vector/replay.py:168; src/application/xauusd_trading_strategy_1_vector/replay.py:199; src/application/xauusd_trading_strategy_1_vector/replay.py:250; src/application/xauusd_trading_strategy_1_vector/replay.py:300; src/application/xauusd_trading_strategy_1_vector/replay.py:445; src/application/xauusd_trading_strategy_1_vector/replay.py:535; src/application/xauusd_trading_strategy_1_vector/replay.py:703; src/application/xauusd_trading_strategy_1_vector/trace.py:21; src/application/xauusd_trading_strategy_1_vector/trace.py:37; src/application/xauusd_trading_strategy_1_vector/trace.py:64,src/application/xauusd_trading_strategy_1_vector/market.py:32; src/application/xauusd_trading_strategy_1_vector/market.py:42; src/application/xauusd_trading_strategy_1_vector/market.py:53; src/application/xauusd_trading_strategy_1_vector/market.py:95; src/application/xauusd_trading_strategy_1_vector/market.py:163; src/application/xauusd_trading_strategy_1_vector/replay.py:142; src/application/xauusd_trading_strategy_1_vector/replay.py:168; src/application/xauusd_trading_strategy_1_vector/replay.py:199; src/application/xauusd_trading_strategy_1_vector/replay.py:250; src/application/xauusd_trading_strategy_1_vector/replay.py:300; src/application/xauusd_trading_strategy_1_vector/replay.py:445; src/application/xauusd_trading_strategy_1_vector/replay.py:535; src/application/xauusd_trading_strategy_1_vector/replay.py:703; src/application/xauusd_trading_strategy_1_vector/trace.py:21; src/application/xauusd_trading_strategy_1_vector/trace.py:37; src/application/xauusd_trading_strategy_1_vector/trace.py:64,PARTIAL,2026-09-30 source port: Assigned new observed native bar after old-bar processing; no replay of skipped bars. Exact native run parity not yet demonstrated.,declaration; ApprovedStrategyOnInit; ProcessNewBar
g_prev_bid,MarketState / ExecutionReplay / trace.shared_trace,"mt5/XAUUSD_ROBUST_FINAL_LIVE_RCv2.mq5:2948,2950,2953,2954,2955","mt5/XAUUSD_ROBUST_FINAL_LIVE_RCv2.mq5:233,2915,2942,2960",src/application/xauusd_trading_strategy_1_vector/market.py:32; src/application/xauusd_trading_strategy_1_vector/market.py:42; src/application/xauusd_trading_strategy_1_vector/market.py:53; src/application/xauusd_trading_strategy_1_vector/market.py:95; src/application/xauusd_trading_strategy_1_vector/market.py:163; src/application/xauusd_trading_strategy_1_vector/replay.py:142; src/application/xauusd_trading_strategy_1_vector/replay.py:168; src/application/xauusd_trading_strategy_1_vector/replay.py:199; src/application/xauusd_trading_strategy_1_vector/replay.py:250; src/application/xauusd_trading_strategy_1_vector/replay.py:300; src/application/xauusd_trading_strategy_1_vector/replay.py:445; src/application/xauusd_trading_strategy_1_vector/replay.py:535; src/application/xauusd_trading_strategy_1_vector/replay.py:703; src/application/xauusd_trading_strategy_1_vector/trace.py:21; src/application/xauusd_trading_strategy_1_vector/trace.py:37; src/application/xauusd_trading_strategy_1_vector/trace.py:64,src/application/xauusd_trading_strategy_1_vector/market.py:32; src/application/xauusd_trading_strategy_1_vector/market.py:42; src/application/xauusd_trading_strategy_1_vector/market.py:53; src/application/xauusd_trading_strategy_1_vector/market.py:95; src/application/xauusd_trading_strategy_1_vector/market.py:163; src/application/xauusd_trading_strategy_1_vector/replay.py:142; src/application/xauusd_trading_strategy_1_vector/replay.py:168; src/application/xauusd_trading_strategy_1_vector/replay.py:199; src/application/xauusd_trading_strategy_1_vector/replay.py:250; src/application/xauusd_trading_strategy_1_vector/replay.py:300; src/application/xauusd_trading_strategy_1_vector/replay.py:445; src/application/xauusd_trading_strategy_1_vector/replay.py:535; src/application/xauusd_trading_strategy_1_vector/replay.py:703; src/application/xauusd_trading_strategy_1_vector/trace.py:21; src/application/xauusd_trading_strategy_1_vector/trace.py:37; src/application/xauusd_trading_strategy_1_vector/trace.py:64,PARTIAL,"2026-09-30 source port: Initialized from first quote; saved after each tick, persists across bars/days. Exact native run parity not yet demonstrated.",declaration; ApprovedStrategyOnInit; ApprovedStrategyOnTick
g_ref_high,MarketState / ExecutionReplay / trace.shared_trace,"mt5/XAUUSD_ROBUST_FINAL_LIVE_RCv2.mq5:1158,1161,1169,1172","mt5/XAUUSD_ROBUST_FINAL_LIVE_RCv2.mq5:234,1154,1158",src/application/xauusd_trading_strategy_1_vector/market.py:32; src/application/xauusd_trading_strategy_1_vector/market.py:42; src/application/xauusd_trading_strategy_1_vector/market.py:53; src/application/xauusd_trading_strategy_1_vector/market.py:95; src/application/xauusd_trading_strategy_1_vector/market.py:163; src/application/xauusd_trading_strategy_1_vector/replay.py:142; src/application/xauusd_trading_strategy_1_vector/replay.py:168; src/application/xauusd_trading_strategy_1_vector/replay.py:199; src/application/xauusd_trading_strategy_1_vector/replay.py:250; src/application/xauusd_trading_strategy_1_vector/replay.py:300; src/application/xauusd_trading_strategy_1_vector/replay.py:445; src/application/xauusd_trading_strategy_1_vector/replay.py:535; src/application/xauusd_trading_strategy_1_vector/replay.py:703; src/application/xauusd_trading_strategy_1_vector/trace.py:21; src/application/xauusd_trading_strategy_1_vector/trace.py:37; src/application/xauusd_trading_strategy_1_vector/trace.py:64,src/application/xauusd_trading_strategy_1_vector/market.py:32; src/application/xauusd_trading_strategy_1_vector/market.py:42; src/application/xauusd_trading_strategy_1_vector/market.py:53; src/application/xauusd_trading_strategy_1_vector/market.py:95; src/application/xauusd_trading_strategy_1_vector/market.py:163; src/application/xauusd_trading_strategy_1_vector/replay.py:142; src/application/xauusd_trading_strategy_1_vector/replay.py:168; src/application/xauusd_trading_strategy_1_vector/replay.py:199; src/application/xauusd_trading_strategy_1_vector/replay.py:250; src/application/xauusd_trading_strategy_1_vector/replay.py:300; src/application/xauusd_trading_strategy_1_vector/replay.py:445; src/application/xauusd_trading_strategy_1_vector/replay.py:535; src/application/xauusd_trading_strategy_1_vector/replay.py:703; src/application/xauusd_trading_strategy_1_vector/trace.py:21; src/application/xauusd_trading_strategy_1_vector/trace.py:37; src/application/xauusd_trading_strategy_1_vector/trace.py:64,PARTIAL,"2026-09-30 source port: Maximum high of exactly three native closed candles, including prior days. Exact native run parity not yet demonstrated.",declaration; UpdateTrendReference
g_ref_low,MarketState / ExecutionReplay / trace.shared_trace,"mt5/XAUUSD_ROBUST_FINAL_LIVE_RCv2.mq5:1159,1161,1170,1172","mt5/XAUUSD_ROBUST_FINAL_LIVE_RCv2.mq5:235,1155,1159",src/application/xauusd_trading_strategy_1_vector/market.py:32; src/application/xauusd_trading_strategy_1_vector/market.py:42; src/application/xauusd_trading_strategy_1_vector/market.py:53; src/application/xauusd_trading_strategy_1_vector/market.py:95; src/application/xauusd_trading_strategy_1_vector/market.py:163; src/application/xauusd_trading_strategy_1_vector/replay.py:142; src/application/xauusd_trading_strategy_1_vector/replay.py:168; src/application/xauusd_trading_strategy_1_vector/replay.py:199; src/application/xauusd_trading_strategy_1_vector/replay.py:250; src/application/xauusd_trading_strategy_1_vector/replay.py:300; src/application/xauusd_trading_strategy_1_vector/replay.py:445; src/application/xauusd_trading_strategy_1_vector/replay.py:535; src/application/xauusd_trading_strategy_1_vector/replay.py:703; src/application/xauusd_trading_strategy_1_vector/trace.py:21; src/application/xauusd_trading_strategy_1_vector/trace.py:37; src/application/xauusd_trading_strategy_1_vector/trace.py:64,src/application/xauusd_trading_strategy_1_vector/market.py:32; src/application/xauusd_trading_strategy_1_vector/market.py:42; src/application/xauusd_trading_strategy_1_vector/market.py:53; src/application/xauusd_trading_strategy_1_vector/market.py:95; src/application/xauusd_trading_strategy_1_vector/market.py:163; src/application/xauusd_trading_strategy_1_vector/replay.py:142; src/application/xauusd_trading_strategy_1_vector/replay.py:168; src/application/xauusd_trading_strategy_1_vector/replay.py:199; src/application/xauusd_trading_strategy_1_vector/replay.py:250; src/application/xauusd_trading_strategy_1_vector/replay.py:300; src/application/xauusd_trading_strategy_1_vector/replay.py:445; src/application/xauusd_trading_strategy_1_vector/replay.py:535; src/application/xauusd_trading_strategy_1_vector/replay.py:703; src/application/xauusd_trading_strategy_1_vector/trace.py:21; src/application/xauusd_trading_strategy_1_vector/trace.py:37; src/application/xauusd_trading_strategy_1_vector/trace.py:64,PARTIAL,"2026-09-30 source port: Minimum low of exactly three native closed candles, including prior days. Exact native run parity not yet demonstrated.",declaration; UpdateTrendReference
g_trend,MarketState / ExecutionReplay / trace.shared_trace,"mt5/XAUUSD_ROBUST_FINAL_LIVE_RCv2.mq5:380,431,778,1168,1171,1172,2081,2087,2388,2810","mt5/XAUUSD_ROBUST_FINAL_LIVE_RCv2.mq5:236,1169,1170,2389,2411",src/application/xauusd_trading_strategy_1_vector/market.py:32; src/application/xauusd_trading_strategy_1_vector/market.py:42; src/application/xauusd_trading_strategy_1_vector/market.py:53; src/application/xauusd_trading_strategy_1_vector/market.py:95; src/application/xauusd_trading_strategy_1_vector/market.py:163; src/application/xauusd_trading_strategy_1_vector/replay.py:142; src/application/xauusd_trading_strategy_1_vector/replay.py:168; src/application/xauusd_trading_strategy_1_vector/replay.py:199; src/application/xauusd_trading_strategy_1_vector/replay.py:250; src/application/xauusd_trading_strategy_1_vector/replay.py:300; src/application/xauusd_trading_strategy_1_vector/replay.py:445; src/application/xauusd_trading_strategy_1_vector/replay.py:535; src/application/xauusd_trading_strategy_1_vector/replay.py:703; src/application/xauusd_trading_strategy_1_vector/trace.py:21; src/application/xauusd_trading_strategy_1_vector/trace.py:37; src/application/xauusd_trading_strategy_1_vector/trace.py:64,src/application/xauusd_trading_strategy_1_vector/market.py:32; src/application/xauusd_trading_strategy_1_vector/market.py:42; src/application/xauusd_trading_strategy_1_vector/market.py:53; src/application/xauusd_trading_strategy_1_vector/market.py:95; src/application/xauusd_trading_strategy_1_vector/market.py:163; src/application/xauusd_trading_strategy_1_vector/replay.py:142; src/application/xauusd_trading_strategy_1_vector/replay.py:168; src/application/xauusd_trading_strategy_1_vector/replay.py:199; src/application/xauusd_trading_strategy_1_vector/replay.py:250; src/application/xauusd_trading_strategy_1_vector/replay.py:300; src/application/xauusd_trading_strategy_1_vector/replay.py:445; src/application/xauusd_trading_strategy_1_vector/replay.py:535; src/application/xauusd_trading_strategy_1_vector/replay.py:703; src/application/xauusd_trading_strategy_1_vector/trace.py:21; src/application/xauusd_trading_strategy_1_vector/trace.py:37; src/application/xauusd_trading_strategy_1_vector/trace.py:64,PARTIAL,"2026-09-30 source port: Sticky strict-threshold trend, preserved across days; NONE=0, UP=1, DOWN=-1. Exact native run parity not yet demonstrated.",declaration; ProcessClosedBar; UpdateTrendState
g_event_seq,NOT_IMPLEMENTED,"mt5/XAUUSD_ROBUST_FINAL_LIVE_RCv2.mq5:332,333","mt5/XAUUSD_ROBUST_FINAL_LIVE_RCv2.mq5:237,332",NOT_IMPLEMENTED,NOT_IMPLEMENTED,ABSENT,Starts0; NextEventId increments for journal IDs; replay request sequence is not a journal-event counter.,declaration; NextEventId
g_breakout_seq,MarketState / ExecutionReplay / trace.shared_trace,"mt5/XAUUSD_ROBUST_FINAL_LIVE_RCv2.mq5:2101,2102","mt5/XAUUSD_ROBUST_FINAL_LIVE_RCv2.mq5:238,2101,2794",src/application/xauusd_trading_strategy_1_vector/market.py:32; src/application/xauusd_trading_strategy_1_vector/market.py:42; src/application/xauusd_trading_strategy_1_vector/market.py:53; src/application/xauusd_trading_strategy_1_vector/market.py:95; src/application/xauusd_trading_strategy_1_vector/market.py:163; src/application/xauusd_trading_strategy_1_vector/replay.py:142; src/application/xauusd_trading_strategy_1_vector/replay.py:168; src/application/xauusd_trading_strategy_1_vector/replay.py:199; src/application/xauusd_trading_strategy_1_vector/replay.py:250; src/application/xauusd_trading_strategy_1_vector/replay.py:300; src/application/xauusd_trading_strategy_1_vector/replay.py:445; src/application/xauusd_trading_strategy_1_vector/replay.py:535; src/application/xauusd_trading_strategy_1_vector/replay.py:703; src/application/xauusd_trading_strategy_1_vector/trace.py:21; src/application/xauusd_trading_strategy_1_vector/trace.py:37; src/application/xauusd_trading_strategy_1_vector/trace.py:64,src/application/xauusd_trading_strategy_1_vector/market.py:32; src/application/xauusd_trading_strategy_1_vector/market.py:42; src/application/xauusd_trading_strategy_1_vector/market.py:53; src/application/xauusd_trading_strategy_1_vector/market.py:95; src/application/xauusd_trading_strategy_1_vector/market.py:163; src/application/xauusd_trading_strategy_1_vector/replay.py:142; src/application/xauusd_trading_strategy_1_vector/replay.py:168; src/application/xauusd_trading_strategy_1_vector/replay.py:199; src/application/xauusd_trading_strategy_1_vector/replay.py:250; src/application/xauusd_trading_strategy_1_vector/replay.py:300; src/application/xauusd_trading_strategy_1_vector/replay.py:445; src/application/xauusd_trading_strategy_1_vector/replay.py:535; src/application/xauusd_trading_strategy_1_vector/replay.py:703; src/application/xauusd_trading_strategy_1_vector/trace.py:21; src/application/xauusd_trading_strategy_1_vector/trace.py:37; src/application/xauusd_trading_strategy_1_vector/trace.py:64,PARTIAL,2026-09-30 source port: BO#01 sequence increments before invalidated reversal close; resets on broker day. Exact native run parity not yet demonstrated.,declaration; HandleDayChange; NextBreakoutId
g_initial_deposit,MarketState / ExecutionReplay / trace.shared_trace,"mt5/XAUUSD_ROBUST_FINAL_LIVE_RCv2.mq5:1647,2653,2919","mt5/XAUUSD_ROBUST_FINAL_LIVE_RCv2.mq5:239,2847",src/application/xauusd_trading_strategy_1_vector/market.py:32; src/application/xauusd_trading_strategy_1_vector/market.py:42; src/application/xauusd_trading_strategy_1_vector/market.py:53; src/application/xauusd_trading_strategy_1_vector/market.py:95; src/application/xauusd_trading_strategy_1_vector/market.py:163; src/application/xauusd_trading_strategy_1_vector/replay.py:142; src/application/xauusd_trading_strategy_1_vector/replay.py:168; src/application/xauusd_trading_strategy_1_vector/replay.py:199; src/application/xauusd_trading_strategy_1_vector/replay.py:250; src/application/xauusd_trading_strategy_1_vector/replay.py:300; src/application/xauusd_trading_strategy_1_vector/replay.py:445; src/application/xauusd_trading_strategy_1_vector/replay.py:535; src/application/xauusd_trading_strategy_1_vector/replay.py:703; src/application/xauusd_trading_strategy_1_vector/trace.py:21; src/application/xauusd_trading_strategy_1_vector/trace.py:37; src/application/xauusd_trading_strategy_1_vector/trace.py:64,src/application/xauusd_trading_strategy_1_vector/market.py:32; src/application/xauusd_trading_strategy_1_vector/market.py:42; src/application/xauusd_trading_strategy_1_vector/market.py:53; src/application/xauusd_trading_strategy_1_vector/market.py:95; src/application/xauusd_trading_strategy_1_vector/market.py:163; src/application/xauusd_trading_strategy_1_vector/replay.py:142; src/application/xauusd_trading_strategy_1_vector/replay.py:168; src/application/xauusd_trading_strategy_1_vector/replay.py:199; src/application/xauusd_trading_strategy_1_vector/replay.py:250; src/application/xauusd_trading_strategy_1_vector/replay.py:300; src/application/xauusd_trading_strategy_1_vector/replay.py:445; src/application/xauusd_trading_strategy_1_vector/replay.py:535; src/application/xauusd_trading_strategy_1_vector/replay.py:703; src/application/xauusd_trading_strategy_1_vector/trace.py:21; src/application/xauusd_trading_strategy_1_vector/trace.py:37; src/application/xauusd_trading_strategy_1_vector/trace.py:64,PARTIAL,2026-09-30 source port: ReplayConfig.initial_balance captured as risk basis; native account acquisition remains external. Exact native run parity not yet demonstrated.,declaration; ApprovedStrategyOnInit
g_daily_realized_net,MarketState / ExecutionReplay / trace.shared_trace,"mt5/XAUUSD_ROBUST_FINAL_LIVE_RCv2.mq5:1662,2659,2666,2668,2674,2749,2769","mt5/XAUUSD_ROBUST_FINAL_LIVE_RCv2.mq5:240,2749,2789",src/application/xauusd_trading_strategy_1_vector/market.py:32; src/application/xauusd_trading_strategy_1_vector/market.py:42; src/application/xauusd_trading_strategy_1_vector/market.py:53; src/application/xauusd_trading_strategy_1_vector/market.py:95; src/application/xauusd_trading_strategy_1_vector/market.py:163; src/application/xauusd_trading_strategy_1_vector/replay.py:142; src/application/xauusd_trading_strategy_1_vector/replay.py:168; src/application/xauusd_trading_strategy_1_vector/replay.py:199; src/application/xauusd_trading_strategy_1_vector/replay.py:250; src/application/xauusd_trading_strategy_1_vector/replay.py:300; src/application/xauusd_trading_strategy_1_vector/replay.py:445; src/application/xauusd_trading_strategy_1_vector/replay.py:535; src/application/xauusd_trading_strategy_1_vector/replay.py:703; src/application/xauusd_trading_strategy_1_vector/trace.py:21; src/application/xauusd_trading_strategy_1_vector/trace.py:37; src/application/xauusd_trading_strategy_1_vector/trace.py:64,src/application/xauusd_trading_strategy_1_vector/market.py:32; src/application/xauusd_trading_strategy_1_vector/market.py:42; src/application/xauusd_trading_strategy_1_vector/market.py:53; src/application/xauusd_trading_strategy_1_vector/market.py:95; src/application/xauusd_trading_strategy_1_vector/market.py:163; src/application/xauusd_trading_strategy_1_vector/replay.py:142; src/application/xauusd_trading_strategy_1_vector/replay.py:168; src/application/xauusd_trading_strategy_1_vector/replay.py:199; src/application/xauusd_trading_strategy_1_vector/replay.py:250; src/application/xauusd_trading_strategy_1_vector/replay.py:300; src/application/xauusd_trading_strategy_1_vector/replay.py:445; src/application/xauusd_trading_strategy_1_vector/replay.py:535; src/application/xauusd_trading_strategy_1_vector/replay.py:703; src/application/xauusd_trading_strategy_1_vector/trace.py:21; src/application/xauusd_trading_strategy_1_vector/trace.py:37; src/application/xauusd_trading_strategy_1_vector/trace.py:64,PARTIAL,"2026-09-30 source port: Adds full simulated position net at close, resets daily; native deal economics external. Exact native run parity not yet demonstrated.",declaration; ApprovedStrategyOnTradeTransaction; HandleDayChange
g_daily_realized_gross_loss,MarketState / ExecutionReplay / trace.shared_trace,"mt5/XAUUSD_ROBUST_FINAL_LIVE_RCv2.mq5:1660,2750","mt5/XAUUSD_ROBUST_FINAL_LIVE_RCv2.mq5:241,2750,2790",src/application/xauusd_trading_strategy_1_vector/market.py:32; src/application/xauusd_trading_strategy_1_vector/market.py:42; src/application/xauusd_trading_strategy_1_vector/market.py:53; src/application/xauusd_trading_strategy_1_vector/market.py:95; src/application/xauusd_trading_strategy_1_vector/market.py:163; src/application/xauusd_trading_strategy_1_vector/replay.py:142; src/application/xauusd_trading_strategy_1_vector/replay.py:168; src/application/xauusd_trading_strategy_1_vector/replay.py:199; src/application/xauusd_trading_strategy_1_vector/replay.py:250; src/application/xauusd_trading_strategy_1_vector/replay.py:300; src/application/xauusd_trading_strategy_1_vector/replay.py:445; src/application/xauusd_trading_strategy_1_vector/replay.py:535; src/application/xauusd_trading_strategy_1_vector/replay.py:703; src/application/xauusd_trading_strategy_1_vector/trace.py:21; src/application/xauusd_trading_strategy_1_vector/trace.py:37; src/application/xauusd_trading_strategy_1_vector/trace.py:64,src/application/xauusd_trading_strategy_1_vector/market.py:32; src/application/xauusd_trading_strategy_1_vector/market.py:42; src/application/xauusd_trading_strategy_1_vector/market.py:53; src/application/xauusd_trading_strategy_1_vector/market.py:95; src/application/xauusd_trading_strategy_1_vector/market.py:163; src/application/xauusd_trading_strategy_1_vector/replay.py:142; src/application/xauusd_trading_strategy_1_vector/replay.py:168; src/application/xauusd_trading_strategy_1_vector/replay.py:199; src/application/xauusd_trading_strategy_1_vector/replay.py:250; src/application/xauusd_trading_strategy_1_vector/replay.py:300; src/application/xauusd_trading_strategy_1_vector/replay.py:445; src/application/xauusd_trading_strategy_1_vector/replay.py:535; src/application/xauusd_trading_strategy_1_vector/replay.py:703; src/application/xauusd_trading_strategy_1_vector/trace.py:21; src/application/xauusd_trading_strategy_1_vector/trace.py:37; src/application/xauusd_trading_strategy_1_vector/trace.py:64,PARTIAL,"2026-09-30 source port: Adds max(-position net,0) at close, resets daily. Exact native run parity not yet demonstrated.",declaration; ApprovedStrategyOnTradeTransaction; HandleDayChange
g_daily_stop,MarketState / ExecutionReplay / trace.shared_trace,"mt5/XAUUSD_ROBUST_FINAL_LIVE_RCv2.mq5:1980,2078,2115,2263,2350,2409,2650","mt5/XAUUSD_ROBUST_FINAL_LIVE_RCv2.mq5:242,2673,2791",src/application/xauusd_trading_strategy_1_vector/market.py:32; src/application/xauusd_trading_strategy_1_vector/market.py:42; src/application/xauusd_trading_strategy_1_vector/market.py:53; src/application/xauusd_trading_strategy_1_vector/market.py:95; src/application/xauusd_trading_strategy_1_vector/market.py:163; src/application/xauusd_trading_strategy_1_vector/replay.py:142; src/application/xauusd_trading_strategy_1_vector/replay.py:168; src/application/xauusd_trading_strategy_1_vector/replay.py:199; src/application/xauusd_trading_strategy_1_vector/replay.py:250; src/application/xauusd_trading_strategy_1_vector/replay.py:300; src/application/xauusd_trading_strategy_1_vector/replay.py:445; src/application/xauusd_trading_strategy_1_vector/replay.py:535; src/application/xauusd_trading_strategy_1_vector/replay.py:703; src/application/xauusd_trading_strategy_1_vector/trace.py:21; src/application/xauusd_trading_strategy_1_vector/trace.py:37; src/application/xauusd_trading_strategy_1_vector/trace.py:64,src/application/xauusd_trading_strategy_1_vector/market.py:32; src/application/xauusd_trading_strategy_1_vector/market.py:42; src/application/xauusd_trading_strategy_1_vector/market.py:53; src/application/xauusd_trading_strategy_1_vector/market.py:95; src/application/xauusd_trading_strategy_1_vector/market.py:163; src/application/xauusd_trading_strategy_1_vector/replay.py:142; src/application/xauusd_trading_strategy_1_vector/replay.py:168; src/application/xauusd_trading_strategy_1_vector/replay.py:199; src/application/xauusd_trading_strategy_1_vector/replay.py:250; src/application/xauusd_trading_strategy_1_vector/replay.py:300; src/application/xauusd_trading_strategy_1_vector/replay.py:445; src/application/xauusd_trading_strategy_1_vector/replay.py:535; src/application/xauusd_trading_strategy_1_vector/replay.py:703; src/application/xauusd_trading_strategy_1_vector/trace.py:21; src/application/xauusd_trading_strategy_1_vector/trace.py:37; src/application/xauusd_trading_strategy_1_vector/trace.py:64,PARTIAL,2026-09-30 source port: Sticky daily loss guard with override/QA behavior; cancels active cycles. Exact native run parity not yet demonstrated.,declaration; CheckDailyLossGuard; HandleDayChange
g_daily_would_trigger_logged,MarketState / ExecutionReplay / trace.shared_trace,mt5/XAUUSD_ROBUST_FINAL_LIVE_RCv2.mq5:2663,"mt5/XAUUSD_ROBUST_FINAL_LIVE_RCv2.mq5:243,2669,2792",src/application/xauusd_trading_strategy_1_vector/market.py:32; src/application/xauusd_trading_strategy_1_vector/market.py:42; src/application/xauusd_trading_strategy_1_vector/market.py:53; src/application/xauusd_trading_strategy_1_vector/market.py:95; src/application/xauusd_trading_strategy_1_vector/market.py:163; src/application/xauusd_trading_strategy_1_vector/replay.py:142; src/application/xauusd_trading_strategy_1_vector/replay.py:168; src/application/xauusd_trading_strategy_1_vector/replay.py:199; src/application/xauusd_trading_strategy_1_vector/replay.py:250; src/application/xauusd_trading_strategy_1_vector/replay.py:300; src/application/xauusd_trading_strategy_1_vector/replay.py:445; src/application/xauusd_trading_strategy_1_vector/replay.py:535; src/application/xauusd_trading_strategy_1_vector/replay.py:703; src/application/xauusd_trading_strategy_1_vector/trace.py:21; src/application/xauusd_trading_strategy_1_vector/trace.py:37; src/application/xauusd_trading_strategy_1_vector/trace.py:64,src/application/xauusd_trading_strategy_1_vector/market.py:32; src/application/xauusd_trading_strategy_1_vector/market.py:42; src/application/xauusd_trading_strategy_1_vector/market.py:53; src/application/xauusd_trading_strategy_1_vector/market.py:95; src/application/xauusd_trading_strategy_1_vector/market.py:163; src/application/xauusd_trading_strategy_1_vector/replay.py:142; src/application/xauusd_trading_strategy_1_vector/replay.py:168; src/application/xauusd_trading_strategy_1_vector/replay.py:199; src/application/xauusd_trading_strategy_1_vector/replay.py:250; src/application/xauusd_trading_strategy_1_vector/replay.py:300; src/application/xauusd_trading_strategy_1_vector/replay.py:445; src/application/xauusd_trading_strategy_1_vector/replay.py:535; src/application/xauusd_trading_strategy_1_vector/replay.py:703; src/application/xauusd_trading_strategy_1_vector/trace.py:21; src/application/xauusd_trading_strategy_1_vector/trace.py:37; src/application/xauusd_trading_strategy_1_vector/trace.py:64,PARTIAL,2026-09-30 source port: QA would-trigger latch resets daily. Exact native run parity not yet demonstrated.,declaration; CheckDailyLossGuard; HandleDayChange
g_visual_prefix,NOT_IMPLEMENTED,"mt5/XAUUSD_ROBUST_FINAL_LIVE_RCv2.mq5:782,794,809,826,1042",mt5/XAUUSD_ROBUST_FINAL_LIVE_RCv2.mq5:244,NOT_IMPLEMENTED,NOT_IMPLEMENTED,ABSENT,Constant-in-practice chart-object prefix used for naming and cleanup.,declaration
g_session_preclose_active,ExecutionReplay session fields / trace.shared_trace,"mt5/XAUUSD_ROBUST_FINAL_LIVE_RCv2.mq5:531,536","mt5/XAUUSD_ROBUST_FINAL_LIVE_RCv2.mq5:245,646,667,674",src/application/xauusd_trading_strategy_1_vector/market.py:32; src/application/xauusd_trading_strategy_1_vector/market.py:42; src/application/xauusd_trading_strategy_1_vector/market.py:53; src/application/xauusd_trading_strategy_1_vector/market.py:95; src/application/xauusd_trading_strategy_1_vector/market.py:163; src/application/xauusd_trading_strategy_1_vector/replay.py:142; src/application/xauusd_trading_strategy_1_vector/replay.py:168; src/application/xauusd_trading_strategy_1_vector/replay.py:199; src/application/xauusd_trading_strategy_1_vector/replay.py:250; src/application/xauusd_trading_strategy_1_vector/replay.py:300; src/application/xauusd_trading_strategy_1_vector/replay.py:445; src/application/xauusd_trading_strategy_1_vector/replay.py:535; src/application/xauusd_trading_strategy_1_vector/replay.py:703; src/application/xauusd_trading_strategy_1_vector/trace.py:21; src/application/xauusd_trading_strategy_1_vector/trace.py:37; src/application/xauusd_trading_strategy_1_vector/trace.py:64,src/application/xauusd_trading_strategy_1_vector/market.py:32; src/application/xauusd_trading_strategy_1_vector/market.py:42; src/application/xauusd_trading_strategy_1_vector/market.py:53; src/application/xauusd_trading_strategy_1_vector/market.py:95; src/application/xauusd_trading_strategy_1_vector/market.py:163; src/application/xauusd_trading_strategy_1_vector/replay.py:142; src/application/xauusd_trading_strategy_1_vector/replay.py:168; src/application/xauusd_trading_strategy_1_vector/replay.py:199; src/application/xauusd_trading_strategy_1_vector/replay.py:250; src/application/xauusd_trading_strategy_1_vector/replay.py:300; src/application/xauusd_trading_strategy_1_vector/replay.py:445; src/application/xauusd_trading_strategy_1_vector/replay.py:535; src/application/xauusd_trading_strategy_1_vector/replay.py:703; src/application/xauusd_trading_strategy_1_vector/trace.py:21; src/application/xauusd_trading_strategy_1_vector/trace.py:37; src/application/xauusd_trading_strategy_1_vector/trace.py:64,PARTIAL,"Explicit start/end windows determine containing session, gaps, overnight carry-audit key and cutoff-once behavior; active window fields persist outside sessions. Native SymbolInfoSessionTrade acquisition still external. End-only legacy configuration assumes midnight start.",declaration; ManageSessionSafety
g_restart_lock,MarketState / ExecutionReplay / trace.shared_trace,"mt5/XAUUSD_ROBUST_FINAL_LIVE_RCv2.mq5:1980,2115,2350,2939","mt5/XAUUSD_ROBUST_FINAL_LIVE_RCv2.mq5:246,1555,2787",src/application/xauusd_trading_strategy_1_vector/market.py:32; src/application/xauusd_trading_strategy_1_vector/market.py:42; src/application/xauusd_trading_strategy_1_vector/market.py:53; src/application/xauusd_trading_strategy_1_vector/market.py:95; src/application/xauusd_trading_strategy_1_vector/market.py:163; src/application/xauusd_trading_strategy_1_vector/replay.py:142; src/application/xauusd_trading_strategy_1_vector/replay.py:168; src/application/xauusd_trading_strategy_1_vector/replay.py:199; src/application/xauusd_trading_strategy_1_vector/replay.py:250; src/application/xauusd_trading_strategy_1_vector/replay.py:300; src/application/xauusd_trading_strategy_1_vector/replay.py:445; src/application/xauusd_trading_strategy_1_vector/replay.py:535; src/application/xauusd_trading_strategy_1_vector/replay.py:703; src/application/xauusd_trading_strategy_1_vector/trace.py:21; src/application/xauusd_trading_strategy_1_vector/trace.py:37; src/application/xauusd_trading_strategy_1_vector/trace.py:64,src/application/xauusd_trading_strategy_1_vector/market.py:32; src/application/xauusd_trading_strategy_1_vector/market.py:42; src/application/xauusd_trading_strategy_1_vector/market.py:53; src/application/xauusd_trading_strategy_1_vector/market.py:95; src/application/xauusd_trading_strategy_1_vector/market.py:163; src/application/xauusd_trading_strategy_1_vector/replay.py:142; src/application/xauusd_trading_strategy_1_vector/replay.py:168; src/application/xauusd_trading_strategy_1_vector/replay.py:199; src/application/xauusd_trading_strategy_1_vector/replay.py:250; src/application/xauusd_trading_strategy_1_vector/replay.py:300; src/application/xauusd_trading_strategy_1_vector/replay.py:445; src/application/xauusd_trading_strategy_1_vector/replay.py:535; src/application/xauusd_trading_strategy_1_vector/replay.py:703; src/application/xauusd_trading_strategy_1_vector/trace.py:21; src/application/xauusd_trading_strategy_1_vector/trace.py:37; src/application/xauusd_trading_strategy_1_vector/trace.py:64,PARTIAL,2026-09-30 source port: Explicit restart_days and exposure-aware fresh start; native history discovery absent. Exact native run parity not yet demonstrated.,declaration; DetectSameDayRestartFailClosed; HandleDayChange
g_last_new_order_bar,MarketState / ExecutionReplay / trace.shared_trace,mt5/XAUUSD_ROBUST_FINAL_LIVE_RCv2.mq5:1491,"mt5/XAUUSD_ROBUST_FINAL_LIVE_RCv2.mq5:247,1492,2788",src/application/xauusd_trading_strategy_1_vector/market.py:32; src/application/xauusd_trading_strategy_1_vector/market.py:42; src/application/xauusd_trading_strategy_1_vector/market.py:53; src/application/xauusd_trading_strategy_1_vector/market.py:95; src/application/xauusd_trading_strategy_1_vector/market.py:163; src/application/xauusd_trading_strategy_1_vector/replay.py:142; src/application/xauusd_trading_strategy_1_vector/replay.py:168; src/application/xauusd_trading_strategy_1_vector/replay.py:199; src/application/xauusd_trading_strategy_1_vector/replay.py:250; src/application/xauusd_trading_strategy_1_vector/replay.py:300; src/application/xauusd_trading_strategy_1_vector/replay.py:445; src/application/xauusd_trading_strategy_1_vector/replay.py:535; src/application/xauusd_trading_strategy_1_vector/replay.py:703; src/application/xauusd_trading_strategy_1_vector/trace.py:21; src/application/xauusd_trading_strategy_1_vector/trace.py:37; src/application/xauusd_trading_strategy_1_vector/trace.py:64,src/application/xauusd_trading_strategy_1_vector/market.py:32; src/application/xauusd_trading_strategy_1_vector/market.py:42; src/application/xauusd_trading_strategy_1_vector/market.py:53; src/application/xauusd_trading_strategy_1_vector/market.py:95; src/application/xauusd_trading_strategy_1_vector/market.py:163; src/application/xauusd_trading_strategy_1_vector/replay.py:142; src/application/xauusd_trading_strategy_1_vector/replay.py:168; src/application/xauusd_trading_strategy_1_vector/replay.py:199; src/application/xauusd_trading_strategy_1_vector/replay.py:250; src/application/xauusd_trading_strategy_1_vector/replay.py:300; src/application/xauusd_trading_strategy_1_vector/replay.py:445; src/application/xauusd_trading_strategy_1_vector/replay.py:535; src/application/xauusd_trading_strategy_1_vector/replay.py:703; src/application/xauusd_trading_strategy_1_vector/trace.py:21; src/application/xauusd_trading_strategy_1_vector/trace.py:37; src/application/xauusd_trading_strategy_1_vector/trace.py:64,PARTIAL,2026-09-30 source port: Optional shared attempted bar stored before broker attempt; precheck rejection does not consume slot; default disabled. Exact native run parity not yet demonstrated.,declaration; ClaimGlobalEntrySlot; HandleDayChange
g_session_cutoff_key,ExecutionReplay session fields / trace.shared_trace,mt5/XAUUSD_ROBUST_FINAL_LIVE_RCv2.mq5:679,"mt5/XAUUSD_ROBUST_FINAL_LIVE_RCv2.mq5:248,681",src/application/xauusd_trading_strategy_1_vector/market.py:32; src/application/xauusd_trading_strategy_1_vector/market.py:42; src/application/xauusd_trading_strategy_1_vector/market.py:53; src/application/xauusd_trading_strategy_1_vector/market.py:95; src/application/xauusd_trading_strategy_1_vector/market.py:163; src/application/xauusd_trading_strategy_1_vector/replay.py:142; src/application/xauusd_trading_strategy_1_vector/replay.py:168; src/application/xauusd_trading_strategy_1_vector/replay.py:199; src/application/xauusd_trading_strategy_1_vector/replay.py:250; src/application/xauusd_trading_strategy_1_vector/replay.py:300; src/application/xauusd_trading_strategy_1_vector/replay.py:445; src/application/xauusd_trading_strategy_1_vector/replay.py:535; src/application/xauusd_trading_strategy_1_vector/replay.py:703; src/application/xauusd_trading_strategy_1_vector/trace.py:21; src/application/xauusd_trading_strategy_1_vector/trace.py:37; src/application/xauusd_trading_strategy_1_vector/trace.py:64,src/application/xauusd_trading_strategy_1_vector/market.py:32; src/application/xauusd_trading_strategy_1_vector/market.py:42; src/application/xauusd_trading_strategy_1_vector/market.py:53; src/application/xauusd_trading_strategy_1_vector/market.py:95; src/application/xauusd_trading_strategy_1_vector/market.py:163; src/application/xauusd_trading_strategy_1_vector/replay.py:142; src/application/xauusd_trading_strategy_1_vector/replay.py:168; src/application/xauusd_trading_strategy_1_vector/replay.py:199; src/application/xauusd_trading_strategy_1_vector/replay.py:250; src/application/xauusd_trading_strategy_1_vector/replay.py:300; src/application/xauusd_trading_strategy_1_vector/replay.py:445; src/application/xauusd_trading_strategy_1_vector/replay.py:535; src/application/xauusd_trading_strategy_1_vector/replay.py:703; src/application/xauusd_trading_strategy_1_vector/trace.py:21; src/application/xauusd_trading_strategy_1_vector/trace.py:37; src/application/xauusd_trading_strategy_1_vector/trace.py:64,PARTIAL,"Explicit start/end windows determine containing session, gaps, overnight carry-audit key and cutoff-once behavior; active window fields persist outside sessions. Native SymbolInfoSessionTrade acquisition still external. End-only legacy configuration assumes midnight start.",declaration; ManageSessionSafety
g_session_active_window_key,ExecutionReplay session fields / trace.shared_trace,mt5/XAUUSD_ROBUST_FINAL_LIVE_RCv2.mq5:650,"mt5/XAUUSD_ROBUST_FINAL_LIVE_RCv2.mq5:249,652",src/application/xauusd_trading_strategy_1_vector/market.py:32; src/application/xauusd_trading_strategy_1_vector/market.py:42; src/application/xauusd_trading_strategy_1_vector/market.py:53; src/application/xauusd_trading_strategy_1_vector/market.py:95; src/application/xauusd_trading_strategy_1_vector/market.py:163; src/application/xauusd_trading_strategy_1_vector/replay.py:142; src/application/xauusd_trading_strategy_1_vector/replay.py:168; src/application/xauusd_trading_strategy_1_vector/replay.py:199; src/application/xauusd_trading_strategy_1_vector/replay.py:250; src/application/xauusd_trading_strategy_1_vector/replay.py:300; src/application/xauusd_trading_strategy_1_vector/replay.py:445; src/application/xauusd_trading_strategy_1_vector/replay.py:535; src/application/xauusd_trading_strategy_1_vector/replay.py:703; src/application/xauusd_trading_strategy_1_vector/trace.py:21; src/application/xauusd_trading_strategy_1_vector/trace.py:37; src/application/xauusd_trading_strategy_1_vector/trace.py:64,src/application/xauusd_trading_strategy_1_vector/market.py:32; src/application/xauusd_trading_strategy_1_vector/market.py:42; src/application/xauusd_trading_strategy_1_vector/market.py:53; src/application/xauusd_trading_strategy_1_vector/market.py:95; src/application/xauusd_trading_strategy_1_vector/market.py:163; src/application/xauusd_trading_strategy_1_vector/replay.py:142; src/application/xauusd_trading_strategy_1_vector/replay.py:168; src/application/xauusd_trading_strategy_1_vector/replay.py:199; src/application/xauusd_trading_strategy_1_vector/replay.py:250; src/application/xauusd_trading_strategy_1_vector/replay.py:300; src/application/xauusd_trading_strategy_1_vector/replay.py:445; src/application/xauusd_trading_strategy_1_vector/replay.py:535; src/application/xauusd_trading_strategy_1_vector/replay.py:703; src/application/xauusd_trading_strategy_1_vector/trace.py:21; src/application/xauusd_trading_strategy_1_vector/trace.py:37; src/application/xauusd_trading_strategy_1_vector/trace.py:64,PARTIAL,"Explicit start/end windows determine containing session, gaps, overnight carry-audit key and cutoff-once behavior; active window fields persist outside sessions. Native SymbolInfoSessionTrade acquisition still external. End-only legacy configuration assumes midnight start.",declaration; ManageSessionSafety
g_session_active_from,ExecutionReplay session fields / trace.shared_trace,NONE,"mt5/XAUUSD_ROBUST_FINAL_LIVE_RCv2.mq5:250,653",src/application/xauusd_trading_strategy_1_vector/market.py:32; src/application/xauusd_trading_strategy_1_vector/market.py:42; src/application/xauusd_trading_strategy_1_vector/market.py:53; src/application/xauusd_trading_strategy_1_vector/market.py:95; src/application/xauusd_trading_strategy_1_vector/market.py:163; src/application/xauusd_trading_strategy_1_vector/replay.py:142; src/application/xauusd_trading_strategy_1_vector/replay.py:168; src/application/xauusd_trading_strategy_1_vector/replay.py:199; src/application/xauusd_trading_strategy_1_vector/replay.py:250; src/application/xauusd_trading_strategy_1_vector/replay.py:300; src/application/xauusd_trading_strategy_1_vector/replay.py:445; src/application/xauusd_trading_strategy_1_vector/replay.py:535; src/application/xauusd_trading_strategy_1_vector/replay.py:703; src/application/xauusd_trading_strategy_1_vector/trace.py:21; src/application/xauusd_trading_strategy_1_vector/trace.py:37; src/application/xauusd_trading_strategy_1_vector/trace.py:64,src/application/xauusd_trading_strategy_1_vector/market.py:32; src/application/xauusd_trading_strategy_1_vector/market.py:42; src/application/xauusd_trading_strategy_1_vector/market.py:53; src/application/xauusd_trading_strategy_1_vector/market.py:95; src/application/xauusd_trading_strategy_1_vector/market.py:163; src/application/xauusd_trading_strategy_1_vector/replay.py:142; src/application/xauusd_trading_strategy_1_vector/replay.py:168; src/application/xauusd_trading_strategy_1_vector/replay.py:199; src/application/xauusd_trading_strategy_1_vector/replay.py:250; src/application/xauusd_trading_strategy_1_vector/replay.py:300; src/application/xauusd_trading_strategy_1_vector/replay.py:445; src/application/xauusd_trading_strategy_1_vector/replay.py:535; src/application/xauusd_trading_strategy_1_vector/replay.py:703; src/application/xauusd_trading_strategy_1_vector/trace.py:21; src/application/xauusd_trading_strategy_1_vector/trace.py:37; src/application/xauusd_trading_strategy_1_vector/trace.py:64,PARTIAL,"Explicit start/end windows determine containing session, gaps, overnight carry-audit key and cutoff-once behavior; active window fields persist outside sessions. Native SymbolInfoSessionTrade acquisition still external. End-only legacy configuration assumes midnight start.",declaration; ManageSessionSafety
g_session_active_to,ExecutionReplay session fields / trace.shared_trace,NONE,"mt5/XAUUSD_ROBUST_FINAL_LIVE_RCv2.mq5:251,654",src/application/xauusd_trading_strategy_1_vector/market.py:32; src/application/xauusd_trading_strategy_1_vector/market.py:42; src/application/xauusd_trading_strategy_1_vector/market.py:53; src/application/xauusd_trading_strategy_1_vector/market.py:95; src/application/xauusd_trading_strategy_1_vector/market.py:163; src/application/xauusd_trading_strategy_1_vector/replay.py:142; src/application/xauusd_trading_strategy_1_vector/replay.py:168; src/application/xauusd_trading_strategy_1_vector/replay.py:199; src/application/xauusd_trading_strategy_1_vector/replay.py:250; src/application/xauusd_trading_strategy_1_vector/replay.py:300; src/application/xauusd_trading_strategy_1_vector/replay.py:445; src/application/xauusd_trading_strategy_1_vector/replay.py:535; src/application/xauusd_trading_strategy_1_vector/replay.py:703; src/application/xauusd_trading_strategy_1_vector/trace.py:21; src/application/xauusd_trading_strategy_1_vector/trace.py:37; src/application/xauusd_trading_strategy_1_vector/trace.py:64,src/application/xauusd_trading_strategy_1_vector/market.py:32; src/application/xauusd_trading_strategy_1_vector/market.py:42; src/application/xauusd_trading_strategy_1_vector/market.py:53; src/application/xauusd_trading_strategy_1_vector/market.py:95; src/application/xauusd_trading_strategy_1_vector/market.py:163; src/application/xauusd_trading_strategy_1_vector/replay.py:142; src/application/xauusd_trading_strategy_1_vector/replay.py:168; src/application/xauusd_trading_strategy_1_vector/replay.py:199; src/application/xauusd_trading_strategy_1_vector/replay.py:250; src/application/xauusd_trading_strategy_1_vector/replay.py:300; src/application/xauusd_trading_strategy_1_vector/replay.py:445; src/application/xauusd_trading_strategy_1_vector/replay.py:535; src/application/xauusd_trading_strategy_1_vector/replay.py:703; src/application/xauusd_trading_strategy_1_vector/trace.py:21; src/application/xauusd_trading_strategy_1_vector/trace.py:37; src/application/xauusd_trading_strategy_1_vector/trace.py:64,PARTIAL,"Explicit start/end windows determine containing session, gaps, overnight carry-audit key and cutoff-once behavior; active window fields persist outside sessions. Native SymbolInfoSessionTrade acquisition still external. End-only legacy configuration assumes midnight start.",declaration; ManageSessionSafety
